eventID,nswprice,nswdemand,vicprice,vicdemand,transfer
088482830170213,0.028612,0.174204,0.001845,0.27913,0.769298
088482830191489,0.027741,0.18194,0.001784,0.274728,0.8
088482830212766,0.028672,0.203065,0.001824,0.28405,0.804825
088482830234043,0.030323,0.24695,0.001942,0.310461,0.787281
088482830255319,0.040681,0.33978,0.002636,0.374158,0.663596
088482830276596,0.043383,0.437816,0.00273,0.43941,0.611404
088482830297872,0.034676,0.470842,0.002308,0.485241,0.484649
088482830319149,0.037378,0.54582,0.002532,0.558519,0.436404
088482830340426,0.034526,0.568581,0.002385,0.589591,0.424561
088482830361702,0.033866,0.576465,0.002302,0.596323,0.436404
088482830382979,0.029572,0.592086,0.002009,0.596064,0.415789
088482830404255,0.029693,0.590598,0.002,0.597359,0.376316
088482830425532,0.029693,0.590152,0.002009,0.594252,0.395614
088482830446809,0.029512,0.585391,0.002009,0.589332,0.392105
088482830468085,0.034376,0.583755,0.002347,0.592698,0.424123
088482830489362,0.038069,0.585094,0.002607,0.587778,0.437281
088482830510638,0.036838,0.579887,0.00252,0.568099,0.439912
088482830531915,0.033175,0.566944,0.002223,0.56784,0.425
088482830553191,0.037438,0.565903,0.002574,0.577939,0.43114
088482830574468,0.035757,0.564713,0.002457,0.573796,0.416228
088482830595745,0.029212,0.554894,0.002015,0.564992,0.382456
088482830617021,0.029242,0.548944,0.002025,0.559296,0.399561
088482830638298,0.029122,0.545373,0.002007,0.541429,0.439035
088482830659574,0.030893,0.567242,0.002117,0.539358,0.426316
088482830680851,0.034947,0.58911,0.002393,0.549456,0.436404
088482830702128,0.036628,0.625409,0.002507,0.57276,0.426316
088482830723404,0.03954,0.670039,0.002709,0.621699,0.41886
088482830744681,0.03912,0.716602,0.00268,0.680994,0.369737
088482830765957,0.037799,0.696073,0.002584,0.685396,0.36886
088482830787234,0.036027,0.660666,0.002455,0.64552,0.385965
088482830808511,0.032965,0.609194,0.002243,0.603055,0.361842
088482830829787,0.030743,0.578846,0.002098,0.568099,0.410965
088482830851064,0.029182,0.546712,0.001992,0.542983,0.437281
08848283087234,0.029783,0.522017,0.002032,0.508027,0.466667
088482830893617,0.027291,0.479322,0.001859,0.472812,0.520614
088482830914894,0.027111,0.436626,0.00183,0.443294,0.559649
08848283093617,0.031584,0.475602,0.002044,0.408079,0.627193
088482830957447,0.029122,0.489289,0.001865,0.389694,0.615351
088482830978723,0.033175,0.488248,0.002181,0.445883,0.639474
0884828310,0.037168,0.478132,0.002401,0.436561,0.696053
0889253400,0.03975,0.468759,0.002482,0.397204,0.69693
088925340021277,0.042662,0.447932,0.002665,0.368721,0.70307
088925340042553,0.0523,0.411485,0.003405,0.427499,0.641667
08892534006383,0.046685,0.358524,0.003022,0.416106,0.691667
088925340085106,0.042092,0.301547,0.002707,0.382444,0.725439
088925340106383,0.036808,0.256025,0.002368,0.347229,0.750877
08892534012766,0.028522,0.213924,0.00183,0.326774,0.755702
088925340148936,0.028552,0.186552,0.001789,0.3058,0.787719
088925340170213,0.028822,0.176436,0.00183,0.299845,0.803509
088925340191489,0.028462,0.17465,0.00177,0.280943,0.809649
088925340212766,0.029062,0.202767,0.001786,0.284568,0.809649
088925340234043,0.030473,0.242041,0.001944,0.307095,0.780702
088925340255319,0.042482,0.342458,0.002744,0.366132,0.709649
088925340276596,0.044734,0.435287,0.002933,0.44666,0.571491
088925340297872,0.029362,0.458197,0.001967,0.484723,0.495614
088925340319149,0.029332,0.52053,0.00199,0.541429,0.400877
088925340340426,0.029152,0.533175,0.001982,0.573278,0.382456
088925340361702,0.028942,0.525141,0.001973,0.571207,0.382018
088925340382979,0.028942,0.542249,0.001988,0.578457,0.389035
088925340404255,0.028942,0.547754,0.001996,0.566546,0.399561
088925340425532,0.028942,0.546415,0.001986,0.555412,0.420175
088925340446809,0.028732,0.534365,0.001971,0.546349,0.441667
088925340468085,0.027591,0.525141,0.001901,0.534697,0.419298
088925340489362,0.027321,0.518744,0.001888,0.529259,0.421053
088925340510638,0.027321,0.513686,0.001884,0.515018,0.45
088925340531915,0.027981,0.508331,0.001919,0.509322,0.472368
088925340553191,0.028942,0.504463,0.001973,0.52434,0.473246
088925340574468,0.028702,0.497471,0.001957,0.523563,0.489912
088925340595745,0.027141,0.494198,0.001872,0.513982,0.404386
088925340617021,0.027141,0.485123,0.001874,0.503625,0.423246
088925340638298,0.027141,0.4759,0.001872,0.503625,0.424561
088925340659574,0.027171,0.476346,0.001876,0.518384,0.399123
088925340680851,0.027261,0.486909,0.001882,0.523822,0.419298
088925340702128,0.027741,0.50476,0.001921,0.559037,0.384211
088925340723404,0.028221,0.552217,0.00199,0.6116,0.361842
088925340744681,0.028942,0.626004,0.002052,0.665199,0.307895
088925340765957,0.029032,0.625855,0.001971,0.645262,0.311404
088925340787234,0.028942,0.602053,0.001973,0.612636,0.364035
088925340808511,0.028221,0.559209,0.001948,0.569653,0.403947
088925340829787,0.027351,0.530646,0.00189,0.539358,0.446491
088925340851064,0.027471,0.506992,0.001888,0.509839,0.482895
08892534087234,0.027201,0.488099,0.001849,0.475919,0.502632
088925340893617,0.027111,0.449717,0.001822,0.444847,0.546491
088925340914894,0.02579,0.413567,0.001741,0.410927,0.515789
08892534093617,0.029212,0.465635,0.001861,0.381668,0.595175
088925340957447,0.027921,0.480363,0.001805,0.354997,0.642982
088925340978723,0.031854,0.482446,0.002069,0.417659,0.626316
0889253410,0.033986,0.483785,0.002181,0.416624,0.65614
0893677500,0.036388,0.473669,0.0023,0.386069,0.705702
089367750021277,0.038099,0.455668,0.002399,0.363801,0.714474
089367750042553,0.041672,0.414311,0.002665,0.422579,0.677193
08936775006383,0.042332,0.367004,0.00264,0.415329,0.675
089367750085106,0.035157,0.309134,0.00226,0.375971,0.753509
089367750106383,0.034556,0.2651,0.002212,0.353962,0.729825
08936775012766,0.029903,0.222255,0.001915,0.323666,0.765789
089367750148936,0.029032,0.193395,0.001859,0.318747,0.780702
089367750170213,0.028792,0.180303,0.001828,0.302952,0.808333
089367750191489,0.028702,0.183576,0.001795,0.300363,0.818421
089367750212766,0.031524,0.210949,0.002019,0.296479,0.755702
089367750234043,0.034016,0.259149,0.002185,0.314086,0.716667
089367750255319,0.047076,0.35064,0.003056,0.384775,0.630263
089367750276596,0.058364,0.450461,0.003857,0.460642,0.502193
089367750297872,0.033866,0.470842,0.0023,0.50492,0.358772
089367750319149,0.031224,0.524546,0.002162,0.576126,0.300877
089367750340426,0.029152,0.540315,0.002021,0.604091,0.289474
089367750361702,0.029122,0.524695,0.002011,0.613413,0.294737
089367750382979,0.028942,0.50238,0.002021,0.622475,0.316228
089367750404255,0.028942,0.487355,0.002042,0.613931,0.325
089367750425532,0.028702,0.505207,0.002023,0.60202,0.331579
089367750446809,0.028582,0.517257,0.002021,0.602538,0.326316
089367750468085,0.028882,0.509819,0.002036,0.59943,0.35
089367750489362,0.028912,0.502975,0.002036,0.59477,0.296491
089367750510638,0.028852,0.497917,0.002029,0.585189,0.313158
089367750531915,0.028191,0.490479,0.001984,0.58493,0.270614
089367750553191,0.028852,0.492264,0.002048,0.613154,0.248246
089367750574468,0.029002,0.487206,0.002061,0.618591,0.230263
089367750595745,0.029092,0.477239,0.002056,0.608493,0.237719
089367750617021,0.028942,0.467569,0.00205,0.605904,0.237719
089367750638298,0.027981,0.465486,0.001978,0.594252,0.241228
089367750659574,0.028822,0.470247,0.00204,0.603055,0.232456
089367750680851,0.029362,0.484975,0.002075,0.6116,0.215351
089367750702128,0.029843,0.511604,0.002117,0.64319,0.196053
089367750723404,0.033025,0.559209,0.002333,0.676334,0.187281
089367750744681,0.035937,0.630765,0.002528,0.734076,0.130263
089367750765957,0.035907,0.628236,0.002507,0.727084,0.2
089367750787234,0.031764,0.601607,0.002206,0.683584,0.257895
089367750808511,0.029993,0.563076,0.002081,0.636717,0.301316
089367750829787,0.034166,0.537489,0.002383,0.614966,0.283333
089367750851064,0.032785,0.522017,0.002289,0.588555,0.289035
08936775087234,0.032785,0.50476,0.002291,0.560849,0.350877
089367750893617,0.028852,0.458346,0.001996,0.520456,0.388596
089367750914894,0.027291,0.419964,0.001882,0.4855,0.407018
08936775093617,0.030173,0.462362,0.002044,0.454169,0.540351
089367750957447,0.029152,0.479024,0.001942,0.429311,0.553509
089367750978723,0.038639,0.483933,0.002586,0.481098,0.511842
0893677510,0.037288,0.482148,0.002462,0.461678,0.628947
0898102600,0.048727,0.470544,0.003199,0.436044,0.667544
089810260021277,0.041942,0.45537,0.002732,0.413775,0.686404
089810260042553,0.058965,0.418625,0.00388,0.472035,0.589035
08981026006383,0.048457,0.367004,0.003184,0.455981,0.622368
089810260085106,0.03984,0.306754,0.002601,0.419472,0.644737
089810260106383,0.041131,0.264058,0.002665,0.386846,0.673684
08981026012766,0.043023,0.219429,0.0028,0.348006,0.629825
089810260148936,0.043923,0.195031,0.002862,0.323666,0.626754
089810260170213,0.0393,0.180006,0.002572,0.315122,0.588596
089810260191489,0.031104,0.179113,0.00205,0.302175,0.602632
089810260212766,0.031254,0.212139,0.002069,0.305541,0.570614
089810260234043,0.032845,0.25424,0.002189,0.327809,0.559211
089810260255319,0.082923,0.35421,0.00555,0.392543,0.480702
089810260276596,0.155728,0.448527,0.010633,0.475142,0.22807
089810260297872,0.092951,0.484826,0.006581,0.519679,0.079386
089810260319149,0.122493,0.549093,0.008758,0.573796,0.060965
089810260340426,0.106311,0.570961,0.007603,0.641378,0.104386
089810260361702,0.274258,0.562035,0.019798,0.628431,0.098246
089810260382979,0.059385,0.564267,0.004242,0.631279,0.161842
089810260404255,0.036538,0.55787,0.002559,0.620663,0.260526
089810260425532,0.031344,0.544927,0.002162,0.569653,0.292544
089810260446809,0.030473,0.529009,0.002119,0.595287,0.325877
089810260468085,0.029753,0.520827,0.002077,0.58726,0.315789
089810260489362,0.028942,0.512199,0.002021,0.577421,0.332456
089810260510638,0.028912,0.50119,0.002023,0.561367,0.342105
089810260531915,0.028612,0.493454,0.002005,0.559296,0.283333
089810260553191,0.029723,0.483487,0.00209,0.581564,0.246053
089810260574468,0.031854,0.477685,0.002243,0.582859,0.230263
089810260595745,0.029843,0.467718,0.002106,0.566805,0.256579
089810260617021,0.028852,0.454775,0.002048,0.557742,0.269298
089810260638298,0.027351,0.442874,0.001924,0.538581,0.339474
089810260659574,0.027141,0.450461,0.001894,0.527188,0.380702
089810260680851,0.027141,0.465933,0.001892,0.535733,0.397807
089810260702128,0.027981,0.499405,0.001942,0.554894,0.42807
089810260723404,0.030473,0.556233,0.00209,0.588814,0.428947
089810260744681,0.033926,0.632104,0.002304,0.65303,0.392105
089810260765957,0.037979,0.635525,0.00257,0.673485,0.395175
089810260787234,0.036568,0.616037,0.002468,0.642672,0.417105
089810260808511,0.035667,0.577358,0.002426,0.605127,0.374561
089810260829787,0.035517,0.551473,0.00243,0.564733,0.397368
089810260851064,0.036898,0.538679,0.00254,0.538322,0.390789
08981026087234,0.035727,0.524398,0.002472,0.515795,0.372807
089810260893617,0.028071,0.487652,0.001951,0.474107,0.410088
089810260914894,0.027141,0.451949,0.001888,0.440186,0.39693
08981026093617,0.068242,0.502678,0.004699,0.423097,0.535965
089810260957447,0.071815,0.525736,0.004859,0.409891,0.478509
089810260978723,0.091179,0.52172,0.006174,0.464785,0.484211
0898102610,0.094782,0.511009,0.006315,0.444588,0.554386
0902526700,0.074397,0.485421,0.004927,0.415588,0.617544
090252670021277,0.076768,0.468759,0.005068,0.393061,0.577193
090252670042553,0.074306,0.428444,0.004942,0.440445,0.542544
09025267006383,0.073856,0.370723,0.004902,0.422838,0.536404
090252670085106,0.071334,0.315382,0.004707,0.386328,0.59386
090252670106383,0.058544,0.263612,0.00386,0.355256,0.577632
09025267012766,0.046866,0.218685,0.003089,0.326256,0.640351
090252670148936,0.045605,0.185808,0.002989,0.309684,0.639474
090252670170213,0.030803,0.165129,0.002,0.290523,0.672807
090252670191489,0.031254,0.156501,0.002015,0.273951,0.728947
090252670212766,0.031764,0.162749,0.002038,0.256603,0.741667
090252670234043,0.030984,0.176584,0.001986,0.253496,0.743421
090252670255319,0.032094,0.218387,0.002065,0.264371,0.737281
090252670276596,0.031824,0.262868,0.002056,0.280166,0.673684
090252670297872,0.050378,0.332937,0.003245,0.2768,0.745614
090252670319149,0.09211,0.421006,0.00591,0.302693,0.698246
090252670340426,0.107242,0.49152,0.006928,0.350596,0.74386
090252670361702,0.17077,0.526927,0.011086,0.381409,0.685965
090252670382979,0.15789,0.544332,0.010386,0.404972,0.648246
090252670404255,0.124445,0.534662,0.008249,0.404454,0.608772
090252670425532,0.076768,0.517406,0.005108,0.395391,0.598246
090252670446809,0.074306,0.493157,0.004952,0.387882,0.567982
090252670468085,0.050228,0.47114,0.003353,0.373641,0.539035
090252670489362,0.047226,0.449569,0.003135,0.369757,0.572368
090252670510638,0.040711,0.421303,0.00268,0.353703,0.576316
090252670531915,0.03954,0.4036,0.002601,0.35448,0.562719
090252670553191,0.037709,0.377269,0.002493,0.363283,0.547807
090252670574468,0.032245,0.358227,0.002131,0.35448,0.519298
090252670595745,0.030383,0.349896,0.002005,0.340497,0.525877
090252670617021,0.029663,0.3374,0.001957,0.328586,0.529825
090252670638298,0.029392,0.341119,0.001938,0.315898,0.53114
090252670659574,0.029783,0.348855,0.001961,0.32755,0.548684
090252670680851,0.031164,0.369087,0.002046,0.323149,0.59386
090252670702128,0.038099,0.427998,0.002499,0.351372,0.557456
090252670723404,0.044104,0.494347,0.002902,0.4029,0.494737
090252670744681,0.084604,0.611723,0.005681,0.490161,0.392544
090252670765957,0.077459,0.619458,0.005233,0.509839,0.379386
090252670787234,0.070854,0.608896,0.004765,0.489384,0.428509
090252670808511,0.070133,0.571556,0.004678,0.463749,0.468421
090252670829787,0.085775,0.542398,0.005702,0.430347,0.499561
090252670851064,0.072505,0.509521,0.004792,0.409891,0.523246
09025267087234,0.06551,0.49152,0.004308,0.385552,0.546053
090252670893617,0.062808,0.471586,0.004117,0.36639,0.582018
090252670914894,0.046776,0.437221,0.003068,0.348524,0.595614
09025267093617,0.056593,0.457304,0.003708,0.337131,0.628947
090252670957447,0.048937,0.451354,0.003205,0.343086,0.59386
090252670978723,0.061036,0.446593,0.004028,0.393061,0.538158
0902526710,0.040561,0.415799,0.002678,0.372087,0.575439
0885049100,0.043083,0.390509,0.002829,0.367167,0.57807
088504910021277,0.037799,0.342904,0.00248,0.350596,0.589474
088504910042553,0.040201,0.311961,0.002659,0.403418,0.510526
08850491006383,0.036868,0.267331,0.002437,0.377007,0.566228
088504910085106,0.031914,0.222702,0.002092,0.342569,0.584649
088504910106383,0.030743,0.191312,0.002009,0.318747,0.592982
08850491012766,0.030473,0.16632,0.00199,0.297773,0.584649
088504910148936,0.029512,0.1446,0.001926,0.282755,0.602632
088504910170213,0.028972,0.13136,0.001886,0.259192,0.669298
088504910191489,0.028762,0.126897,0.00187,0.236406,0.725
088504910212766,0.028372,0.127938,0.001838,0.215691,0.756579
088504910234043,0.028011,0.141178,0.001813,0.20145,0.79386
088504910255319,0.027591,0.169295,0.00178,0.194718,0.784649
088504910276596,0.028462,0.194139,0.001832,0.194459,0.797807
088504910297872,0.028822,0.243231,0.00092,0.159762,0.831579
088504910319149,0.030803,0.321928,0.001942,0.188762,0.823246
088504910340426,0.037198,0.390062,0.002349,0.226049,0.787281
088504910361702,0.042422,0.449866,0.0027,0.262817,0.797807
088504910382979,0.041912,0.480512,0.002676,0.285344,0.766667
088504910404255,0.041762,0.485867,0.002676,0.282496,0.750877
088504910425532,0.041221,0.47709,0.002648,0.284568,0.721053
088504910446809,0.040771,0.453585,0.002628,0.286639,0.751316
088504910468085,0.035997,0.429783,0.00231,0.282755,0.726754
088504910489362,0.031344,0.407914,0.002019,0.269032,0.690789
088504910510638,0.030924,0.380393,0.002,0.278612,0.652632
088504910531915,0.029512,0.348111,0.001909,0.270844,0.656579
088504910553191,0.029242,0.321035,0.001903,0.283791,0.627632
088504910574468,0.029152,0.299316,0.001762,0.267996,0.634211
088504910595745,0.029002,0.283844,0.001629,0.249871,0.634211
088504910617021,0.028762,0.272092,0.001843,0.243397,0.652193
088504910638298,0.029122,0.270158,0.001899,0.23304,0.590789
088504910659574,0.029242,0.284439,0.001917,0.237442,0.597807
088504910680851,0.029182,0.306159,0.001919,0.245728,0.571491
088504910702128,0.029903,0.356144,0.001961,0.273692,0.592105
088504910723404,0.032575,0.431568,0.002131,0.325738,0.550877
088504910744681,0.090819,0.534811,0.006028,0.411445,0.496053
088504910765957,0.111174,0.577358,0.007455,0.43941,0.486842
088504910787234,0.087937,0.565754,0.005893,0.431901,0.491228
088504910808511,0.097874,0.551324,0.006548,0.412998,0.535965
088504910829787,0.136003,0.538084,0.009076,0.400311,0.540351
088504910851064,0.102048,0.52529,0.006811,0.384516,0.595175
08850491087234,0.107692,0.509521,0.007144,0.374417,0.589912
088504910893617,0.073015,0.473371,0.00483,0.349042,0.575877
088504910914894,0.059115,0.43737,0.003916,0.32755,0.559211
08850491093617,0.0659,0.45418,0.00436,0.313309,0.591667
088504910957447,0.055512,0.437816,0.003675,0.300104,0.574561
088504910978723,0.061066,0.420113,0.004071,0.337649,0.529386
0885049110,0.048517,0.380839,0.003236,0.323666,0.561404
0885094200,0.045815,0.368492,0.003024,0.31564,0.589912
088509420021277,0.038009,0.328176,0.002489,0.291818,0.619737
088509420042553,0.040921,0.306605,0.002709,0.357069,0.518421
08850942006383,0.037739,0.274621,0.002489,0.33972,0.613158
088509420085106,0.034856,0.237578,0.002277,0.316157,0.614912
088509420106383,0.033145,0.211247,0.00215,0.280166,0.671491
08850942012766,0.031224,0.184766,0.002002,0.245728,0.661404
088509420148936,0.029843,0.1687,0.001919,0.257639,0.663158
088509420170213,0.034676,0.173907,0.002239,0.252201,0.684211
088509420191489,0.029392,0.176436,0.001899,0.23796,0.717982
088509420212766,0.032755,0.212437,0.002115,0.249871,0.725
088509420234043,0.037468,0.267777,0.00242,0.26696,0.701754
088509420255319,0.06521,0.37831,0.004038,0.337649,0.649123
088509420276596,0.068602,0.48319,0.004292,0.408079,0.509211
088509420297872,0.041371,0.529158,0.002833,0.477991,0.361842
088509420319149,0.051459,0.613954,0.003612,0.555153,0.274561
088509420340426,0.059835,0.636418,0.004231,0.606163,0.204386
088509420361702,0.051129,0.628682,0.003637,0.624547,0.183772
088509420382979,0.040261,0.629872,0.002862,0.640601,0.157018
088509420404255,0.040261,0.630021,0.002858,0.647851,0.180702
088509420425532,0.040261,0.619756,0.002865,0.64552,0.148246
088509420446809,0.040261,0.596995,0.002879,0.638788,0.157895
088509420468085,0.040261,0.577209,0.002883,0.644485,0.118421
088509420489362,0.040261,0.566498,0.0029,0.65536,0.088158
088509420510638,0.040261,0.555638,0.0029,0.64552,0.103947
088509420531915,0.040261,0.544035,0.002908,0.64811,0.065351
088509420553191,0.037468,0.536001,0.002763,0.682548,0.058772
088509420574468,0.038399,0.536001,0.004439,0.682289,0.035965
088509420595745,0.029813,0.52886,0.004516,0.674262,0.091228
088509420617021,0.027861,0.511009,0.004059,0.660798,0.099123
088509420638298,0.035097,0.506248,0.002605,0.641378,0.132895
088509420659574,0.029242,0.515025,0.002092,0.648628,0.124123
088509420680851,0.062357,0.526778,0.004393,0.659762,0.23114
088509420702128,0.128858,0.572449,0.008959,0.675816,0.255263
088509420723404,0.249249,0.650253,0.016984,0.704816,0.35307
088509420744681,0.963612,0.72895,0.065099,0.744692,0.374123
088509420765957,0.388795,0.726867,0.026119,0.711289,0.419298
088509420787234,0.048487,0.700238,0.003297,0.669342,0.245175
088509420808511,0.032275,0.661559,0.002241,0.623252,0.24386
088509420829787,0.040891,0.627641,0.002865,0.582859,0.253947
088509420851064,0.036418,0.602053,0.002559,0.553081,0.261842
08850942087234,0.037979,0.580333,0.002671,0.52175,0.3
088509420893617,0.034226,0.534216,0.002403,0.48291,0.342982
088509420914894,0.030653,0.466528,0.002142,0.443294,0.393421
08850942093617,0.03918,0.50848,0.002698,0.409632,0.489474
088509420957447,0.029993,0.513835,0.002009,0.376748,0.508772
088509420978723,0.03981,0.513538,0.002661,0.433972,0.490789
0885094210,0.044494,0.511157,0.00296,0.410927,0.554825
0885138300,0.055092,0.50357,0.003654,0.388141,0.560526
088513830021277,0.041161,0.487801,0.002721,0.363801,0.585965
088513830042553,0.05269,0.452544,0.003511,0.417659,0.474561
08851383006383,0.047886,0.395864,0.003178,0.401605,0.529386
088513830085106,0.047736,0.338143,0.003139,0.370016,0.606579
088513830106383,0.03996,0.291877,0.002524,0.33014,0.695175
08851383012766,0.040861,0.251562,0.002013,0.302434,0.68114
088513830148936,0.035697,0.21809,0.002312,0.283791,0.665351
088513830170213,0.030263,0.202767,0.001948,0.273175,0.682018
088513830191489,0.029542,0.200089,0.001899,0.270067,0.692982
088513830212766,0.029873,0.228503,0.001917,0.273692,0.699561
088513830234043,0.034977,0.284737,0.002254,0.296479,0.683333
088513830255319,0.042242,0.380393,0.002771,0.361471,0.583333
088513830276596,0.186922,0.483041,0.01243,0.440963,0.484211
088513830297872,0.031734,0.51324,0.002167,0.494303,0.350877
088513830319149,0.034466,0.578251,0.002383,0.568617,0.300877
088513830340426,0.029092,0.585094,0.002015,0.611859,0.259649
088513830361702,0.030533,0.576763,0.002115,0.612895,0.230263
088513830382979,0.032425,0.581523,0.002241,0.618074,0.267105
088513830404255,0.031104,0.572002,0.002164,0.617297,0.235965
088513830425532,0.035367,0.563076,0.002468,0.603832,0.189912
088513830446809,0.029182,0.547456,0.002044,0.596582,0.169298
088513830468085,0.042692,0.532431,0.002997,0.591662,0.2
088513830489362,0.034917,0.518001,0.002462,0.582859,0.225877
088513830510638,0.03915,0.517554,0.002759,0.570689,0.198684
088513830531915,0.033776,0.501934,0.002368,0.562403,0.234211
088513830553191,0.031104,0.497025,0.002171,0.585707,0.196491
088513830574468,0.038459,0.49524,0.002686,0.590627,0.186404
088513830595745,0.040261,0.492115,0.002831,0.578716,0.178947
088513830617021,0.034436,0.481553,0.002418,0.570689,0.194737
088513830638298,0.0399,0.475751,0.0028,0.563956,0.22193
088513830659574,0.035067,0.482297,0.002459,0.561885,0.210965
088513830680851,0.045274,0.507736,0.003199,0.576126,0.184211
088513830702128,0.044704,0.55058,0.003149,0.58726,0.210526
088513830723404,0.188183,0.614252,0.013155,0.641378,0.264474
088513830744681,0.082743,0.669146,0.005742,0.69912,0.232895
088513830765957,0.14414,0.677626,0.009975,0.690057,0.278509
088513830787234,0.040261,0.644154,0.002775,0.637494,0.267982
088513830808511,0.03921,0.600268,0.002696,0.602279,0.325439
088513830829787,0.043683,0.560399,0.003022,0.563698,0.321491
088513830851064,0.029002,0.557572,0.001975,0.542206,0.242105
08851383087234,0.029362,0.537489,0.002005,0.50233,0.31886
088513830893617,0.032545,0.491967,0.002241,0.471258,0.362281
088513830914894,0.028041,0.442874,0.001928,0.438892,0.417982
08851383093617,0.031284,0.489438,0.002117,0.408597,0.516228
088513830957447,0.030353,0.501339,0.002025,0.384775,0.474123
088513830978723,0.040411,0.497917,0.002707,0.430606,0.489474
0885138310,0.045815,0.500149,0.003047,0.421025,0.546491
0885182400,0.038039,0.487057,0.002507,0.398757,0.590789
088518240021277,0.038729,0.475007,0.00253,0.367944,0.62193
088518240042553,0.045244,0.444808,0.002977,0.42957,0.520614
08851824006383,0.03894,0.385153,0.002545,0.408079,0.603947
088518240085106,0.032905,0.325796,0.002123,0.366908,0.59386
088518240106383,0.035187,0.276555,0.002254,0.335577,0.660965
08851824012766,0.030954,0.234454,0.001971,0.306059,0.705702
088518240148936,0.038369,0.206784,0.002457,0.297514,0.720175
088518240170213,0.029903,0.1867,0.001915,0.282755,0.750877
088518240191489,0.029092,0.192205,0.001855,0.270067,0.754825
088518240212766,0.029633,0.221363,0.001888,0.265665,0.725439
088518240234043,0.032034,0.271199,0.002059,0.286898,0.707895
088518240255319,0.047496,0.368789,0.003108,0.350337,0.582018
088518240276596,0.194248,0.466082,0.012291,0.428276,0.496053
088518240297872,0.034736,0.489735,0.00237,0.477214,0.345614
088518240319149,0.034466,0.55177,0.002383,0.532885,0.314474
088518240340426,0.032455,0.562035,0.002241,0.562921,0.246053
088518240361702,0.029332,0.55296,0.002009,0.560073,0.204386
088518240382979,0.029302,0.55906,0.002015,0.567064,0.292105
088518240404255,0.029242,0.55058,0.002011,0.555412,0.289912
088518240425532,0.030173,0.551026,0.002048,0.548938,0.378509
088518240446809,0.038099,0.537489,0.002613,0.546608,0.314912
088518240468085,0.029422,0.528117,0.002009,0.534438,0.192544
088518240489362,0.029212,0.521571,0.002011,0.527965,0.308333
088518240510638,0.029302,0.516959,0.002013,0.520456,0.312719
088518240531915,0.029723,0.509521,0.002052,0.52175,0.285526
088518240553191,0.029092,0.503868,0.002009,0.535215,0.244737
088518240574468,0.029182,0.499554,0.002009,0.535474,0.227193
088518240595745,0.030023,0.487504,0.002073,0.525375,0.256579
088518240617021,0.029122,0.479768,0.002009,0.519938,0.246053
088518240638298,0.029062,0.481256,0.002009,0.505955,0.275877
088518240659574,0.029092,0.492115,0.002,0.504661,0.313158
088518240680851,0.029242,0.512943,0.00199,0.509322,0.252632
088518240702128,0.034917,0.553555,0.002383,0.510875,0.361404
088518240723404,0.075988,0.616037,0.00512,0.549715,0.454386
088518240744681,0.10481,0.670931,0.007,0.623252,0.517544
088518240765957,0.080581,0.659625,0.005316,0.62377,0.430263
088518240787234,0.059265,0.63255,0.003924,0.582341,0.422807
088518240808511,0.048006,0.591342,0.00318,0.543501,0.416228
088518240829787,0.033626,0.557423,0.002256,0.512688,0.328947
088518240851064,0.029783,0.540018,0.002009,0.483428,0.340789
08851824087234,0.031284,0.514133,0.002113,0.452097,0.405702
088518240893617,0.028972,0.473966,0.001948,0.42465,0.434211
088518240914894,0.029002,0.434246,0.001955,0.394096,0.47807
08851824093617,0.029753,0.475602,0.001988,0.380114,0.504386
088518240957447,0.029723,0.490777,0.001978,0.355774,0.515789
088518240978723,0.029723,0.506843,0.001988,0.412998,0.414035
0885182410,0.030413,0.500893,0.002009,0.400829,0.497807
0885226500,0.041401,0.487206,0.002721,0.369498,0.592544
088522650021277,0.038669,0.467569,0.00253,0.339202,0.615789
088522650042553,0.036778,0.432312,0.00242,0.400052,0.542105
08852265006383,0.035397,0.375781,0.0023,0.367944,0.539912
088522650085106,0.034136,0.319994,0.002202,0.336095,0.607895
088522650106383,0.035427,0.273728,0.002285,0.310461,0.652632
08852265012766,0.03966,0.23252,0.002565,0.285085,0.610088
088522650148936,0.040651,0.202916,0.002653,0.266442,0.634211
088522650170213,0.042422,0.189527,0.002763,0.252719,0.661842
088522650191489,0.041281,0.196816,0.002688,0.247022,0.657895
088522650212766,0.043323,0.222255,0.002821,0.24754,0.648246
088522650234043,0.034226,0.268968,0.002237,0.26204,0.596491
088522650255319,0.063859,0.364921,0.004246,0.322372,0.504386
088522650276596,0.07923,0.457007,0.005374,0.412998,0.328509
088522650297872,0.034286,0.481702,0.002387,0.454428,0.197807
088522650319149,0.03981,0.54582,0.002808,0.519161,0.158772
088522650340426,0.038189,0.557423,0.00269,0.555412,0.177632
088522650361702,0.040261,0.548051,0.002825,0.544795,0.181579
088522650382979,0.034526,0.563969,0.002414,0.557742,0.217544
088522650404255,0.029122,0.56263,0.002023,0.539099,0.235965
088522650425532,0.03981,0.55787,0.002769,0.541947,0.228947
088522650446809,0.03996,0.545522,0.002792,0.535992,0.211842
088522650468085,0.03915,0.538976,0.002742,0.526929,0.233333
088522650489362,0.036087,0.537043,0.002526,0.520974,0.229386
088522650510638,0.03936,0.531092,0.002759,0.512429,0.251316
088522650531915,0.033686,0.52529,0.002349,0.468928,0.306579
088522650553191,0.029092,0.516364,0.002013,0.465303,0.312281
088522650574468,0.03936,0.517406,0.002752,0.532885,0.190789
088522650595745,0.040261,0.514281,0.002829,0.532885,0.227632
088522650617021,0.033535,0.505058,0.002345,0.530554,0.272807
088522650638298,0.029122,0.497173,0.002021,0.516313,0.291228
088522650659574,0.029272,0.505356,0.002025,0.513982,0.283333
088522650680851,0.029182,0.520827,0.002009,0.513723,0.290789
088522650702128,0.030233,0.556382,0.002069,0.521233,0.326316
088522650723404,0.080701,0.609938,0.005557,0.565251,0.310088
088522650744681,0.079921,0.665129,0.005513,0.629726,0.314035
088522650765957,0.063048,0.653526,0.00431,0.626359,0.292105
088522650787234,0.063859,0.624517,0.004373,0.589332,0.311842
088522650808511,0.03912,0.584945,0.00269,0.54376,0.317105
088522650829787,0.035037,0.555638,0.00242,0.508286,0.294737
088522650851064,0.032725,0.534365,0.002264,0.486018,0.348684
08852265087234,0.033175,0.513835,0.0023,0.459089,0.37193
088522650893617,0.028342,0.465784,0.001959,0.42465,0.398246
088522650914894,0.027201,0.427403,0.001876,0.398757,0.425877
08852265093617,0.029062,0.472032,0.001992,0.378301,0.465789
088522650957447,0.028942,0.492859,0.001967,0.358881,0.475
088522650978723,0.047046,0.50357,0.003216,0.424392,0.449561
0885226510,0.047136,0.498959,0.003197,0.410927,0.484211
0885271600,0.03972,0.486611,0.002678,0.372346,0.561842
088527160021277,0.032815,0.464891,0.002169,0.340238,0.558772
088527160042553,0.038669,0.425022,0.002534,0.385552,0.497807
08852716006383,0.037619,0.367301,0.002513,0.36898,0.527193
088527160085106,0.031194,0.306605,0.002065,0.330917,0.575
088527160106383,0.030413,0.259893,0.001984,0.29855,0.634211
08852716012766,0.027831,0.217644,0.001822,0.274469,0.693421
088527160148936,0.027381,0.19042,0.001789,0.268255,0.713158
088527160170213,0.02672,0.175692,0.001743,0.244951,0.673684
088527160191489,0.027321,0.177031,0.001784,0.234593,0.706579
088527160212766,0.027921,0.206932,0.001824,0.238477,0.71886
088527160234043,0.027171,0.255579,0.00178,0.259451,0.683333
088527160255319,0.027771,0.344838,0.001843,0.320041,0.590351
088527160276596,0.028972,0.441535,0.001961,0.396686,0.465789
088527160297872,0.028281,0.468908,0.001942,0.452615,0.395614
088527160319149,0.032935,0.534067,0.002285,0.513982,0.322807
088527160340426,0.034376,0.561738,0.002383,0.554635,0.310088
088527160361702,0.034376,0.557275,0.002376,0.545054,0.341228
088527160382979,0.029693,0.56873,0.002038,0.552305,0.332895
088527160404255,0.029392,0.575573,0.002009,0.564992,0.29693
088527160425532,0.029633,0.570217,0.002044,0.564733,0.264035
088527160446809,0.034616,0.557423,0.002408,0.556965,0.294298
088527160468085,0.029993,0.52767,0.002083,0.556965,0.288158
088527160489362,0.038009,0.543291,0.002648,0.556447,0.160526
088527160510638,0.040201,0.537191,0.002829,0.551787,0.261842
088527160531915,0.03969,0.528712,0.002777,0.540135,0.253509
088527160553191,0.0399,0.519786,0.002806,0.551528,0.208333
088527160574468,0.03981,0.51681,0.002798,0.547385,0.275439
088527160595745,0.036388,0.508182,0.002551,0.534438,0.272368
088527160617021,0.030113,0.490479,0.002108,0.51709,0.278509
088527160638298,0.032845,0.489735,0.0023,0.503884,0.290789
088527160659574,0.035667,0.501041,0.002493,0.494562,0.307895
088527160680851,0.034616,0.516364,0.00243,0.495598,0.347368
088527160702128,0.036418,0.551026,0.002518,0.503625,0.384649
088527160723404,0.036388,0.59402,0.002497,0.541947,0.330263
088527160744681,0.036177,0.625409,0.002476,0.596582,0.332018
088527160765957,0.031014,0.606367,0.0021,0.592698,0.290351
088527160787234,0.031404,0.577358,0.002115,0.559555,0.289474
088527160808511,0.029482,0.536745,0.001982,0.518902,0.342544
088527160829787,0.029152,0.50476,0.001969,0.491714,0.390789
088527160851064,0.029092,0.481553,0.001973,0.462455,0.437281
08852716087234,0.029092,0.464891,0.001978,0.42957,0.488158
088527160893617,0.027831,0.431568,0.001894,0.403159,0.504386
088527160914894,0.027171,0.396757,0.001847,0.37131,0.507456
08852716093617,0.029032,0.451205,0.001975,0.367426,0.527632
088527160957447,0.029182,0.474264,0.001965,0.353962,0.532895
088527160978723,0.115708,0.481404,0.007848,0.429052,0.547368
0885271610,0.066651,0.476198,0.004464,0.409891,0.605702
0885315700,0.035037,0.453139,0.002329,0.375194,0.592544
088531570021277,0.032725,0.43737,0.002173,0.348783,0.587719
088531570042553,0.051279,0.398988,0.003425,0.396945,0.557456
08853157006383,0.035667,0.340821,0.002358,0.371828,0.590351
088531570085106,0.028942,0.274026,0.001824,0.324702,0.590351
088531570106383,0.028281,0.226569,0.001838,0.300104,0.624561
08853157012766,0.027411,0.186403,0.00177,0.26696,0.650439
088531570148936,0.0263,0.155013,0.001735,0.247022,0.624561
088531570170213,0.017383,0.13374,0.00103,0.226567,0.713158
088531570191489,0.013871,0.124963,0.000904,0.218799,0.769737
088531570212766,0.014321,0.132847,0.000929,0.20637,0.762281
088531570234043,0.020416,0.146831,0.001319,0.213102,0.778509
088531570255319,0.025399,0.184171,0.001643,0.220611,0.745614
088531570276596,0.029032,0.21571,0.001878,0.243656,0.730702
088531570297872,0.048577,0.268373,0.002792,0.235111,0.746491
088531570319149,0.043683,0.340821,0.00216,0.2768,0.738596
088531570340426,0.044674,0.409253,0.002904,0.315122,0.700877
088531570361702,0.102798,0.452544,0.006691,0.342828,0.711404
088531570382979,0.135853,0.487652,0.008872,0.370274,0.724123
088531570404255,0.096974,0.487652,0.003932,0.377784,0.694737
088531570425532,0.157079,0.488099,0.008116,0.388141,0.707456
088531570446809,0.19776,0.475007,0.002312,0.384257,0.694737
088531570468085,0.212952,0.464891,0.002335,0.380632,0.694737
088531570489362,0.121532,0.450164,0.00603,0.375453,0.738596
088531570510638,0.135973,0.446445,0.003961,0.369757,0.738596
088531570531915,0.196199,0.430973,0.003386,0.36406,0.738596
088531570553191,0.156539,0.41208,0.003691,0.369757,0.738596
088531570574468,0.06623,0.400922,0.004265,0.359658,0.777632
088531570595745,0.082323,0.384409,0.002509,0.346453,0.738596
088531570617021,0.037318,0.375632,0.002123,0.340756,0.738596
088531570638298,0.041311,0.374888,0.002152,0.330658,0.738596
088531570659574,0.05224,0.383814,0.002088,0.336613,0.738596
088531570680851,0.056293,0.39884,0.003639,0.353444,0.760965
088531570702128,0.525219,0.446445,0.002462,0.392543,0.694737
088531570723404,0.082953,0.497471,0.005341,0.440186,0.704825
088531570744681,0.374204,0.559804,0.024831,0.497152,0.62807
088531570765957,0.082293,0.548646,0.005469,0.489125,0.667982
088531570787234,0.071424,0.518744,0.004713,0.467374,0.609649
088531570808511,0.087456,0.476644,0.005835,0.410927,0.586404
088531570829787,0.087727,0.439453,0.005829,0.407561,0.592105
088531570851064,0.074397,0.410295,0.004904,0.3739,0.680702
08853157087234,0.064969,0.389021,0.004252,0.352926,0.653509
088531570893617,0.059685,0.368492,0.003901,0.331693,0.695175
088531570914894,0.036358,0.341565,0.002362,0.316157,0.690789
08853157093617,0.141167,0.367599,0.002908,0.309943,0.694737
088531570957447,0.097244,0.371318,0.002952,0.309425,0.694737
088531570978723,0.114117,0.374888,0.007341,0.362506,0.649123
0885315710,0.054341,0.35064,0.003573,0.358105,0.612281
0885359100,0.042032,0.332044,0.002763,0.328068,0.645175
088535910021277,0.033265,0.292621,0.002173,0.308648,0.653947
088535910042553,0.056233,0.258554,0.003693,0.358105,0.607456
08853591006383,0.030563,0.214668,0.002011,0.339979,0.604386
088535910085106,0.027411,0.173609,0.001805,0.294148,0.648246
088535910106383,0.024979,0.142666,0.001651,0.25246,0.631579
08853591012766,0.024499,0.116037,0.001624,0.221906,0.584211
088535910148936,0.024469,0.099226,0.001629,0.202486,0.634211
088535910170213,0.01363,0.084647,0.000897,0.188762,0.687719
088535910191489,0.01327,0.086135,0.000868,0.168566,0.72193
088535910212766,0.0136,0.090152,0.000885,0.151735,0.761404
088535910234043,0.01291,0.095507,0.000841,0.13102,0.776316
088535910255319,0.013871,0.117525,0.000895,0.154324,0.800877
088535910276596,0.019125,0.141029,0.001182,0.150181,0.814912
088535910297872,0.021676,0.166766,0.000935,0.128949,0.825
088535910319149,0.024529,0.218536,0.001479,0.148628,0.782895
088535910340426,0.029602,0.285183,0.001084,0.170896,0.769737
088535910361702,0.028972,0.338441,0.001695,0.196012,0.787719
088535910382979,0.093011,0.389616,0.002009,0.216727,0.660088
088535910404255,0.075627,0.415948,0.002009,0.234852,0.66886
088535910425532,0.130179,0.429634,0.002009,0.245469,0.629386
088535910446809,0.201123,0.423386,0.002009,0.245987,0.638158
088535910468085,0.336526,0.426361,0.002009,0.239513,0.64693
088535910489362,0.520776,0.414014,0.002009,0.245469,0.64693
088535910510638,0.337336,0.403303,0.002009,0.251424,0.64693
088535910531915,0.244086,0.38679,0.002009,0.25738,0.64693
088535910553191,0.120782,0.366111,0.00322,0.263335,0.690789
088535910574468,0.107872,0.341565,0.002009,0.258674,0.690789
088535910595745,0.083493,0.334127,0.002009,0.262299,0.690789
088535910617021,0.054852,0.321184,0.002009,0.246763,0.690789
088535910638298,0.042122,0.316572,0.002009,0.25738,0.690789
088535910659574,0.045485,0.333234,0.002133,0.264371,0.730263
088535910680851,0.034796,0.347516,0.00226,0.286639,0.771053
088535910702128,0.081422,0.384112,0.005272,0.322631,0.767105
088535910723404,0.108532,0.454329,0.007117,0.378042,0.679825
088535910744681,0.18365,0.528414,0.012123,0.458571,0.686404
088535910765957,0.113997,0.538828,0.007497,0.470223,0.7
088535910787234,0.092981,0.515323,0.006107,0.448472,0.738158
088535910808511,0.13123,0.487355,0.008587,0.440963,0.714035
088535910829787,0.234448,0.457007,0.01532,0.401088,0.766228
088535910851064,0.102708,0.438857,0.006662,0.387623,0.771053
08853591087234,0.161583,0.423832,0.004086,0.371569,0.775
088535910893617,0.056263,0.383517,0.003494,0.367685,0.772807
088535910914894,0.028762,0.350342,0.001832,0.351631,0.74386
08853591093617,0.090098,0.377417,0.002009,0.29622,0.708333
088535910957447,0.061937,0.379798,0.002009,0.290005,0.708333
088535910978723,0.070554,0.384707,0.003506,0.344122,0.703947
0885359110,0.03981,0.353466,0.002009,0.344899,0.725877
0885403200,0.040261,0.336805,0.002009,0.332988,0.734649
088540320021277,0.028342,0.292026,0.001768,0.303729,0.735088
088540320042553,0.031014,0.271794,0.002009,0.358105,0.688596
08854032006383,0.028372,0.239215,0.001778,0.340497,0.698684
088540320085106,0.029903,0.198899,0.001381,0.310979,0.65614
088540320106383,0.028972,0.176584,0.00085,0.280943,0.651754
08854032012766,0.025099,0.152187,0.001091,0.259969,0.735526
088540320148936,0.021196,0.139988,0.001369,0.230709,0.792982
088540320170213,0.021226,0.139393,0.00128,0.229156,0.831579
088540320191489,0.025189,0.151145,0.001101,0.22579,0.840351
088540320212766,0.02684,0.181642,0.001629,0.231486,0.832018
088540320234043,0.027441,0.230586,0.001766,0.249871,0.823246
088540320255319,0.028101,0.324011,0.00183,0.31797,0.739912
088540320276596,0.029212,0.414162,0.001932,0.394096,0.572368
088540320297872,0.028432,0.45909,0.001909,0.447695,0.505263
088540320319149,0.029783,0.534216,0.002002,0.519938,0.449123
088540320340426,0.029873,0.56501,0.002009,0.548421,0.422807
088540320361702,0.029873,0.565903,0.002009,0.552563,0.398684
088540320382979,0.031344,0.594912,0.002115,0.569394,0.439035
088540320404255,0.030173,0.599078,0.002036,0.565769,0.414474
088540320425532,0.030593,0.593573,0.002063,0.552822,0.410526
088540320446809,0.032605,0.587176,0.002202,0.552822,0.439035
088540320468085,0.032695,0.58197,0.002216,0.547903,0.445175
088540320489362,0.032275,0.572151,0.002187,0.547385,0.448246
088540320510638,0.033385,0.570515,0.002264,0.528224,0.455263
088540320531915,0.030653,0.565308,0.002088,0.51942,0.412719
088540320553191,0.031194,0.559804,0.002133,0.531331,0.424123
088540320574468,0.029783,0.553853,0.002034,0.525117,0.412281
088540320595745,0.029182,0.544778,0.001988,0.514759,0.438596
088540320617021,0.029242,0.535109,0.001992,0.516054,0.435526
088540320638298,0.029302,0.532728,0.001992,0.498446,0.46886
088540320659574,0.029452,0.547307,0.002,0.501295,0.464912
088540320680851,0.034676,0.570663,0.002356,0.505179,0.520175
088540320702128,0.040261,0.596102,0.002715,0.524599,0.564035
088540320723404,0.060826,0.655311,0.004092,0.577162,0.509649
088540320744681,0.064579,0.703213,0.004362,0.65769,0.414912
088540320765957,0.048847,0.682535,0.003276,0.653806,0.45
088540320787234,0.03981,0.644154,0.002663,0.611082,0.481579
088540320808511,0.036748,0.598929,0.002455,0.565251,0.482456
088540320829787,0.033115,0.559209,0.00221,0.534438,0.453509
088540320851064,0.029422,0.541654,0.001975,0.50725,0.459211
08854032087234,0.029332,0.520083,0.001975,0.485241,0.512719
088540320893617,0.028101,0.482148,0.001911,0.45624,0.51886
088540320914894,0.027141,0.434692,0.001843,0.418954,0.544737
08854032093617,0.077459,0.47352,0.001988,0.396168,0.620175
088540320957447,0.032785,0.487057,0.002164,0.372605,0.624561
088540320978723,0.03888,0.487652,0.002559,0.437597,0.633772
0885403210,0.043593,0.486165,0.002825,0.423874,0.683333
0885448300,0.073556,0.476793,0.004377,0.402123,0.706579
088544830021277,0.042152,0.451056,0.002588,0.376489,0.707018
088544830042553,0.054431,0.424874,0.003538,0.432936,0.648246
08854483006383,0.046896,0.365814,0.002781,0.412222,0.635088
088544830085106,0.030863,0.299911,0.001897,0.381926,0.634211
088544830106383,0.028942,0.255727,0.001886,0.349042,0.701316
08854483012766,0.027831,0.211544,0.001807,0.323925,0.725439
088544830148936,0.02684,0.189824,0.001743,0.306836,0.740789
088544830170213,0.027861,0.167807,0.001793,0.291818,0.812281
088544830191489,0.028071,0.174502,0.001799,0.283791,0.828509
088544830212766,0.029032,0.204255,0.001849,0.287934,0.820175
088544830234043,0.027891,0.247397,0.001799,0.308907,0.770614
088544830255319,0.029753,0.336953,0.001924,0.380632,0.680702
088544830276596,0.029182,0.422642,0.001932,0.461678,0.539474
088544830297872,0.027771,0.452395,0.00188,0.507768,0.46886
088544830319149,0.029212,0.523951,0.001982,0.576126,0.414912
088544830340426,0.029452,0.541803,0.001986,0.603055,0.362719
088544830361702,0.030053,0.542398,0.002027,0.598654,0.408333
088544830382979,0.029212,0.559506,0.001951,0.598136,0.378509
088544830404255,0.029122,0.563076,0.001934,0.57535,0.415351
088544830425532,0.029152,0.562928,0.001934,0.56784,0.424123
088544830446809,0.029422,0.550431,0.001961,0.555671,0.444298
088544830468085,0.029332,0.531687,0.001973,0.547903,0.410088
088544830489362,0.029362,0.540018,0.001973,0.539358,0.426754
088544830510638,0.029092,0.542249,0.001953,0.529518,0.490351
088544830531915,0.029362,0.536745,0.001971,0.527447,0.485088
088544830553191,0.029272,0.531836,0.001973,0.55101,0.463596
088544830574468,0.029272,0.527819,0.001971,0.550233,0.487281
088544830595745,0.029362,0.520827,0.00198,0.549456,0.473246
088544830617021,0.028942,0.509967,0.001955,0.535733,0.490351
088544830638298,0.028972,0.50238,0.001971,0.521233,0.45614
088544830659574,0.029032,0.514281,0.001969,0.523304,0.484211
088544830680851,0.029452,0.536894,0.001988,0.527706,0.517982
088544830702128,0.034586,0.57111,0.002339,0.56318,0.469737
088544830723404,0.046986,0.63374,0.003172,0.629726,0.486842
088544830744681,0.03882,0.682386,0.002609,0.671932,0.460526
088544830765957,0.033986,0.656501,0.002256,0.65044,0.415789
088544830787234,0.030293,0.622136,0.001996,0.605386,0.419737
088544830808511,0.029482,0.573639,0.001948,0.555153,0.478947
088544830829787,0.029302,0.537489,0.001948,0.528224,0.505702
088544830851064,0.029182,0.520827,0.001951,0.493009,0.567982
08854483087234,0.028672,0.493752,0.001917,0.469705,0.576316
088544830893617,0.027201,0.461172,0.001822,0.439669,0.632456
088544830914894,0.02696,0.421154,0.001793,0.410409,0.68114
08854483093617,0.028161,0.46385,0.001859,0.381926,0.65614
088544830957447,0.028672,0.476793,0.001801,0.368721,0.676316
088544830978723,0.047406,0.471586,0.003141,0.431642,0.617105
0885448310,0.066861,0.36269,0.004067,0.41274,0.590789
0885492400,0.027981,0.349301,0.001853,0.387882,0.605702
088549240021277,0.028312,0.333829,0.001874,0.361212,0.610965
088549240042553,0.031524,0.301101,0.002086,0.412481,0.529386
08854924006383,0.03927,0.26748,0.002455,0.391766,0.583772
088549240085106,0.058034,0.238471,0.002455,0.34464,0.585965
088549240106383,0.032515,0.208866,0.002104,0.312791,0.705263
08854924012766,0.029452,0.187444,0.001886,0.302693,0.763596
088549240148936,0.028251,0.161708,0.001813,0.280425,0.772368
088549240170213,0.029152,0.175543,0.001828,0.272916,0.809649
088549240191489,0.028882,0.175989,0.001843,0.26463,0.79386
088549240212766,0.029633,0.199345,0.001884,0.263853,0.809649
088549240234043,0.029302,0.250521,0.001878,0.292336,0.757895
088549240255319,0.034226,0.347664,0.002221,0.357328,0.679825
088549240276596,0.031824,0.432907,0.002102,0.435008,0.535965
088549240297872,0.028071,0.457007,0.001892,0.479026,0.501754
088549240319149,0.028942,0.503273,0.001973,0.551787,0.477632
088549240340426,0.028942,0.524249,0.001967,0.583894,0.382018
088549240361702,0.028942,0.519637,0.001963,0.597618,0.35
088549240382979,0.029002,0.531092,0.001961,0.611859,0.325877
088549240404255,0.028942,0.534216,0.001953,0.614707,0.311842
088549240425532,0.029062,0.509967,0.001978,0.606939,0.287719
088549240446809,0.029302,0.521422,0.001998,0.596841,0.319298
088549240468085,0.028942,0.508331,0.00198,0.595546,0.324123
088549240489362,0.030173,0.541506,0.002071,0.605127,0.363158
088549240510638,0.034977,0.533621,0.002432,0.589332,0.336404
088549240531915,0.032365,0.526927,0.002246,0.600725,0.34386
088549240553191,0.032665,0.517852,0.002264,0.632056,0.315351
088549240574468,0.031914,0.511752,0.002221,0.625583,0.346053
088549240595745,0.030383,0.504314,0.00211,0.615225,0.346491
088549240617021,0.028942,0.490628,0.002017,0.622475,0.338596
088549240638298,0.029633,0.479768,0.002059,0.61885,0.355702
088549240659574,0.033566,0.489438,0.002333,0.625583,0.303509
088549240680851,0.037378,0.503273,0.002603,0.624806,0.385965
088549240702128,0.035547,0.538084,0.002459,0.654842,0.357018
088549240723404,0.093791,0.614252,0.0065,0.708182,0.331579
088549240744681,0.095683,0.681494,0.006641,0.753755,0.286842
088549240765957,0.121532,0.66632,0.008315,0.730709,0.341667
088549240787234,0.0783,0.639393,0.005343,0.682807,0.377193
088549240808511,0.048127,0.599524,0.003297,0.639306,0.35307
088549240829787,0.040261,0.571705,0.002775,0.606163,0.353947
088549240851064,0.053681,0.558167,0.003689,0.576385,0.383772
08854924087234,0.045515,0.536894,0.003149,0.54117,0.40614
088549240893617,0.036568,0.495686,0.002499,0.517349,0.438596
088549240914894,0.028972,0.454478,0.001965,0.486794,0.464035
08854924093617,0.064459,0.494347,0.004333,0.457535,0.596053
088549240957447,0.03957,0.512645,0.002644,0.425168,0.583333
088549240978723,0.108262,0.516215,0.007243,0.474883,0.616667
0885492410,0.123034,0.511752,0.008097,0.467892,0.648246
0885536500,0.07872,0.501785,0.005187,0.444847,0.633772
088553650021277,0.067431,0.47947,0.004452,0.420508,0.625439
088553650042553,0.121442,0.443767,0.007948,0.477473,0.55614
08855365006383,0.114417,0.392889,0.007553,0.45883,0.586404
088553650085106,0.064219,0.334276,0.004215,0.420249,0.605702
088553650106383,0.043473,0.289646,0.002831,0.391507,0.683333
08855365012766,0.035907,0.244719,0.002318,0.360435,0.748684
088553650148936,0.031224,0.21571,0.002,0.34464,0.792982
088553650170213,0.030143,0.200238,0.001919,0.333765,0.801316
088553650191489,0.031944,0.20366,0.002032,0.324184,0.813596
088553650212766,0.033115,0.229098,0.002059,0.324961,0.822368
088553650234043,0.045785,0.281761,0.002948,0.336613,0.682895
088553650255319,0.077189,0.374591,0.005073,0.405489,0.602193
088553650276596,0.06635,0.466825,0.004456,0.475919,0.45
088553650297872,0.034826,0.498066,0.002393,0.531331,0.373246
088553650319149,0.060046,0.572746,0.004196,0.603832,0.286842
088553650340426,0.05263,0.585094,0.003706,0.643708,0.237719
088553650361702,0.05203,0.572746,0.003662,0.644485,0.197368
088553650382979,0.040831,0.578697,0.002896,0.664682,0.163158
088553650404255,0.03936,0.567688,0.002765,0.649404,0.217544
088553650425532,0.031284,0.554746,0.002179,0.649404,0.290789
088553650446809,0.029152,0.535109,0.002025,0.641895,0.292544
088553650468085,0.029002,0.525588,0.002011,0.641636,0.307456
088553650489362,0.028942,0.520827,0.002015,0.629467,0.324561
088553650510638,0.028942,0.512199,0.002023,0.625583,0.337281
088553650531915,0.028852,0.505802,0.002029,0.6261,0.342544
088553650553191,0.028942,0.502975,0.002036,0.646297,0.297807
088553650574468,0.028942,0.495388,0.002036,0.635422,0.288596
088553650595745,0.028882,0.487206,0.002036,0.632574,0.3
088553650617021,0.028281,0.477239,0.001992,0.619368,0.293421
088553650638298,0.027921,0.47114,0.001961,0.596323,0.320175
088553650659574,0.027981,0.475602,0.001961,0.580787,0.319298
088553650680851,0.027771,0.482743,0.001942,0.578198,0.382456
088553650702128,0.028762,0.52529,0.002007,0.59218,0.455263
088553650723404,0.032275,0.600565,0.002235,0.654065,0.322807
088553650744681,0.035877,0.679411,0.002474,0.736924,0.309211
088553650765957,0.034376,0.684618,0.002347,0.73537,0.307018
088553650787234,0.03936,0.671675,0.002678,0.689539,0.387719
088553650808511,0.038009,0.641178,0.002599,0.654065,0.397368
088553650829787,0.035757,0.618268,0.002443,0.623511,0.401316
088553650851064,0.040261,0.606962,0.002759,0.593993,0.458333
08855365087234,0.034226,0.584201,0.002333,0.557224,0.497368
088553650893617,0.029062,0.534811,0.001963,0.52434,0.523246
088553650914894,0.027501,0.494644,0.001861,0.488866,0.58114
08855365093617,0.071875,0.53615,0.004834,0.465303,0.626316
088553650957447,0.069923,0.545671,0.004414,0.439669,0.524561
088553650978723,0.283505,0.546266,0.019107,0.499741,0.61886
0885536510,0.242344,0.528712,0.015901,0.490678,0.715789
088558600,0.319022,0.510562,0.014586,0.465821,0.737281
08855860021277,0.129218,0.491818,0.00711,0.434749,0.759211
08855860042553,0.202144,0.453288,0.013188,0.494821,0.675439
0885586006383,0.159932,0.403749,0.010434,0.474366,0.659649
08855860085106,0.163204,0.343201,0.01059,0.435008,0.700877
08855860106383,0.132581,0.296043,0.008575,0.397204,0.743421
0885586012766,0.045935,0.25186,0.00297,0.369239,0.658772
08855860148936,0.059956,0.2169,0.003916,0.350854,0.624123
08855860170213,0.051909,0.206337,0.00339,0.33972,0.647368
08855860191489,0.049207,0.207379,0.003195,0.328068,0.676316
08855860212766,0.05239,0.231181,0.003357,0.34231,0.649561
08855860234043,0.081272,0.285332,0.005309,0.358881,0.639912
08855860255319,0.182058,0.393038,0.012079,0.430088,0.562719
08855860276596,0.167978,0.490033,0.011298,0.504661,0.478947
08855860297872,0.047916,0.53258,0.003309,0.55334,0.330263
08855860319149,0.129939,0.604136,0.009076,0.627913,0.329825
08855860340426,0.129909,0.623773,0.009086,0.656655,0.298684
08855860361702,0.132851,0.605177,0.009304,0.66753,0.259649
08855860382979,0.085925,0.602648,0.006045,0.673226,0.189912
08855860404255,0.042662,0.592532,0.002997,0.66028,0.196053
08855860425532,0.040261,0.585838,0.002825,0.64552,0.213596
08855860446809,0.040261,0.564862,0.00284,0.633868,0.207018
08855860468085,0.040261,0.551473,0.002848,0.62377,0.196491
08855860489362,0.040261,0.542101,0.002854,0.615225,0.191667
08855860510638,0.035517,0.52648,0.002522,0.603573,0.202193
08855860531915,0.031044,0.513984,0.002206,0.609529,0.161842
08855860553191,0.036628,0.501636,0.002624,0.627395,0.136842
08855860574468,0.035217,0.491669,0.002526,0.637235,0.092544
08855860595745,0.034376,0.482892,0.002472,0.63102,0.100877
08855860617021,0.029152,0.468611,0.002096,0.631279,0.099561
08855860638298,0.029302,0.460131,0.002106,0.627654,0.121491
08855860659574,0.031644,0.465933,0.002273,0.636458,0.094298
08855860680851,0.032455,0.480065,0.002337,0.643449,0.130702
08855860702128,0.036238,0.52529,0.002601,0.665717,0.087281
08855860723404,0.055842,0.606367,0.004005,0.710254,0.139474
08855860744681,0.048097,0.669592,0.00343,0.73796,0.125877
08855860765957,0.03972,0.662749,0.002796,0.717763,0.17807
08855860787234,0.040261,0.636418,0.002808,0.674262,0.257456
08855860808511,0.03939,0.603838,0.002746,0.625583,0.297807
08855860829787,0.037468,0.578251,0.002615,0.596582,0.333772
08855860851064,0.038279,0.561738,0.002671,0.561885,0.341667
0885586087234,0.036117,0.53496,0.002516,0.538581,0.347368
08855860893617,0.030984,0.506992,0.002144,0.491455,0.410526
08855860914894,0.028762,0.465933,0.001978,0.459865,0.444737
0885586093617,0.097094,0.512199,0.006566,0.426981,0.641667
08855860957447,0.05287,0.517257,0.003533,0.4174,0.563158
08855860978723,0.129819,0.522612,0.008729,0.492491,0.619298
088558610,0.13105,0.511604,0.008664,0.467892,0.702193
0885625700,0.040261,0.488396,0.002667,0.442258,0.624123
088562570021277,0.099886,0.485719,0.006014,0.417141,0.636842
088562570042553,0.163774,0.455222,0.009343,0.462455,0.596053
08856257006383,0.113216,0.396459,0.005663,0.445624,0.628509
088562570085106,0.110574,0.336805,0.00447,0.402123,0.698246
088562570106383,0.042482,0.287117,0.002752,0.372346,0.669737
08856257012766,0.030563,0.234752,0.001986,0.346453,0.653947
088562570148936,0.029182,0.19875,0.001892,0.319006,0.660965
088562570170213,0.028402,0.172716,0.001845,0.294925,0.704386
088562570191489,0.027741,0.163493,0.001805,0.278353,0.725877
088562570212766,0.027531,0.167807,0.001793,0.265924,0.724123
088562570234043,0.027201,0.178518,0.001774,0.25738,0.721053
088562570255319,0.028101,0.223445,0.00183,0.266183,0.717982
088562570276596,0.028642,0.259,0.001865,0.285862,0.686842
088562570297872,0.033115,0.313448,0.002154,0.283532,0.717982
088562570319149,0.03963,0.397501,0.00258,0.317452,0.669298
088562570340426,0.03945,0.471883,0.002578,0.355256,0.674561
088562570361702,0.06626,0.515174,0.004341,0.379855,0.666228
088562570382979,0.077489,0.538233,0.005079,0.407302,0.660526
088562570404255,0.064039,0.542993,0.004152,0.402641,0.659649
088562570425532,0.07956,0.529009,0.005206,0.406007,0.648246
088562570446809,0.045905,0.508628,0.003012,0.404972,0.627193
088562570468085,0.069803,0.487504,0.004599,0.391766,0.62193
088562570489362,0.045064,0.471586,0.002981,0.386846,0.6
088562570510638,0.082082,0.458792,0.005422,0.370792,0.622368
088562570531915,0.046205,0.43008,0.003066,0.366132,0.588596
088562570553191,0.041311,0.404939,0.002738,0.363801,0.596491
088562570574468,0.0396,0.385302,0.002619,0.361212,0.615351
088562570595745,0.033596,0.370723,0.002212,0.351113,0.613596
088562570617021,0.030593,0.3554,0.002009,0.338167,0.622807
088562570638298,0.029813,0.344689,0.001961,0.346194,0.607895
088562570659574,0.030413,0.351532,0.002002,0.349301,0.620614
088562570680851,0.035757,0.371764,0.002366,0.359399,0.572368
088562570702128,0.045725,0.420113,0.003051,0.401864,0.512719
088562570723404,0.085895,0.507438,0.005777,0.474883,0.534649
088562570744681,0.159932,0.598631,0.010706,0.541688,0.55614
088562570765957,0.140627,0.599375,0.009439,0.540135,0.522807
088562570787234,0.146752,0.580928,0.009881,0.522009,0.493421
088562570808511,0.060106,0.53734,0.004069,0.479803,0.492105
088562570829787,0.080942,0.502827,0.005457,0.455722,0.540351
088562570851064,0.097214,0.47828,0.006483,0.424909,0.614474
08856257087234,0.086376,0.462809,0.005681,0.404713,0.708333
088562570893617,0.063919,0.437965,0.004177,0.379078,0.739912
088562570914894,0.068842,0.41089,0.004479,0.363542,0.691228
08856257093617,0.061247,0.429932,0.004003,0.356033,0.695175
088562570957447,0.057223,0.43737,0.003741,0.350596,0.676316
088562570978723,0.093521,0.432312,0.006157,0.395132,0.626316
0885625710,0.060916,0.405088,0.004007,0.394873,0.662719
0968895100,0.085475,0.381583,0.005014,0.371569,0.615789
096889510021277,0.035967,0.331895,0.002056,0.359399,0.59386
096889510042553,0.054942,0.29753,0.003648,0.408079,0.531579
09688951006383,0.061337,0.26019,0.004057,0.387623,0.562281
096889510085106,0.029002,0.215263,0.00183,0.353962,0.613596
096889510106383,0.028942,0.185659,0.001897,0.32522,0.628509
09688951012766,0.028251,0.160369,0.001853,0.303211,0.650877
096889510148936,0.027561,0.135971,0.001805,0.286898,0.695175
096889510170213,0.02696,0.123624,0.001762,0.25738,0.70307
096889510191489,0.02645,0.1144,0.00173,0.236147,0.707018
096889510212766,0.024979,0.125707,0.001631,0.206888,0.775877
096889510234043,0.02648,0.137459,0.00172,0.197307,0.756579
096889510255319,0.026991,0.155162,0.001755,0.183325,0.74386
096889510276596,0.02651,0.180601,0.001724,0.184878,0.775
096889510297872,0.025609,0.223594,0.001527,0.165199,0.787719
096889510319149,0.028101,0.296489,0.001666,0.184619,0.774123
096889510340426,0.030323,0.362095,0.001934,0.213361,0.782018
096889510361702,0.057434,0.41446,0.003691,0.256085,0.746491
096889510382979,0.040261,0.452544,0.00253,0.279907,0.734211
096889510404255,0.038369,0.452841,0.002293,0.295443,0.729386
096889510425532,0.040261,0.458792,0.002048,0.303211,0.665789
096889510446809,0.047046,0.443618,0.002324,0.292853,0.661404
096889510468085,0.045244,0.430527,0.002009,0.315381,0.6
096889510489362,0.040261,0.41565,0.002009,0.323666,0.608772
096889510510638,0.048847,0.407766,0.002009,0.321077,0.59386
096889510531915,0.080341,0.387236,0.003671,0.328068,0.615789
096889510553191,0.030233,0.361797,0.001988,0.326256,0.599123
096889510574468,0.030173,0.347813,0.001975,0.325479,0.603509
096889510595745,0.038279,0.330556,0.002297,0.322113,0.607895
096889510617021,0.031794,0.325945,0.001967,0.316157,0.61886
096889510638298,0.050258,0.32773,0.002644,0.319524,0.628947
096889510659574,0.053681,0.342458,0.002896,0.33014,0.615789
096889510680851,0.14519,0.377715,0.00586,0.336095,0.618421
096889510702128,0.143689,0.440196,0.005881,0.363542,0.607018
096889510723404,0.436081,0.540167,0.028138,0.426204,0.658772
096889510744681,0.550288,0.623326,0.036595,0.497152,0.714474
096889510765957,0.648613,0.645046,0.04301,0.512429,0.674561
096889510787234,0.587847,0.63493,0.038714,0.490937,0.747368
096889510808511,0.261529,0.603392,0.017123,0.471517,0.748246
096889510829787,0.169839,0.584796,0.011057,0.457017,0.790789
096889510851064,0.154557,0.553258,0.010044,0.432677,0.82807
09688951087234,0.412483,0.534067,0.009927,0.42232,0.817105
096889510893617,0.104359,0.493603,0.006718,0.389953,0.820175
096889510914894,0.062508,0.447188,0.004022,0.361212,0.778947
09688951093617,0.09187,0.454329,0.004757,0.341274,0.810526
096889510957447,0.07953,0.440196,0.003793,0.333506,0.790351
096889510978723,0.240243,0.426212,0.006579,0.375194,0.7
0968895110,0.056113,0.398691,0.003648,0.365355,0.754825
097332200,0.085235,0.377864,0.005503,0.350854,0.775
09733220021277,0.03978,0.347664,0.002557,0.341792,0.735965
09733220042553,0.108052,0.32163,0.00704,0.396686,0.647807
0973322006383,0.069623,0.283993,0.004545,0.380891,0.687719
09733220085106,0.045545,0.250818,0.002973,0.359917,0.670614
09733220106383,0.040171,0.223892,0.002613,0.333765,0.682895
0973322012766,0.030293,0.194585,0.001959,0.307354,0.697368
09733220148936,0.031764,0.180155,0.002052,0.29363,0.705702
09733220170213,0.034826,0.17346,0.00225,0.279389,0.734649
09733220191489,0.032935,0.180155,0.002125,0.27188,0.727193
09733220212766,0.040411,0.215263,0.002615,0.2768,0.742544
09733220234043,0.083103,0.274621,0.005388,0.303729,0.687719
09733220255319,0.098955,0.380393,0.006493,0.365096,0.675439
09733220276596,0.172541,0.490181,0.011469,0.45624,0.599123
09733220297872,0.056233,0.535109,0.00383,0.510098,0.44693
09733220319149,0.108382,0.615739,0.007493,0.595805,0.423684
09733220340426,0.089978,0.623029,0.006238,0.628172,0.362719
09733220361702,0.074607,0.609491,0.005197,0.624806,0.3
09733220382979,0.053411,0.6144,0.003739,0.648887,0.269737
09733220404255,0.040261,0.61083,0.002796,0.639565,0.275877
09733220425532,0.040261,0.595359,0.002792,0.633868,0.301316
09733220446809,0.03903,0.583011,0.002705,0.62869,0.310965
09733220468085,0.030683,0.570366,0.002129,0.632833,0.323246
09733220489362,0.029362,0.557572,0.002042,0.622993,0.330263
09733220510638,0.030053,0.545671,0.002094,0.609788,0.328947
09733220531915,0.032094,0.538233,0.002241,0.613413,0.285965
09733220553191,0.035367,0.531836,0.002484,0.624288,0.263596
09733220574468,0.031104,0.526778,0.002189,0.629208,0.282456
09733220595745,0.032605,0.521422,0.002287,0.617038,0.29693
09733220617021,0.030053,0.513686,0.002108,0.613672,0.307895
09733220638298,0.028942,0.506397,0.002025,0.599689,0.311404
09733220659574,0.029302,0.519042,0.002046,0.598136,0.332456
09733220680851,0.029302,0.543737,0.00204,0.581823,0.352193
09733220702128,0.044494,0.596846,0.003105,0.627654,0.315789
09733220723404,0.136874,0.692949,0.009508,0.691093,0.378947
09733220744681,0.136994,0.767629,0.009393,0.750647,0.350877
09733220765957,0.267743,0.757959,0.018099,0.724236,0.448684
09733220787234,0.148763,0.732371,0.01006,0.674262,0.435526
09733220808511,0.090159,0.688634,0.00613,0.624029,0.413596
09733220829787,0.107121,0.658137,0.007374,0.596323,0.37807
09733220851064,0.150564,0.634186,0.010349,0.562662,0.468421
0973322087234,0.139996,0.60845,0.009593,0.539876,0.488596
09733220893617,0.05263,0.571854,0.003598,0.503625,0.496491
09733220914894,0.027861,0.517257,0.001917,0.46841,0.470614
0973322093617,0.046325,0.540762,0.003166,0.438633,0.574561
09733220957447,0.037168,0.550729,0.002507,0.411445,0.55307
09733220978723,0.10592,0.548795,0.007183,0.473071,0.54386
097332210,0.067341,0.53615,0.004491,0.457017,0.609649
0977744300,0.082413,0.528712,0.005328,0.443294,0.609211
097774430021277,0.064999,0.516513,0.004304,0.422838,0.591667
097774430042553,0.117119,0.481851,0.007833,0.485241,0.509649
09777443006383,0.055993,0.423832,0.003716,0.460642,0.570614
097774430085106,0.033836,0.36983,0.002227,0.433713,0.578509
097774430106383,0.036928,0.320887,0.00242,0.400829,0.642105
09777443012766,0.049267,0.272092,0.003209,0.380114,0.684211
097774430148936,0.034706,0.244273,0.002246,0.356551,0.741228
097774430170213,0.035307,0.225528,0.002273,0.34464,0.755263
097774430191489,0.036778,0.220619,0.00236,0.333506,0.755702
097774430212766,0.038399,0.249777,0.002462,0.336095,0.743421
097774430234043,0.031404,0.303481,0.002032,0.350854,0.708333
097774430255319,0.102588,0.409402,0.006774,0.426722,0.587281
097774430276596,0.125285,0.520083,0.008378,0.506732,0.55307
097774430297872,0.040141,0.565903,0.00274,0.553599,0.384211
097774430319149,0.127327,0.634781,0.00881,0.627654,0.380702
097774430340426,0.077309,0.625707,0.00539,0.662869,0.272807
097774430361702,0.091089,0.607111,0.006385,0.671155,0.22193
097774430382979,0.059715,0.643707,0.004019,0.680218,0.25307
097774430404255,0.040441,0.624517,0.002813,0.649146,0.291667
097774430425532,0.035727,0.601607,0.002476,0.613672,0.315351
097774430446809,0.034106,0.581226,0.002356,0.595287,0.30614
097774430468085,0.033175,0.567242,0.00231,0.600984,0.292105
097774430489362,0.029362,0.554597,0.002046,0.584671,0.306579
097774430510638,0.029152,0.543439,0.002036,0.570171,0.298246
097774430531915,0.029212,0.535852,0.00205,0.562144,0.263596
097774430553191,0.029152,0.530497,0.002056,0.573278,0.267982
097774430574468,0.029092,0.51681,0.002042,0.551269,0.331579
097774430595745,0.028942,0.512348,0.002027,0.548162,0.32807
097774430617021,0.028942,0.503422,0.002034,0.554894,0.305702
097774430638298,0.028642,0.495686,0.002019,0.543501,0.339035
097774430659574,0.028852,0.510414,0.002032,0.537804,0.332018
097774430680851,0.031254,0.529307,0.002183,0.547903,0.330702
097774430702128,0.033956,0.576465,0.002378,0.58001,0.299123
097774430723404,0.181578,0.674055,0.01279,0.655101,0.235088
097774430744681,0.165966,0.756174,0.011593,0.74521,0.239912
097774430765957,0.130809,0.753496,0.009086,0.728638,0.260088
097774430787234,0.063708,0.72776,0.004425,0.678923,0.28114
097774430808511,0.053411,0.692502,0.003718,0.634127,0.333772
097774430829787,0.051939,0.667361,0.003625,0.600466,0.328509
097774430851064,0.116729,0.649509,0.008124,0.576644,0.376316
09777443087234,0.089468,0.633889,0.006219,0.547903,0.392105
097774430893617,0.067701,0.588367,0.004684,0.508545,0.432456
097774430914894,0.031014,0.535406,0.002129,0.479285,0.46886
09777443093617,0.099135,0.566201,0.006028,0.443035,0.580702
097774430957447,0.048157,0.569771,0.003245,0.418436,0.564474
097774430978723,0.122373,0.562333,0.008253,0.467633,0.545175
0977744310,0.108262,0.550729,0.007239,0.458571,0.599123
0982169400,0.098745,0.535704,0.006545,0.428017,0.619737
098216940021277,0.06641,0.517257,0.004381,0.403418,0.67807
098216940042553,0.116579,0.490777,0.007835,0.463231,0.620175
09821694006383,0.090189,0.436031,0.005941,0.449767,0.670614
098216940085106,0.06578,0.380988,0.004294,0.415588,0.697368
098216940106383,0.094332,0.326391,0.006101,0.384516,0.726316
09821694012766,0.060046,0.278489,0.003868,0.352667,0.759211
098216940148936,0.053771,0.250372,0.003459,0.340497,0.739912
098216940170213,0.051129,0.23252,0.003286,0.328586,0.745175
098216940191489,0.042512,0.234008,0.002725,0.31797,0.762281
098216940212766,0.047496,0.261083,0.003049,0.324184,0.728509
098216940234043,0.05296,0.316275,0.00343,0.342569,0.711404
098216940255319,0.157019,0.430824,0.010328,0.414034,0.660526
098216940276596,0.660952,0.549093,0.039815,0.482393,0.707018
098216940297872,0.095052,0.591937,0.006363,0.533143,0.474123
098216940319149,0.15852,0.6626,0.010648,0.598395,0.485965
098216940340426,0.150024,0.669592,0.010089,0.635681,0.452193
098216940361702,0.142158,0.644302,0.009589,0.641119,0.399123
098216940382979,0.106371,0.640434,0.007198,0.66028,0.362719
098216940404255,0.076798,0.624368,0.005179,0.650181,0.365789
098216940425532,0.051909,0.595507,0.003502,0.639565,0.334211
098216940446809,0.057404,0.583011,0.003901,0.630243,0.322807
098216940468085,0.050378,0.566201,0.003421,0.616002,0.357895
098216940489362,0.051279,0.557423,0.003494,0.602538,0.331579
098216940510638,0.049207,0.547307,0.00334,0.584153,0.345175
098216940531915,0.048637,0.532282,0.003311,0.573278,0.345175
098216940553191,0.048937,0.533621,0.003336,0.590368,0.304825
098216940574468,0.048907,0.521868,0.003344,0.591662,0.307018
098216940595745,0.048487,0.515769,0.003322,0.575867,0.351316
098216940617021,0.048487,0.504165,0.003324,0.56551,0.324561
098216940638298,0.048487,0.500149,0.003342,0.555671,0.373246
098216940659574,0.048607,0.514579,0.003342,0.55334,0.344298
098216940680851,0.049718,0.537043,0.0034,0.552822,0.374123
098216940702128,0.076078,0.587176,0.005156,0.580528,0.399561
098216940723404,0.101087,0.687295,0.006795,0.639306,0.504386
098216940744681,0.115888,0.755579,0.007767,0.721129,0.413158
098216940765957,0.099946,0.747694,0.006676,0.694459,0.398684
098216940787234,0.07878,0.721363,0.005253,0.654842,0.431579
098216940808511,0.069833,0.686849,0.00467,0.61419,0.420614
098216940829787,0.063678,0.659774,0.004275,0.587002,0.415789
098216940851064,0.139516,0.641773,0.009397,0.556447,0.45614
09821694087234,0.061036,0.615144,0.004163,0.52667,0.435088
098216940893617,0.053351,0.574978,0.003633,0.494045,0.473246
098216940914894,0.033686,0.527968,0.002277,0.472553,0.49693
09821694093617,0.095983,0.560399,0.006431,0.435267,0.619298
098216940957447,0.059745,0.56501,0.002198,0.415588,0.562281
098216940978723,0.082773,0.562184,0.005573,0.470741,0.587281
0982169410,0.088657,0.54939,0.005895,0.46116,0.62193
0986594500,0.083884,0.53853,0.005544,0.428276,0.679386
098659450021277,0.062477,0.526629,0.004098,0.41015,0.683333
098659450042553,0.132731,0.489438,0.008795,0.462973,0.585088
09865945006383,0.107872,0.444362,0.00711,0.448731,0.655702
098659450085106,0.107422,0.375483,0.006955,0.415588,0.755263
098659450106383,0.043113,0.327432,0.002761,0.383221,0.798684
09865945012766,0.048697,0.277893,0.003114,0.355515,0.743421
098659450148936,0.034556,0.245463,0.002221,0.339461,0.74386
098659450170213,0.034826,0.22776,0.002227,0.321854,0.775
098659450191489,0.031104,0.229098,0.00198,0.313827,0.796053
098659450212766,0.041582,0.25781,0.002655,0.321595,0.776316
098659450234043,0.033145,0.307498,0.002127,0.335577,0.742982
098659450255319,0.078269,0.410443,0.005125,0.406525,0.658772
098659450276596,0.218176,0.530051,0.014481,0.476955,0.586404
098659450297872,0.079891,0.577953,0.005359,0.536769,0.477632
098659450319149,0.114747,0.652187,0.008008,0.596064,0.504825
098659450340426,0.072535,0.661708,0.00485,0.624029,0.447807
098659450361702,0.068722,0.633294,0.004605,0.617038,0.411404
098659450382979,0.055122,0.626153,0.003704,0.628949,0.378947
098659450404255,0.049027,0.608004,0.003299,0.604609,0.374123
098659450425532,0.049628,0.590598,0.003351,0.588814,0.355702
098659450446809,0.047106,0.567688,0.003199,0.579234,0.355263
098659450468085,0.041191,0.545373,0.002802,0.537804,0.351754
098659450489362,0.048217,0.535406,0.003286,0.571983,0.307456
098659450510638,0.048037,0.527075,0.003303,0.552046,0.288158
098659450531915,0.048037,0.515174,0.003322,0.550492,0.260965
098659450553191,0.048037,0.511306,0.003359,0.571724,0.250439
098659450574468,0.048037,0.506099,0.003371,0.573537,0.256579
098659450595745,0.048037,0.496132,0.00338,0.571207,0.266667
098659450617021,0.048037,0.484231,0.003378,0.552305,0.288596
098659450638298,0.048037,0.479768,0.00339,0.548421,0.300877
098659450659574,0.047886,0.488248,0.00338,0.544019,0.278509
098659450680851,0.048457,0.50476,0.003376,0.555412,0.339474
098659450702128,0.053981,0.546415,0.003704,0.582341,0.345175
098659450723404,0.098355,0.628979,0.006722,0.636976,0.307018
098659450744681,0.678876,0.709313,0.045529,0.697048,0.097368
098659450765957,0.087456,0.711842,0.00581,0.684878,0.388596
098659450787234,0.076888,0.693544,0.005172,0.647074,0.389912
098659450808511,0.068602,0.668849,0.004605,0.611082,0.397807
098659450829787,0.067912,0.647575,0.004584,0.576126,0.40307
098659450851064,0.169809,0.631211,0.011547,0.548679,0.435965
09865945087234,0.067191,0.616186,0.004616,0.515536,0.458772
098659450893617,0.097694,0.574085,0.006317,0.480062,0.477193
098659450914894,0.074397,0.530199,0.005075,0.444847,0.489474
09865945093617,0.130059,0.552663,0.008934,0.416882,0.534649
098659450957447,0.072565,0.557423,0.004659,0.389694,0.540789
098659450978723,0.132281,0.547754,0.009084,0.452097,0.494737
0986594510,0.080221,0.536745,0.005424,0.433454,0.619298
0991018600,0.064249,0.532728,0.004279,0.41015,0.621491
099101860021277,0.067011,0.518149,0.004051,0.377784,0.690789
099101860042553,0.136274,0.484231,0.008147,0.443294,0.570175
09910186006383,0.077549,0.430675,0.005145,0.415329,0.638596
099101860085106,0.048427,0.364475,0.003182,0.386328,0.692544
099101860106383,0.03972,0.31925,0.002586,0.352149,0.707018
09910186012766,0.038099,0.269563,0.002466,0.327033,0.696491
099101860148936,0.033956,0.241595,0.002196,0.316675,0.717544
099101860170213,0.037108,0.224933,0.002389,0.3058,0.755263
099101860191489,0.032665,0.223445,0.002092,0.291559,0.774123
099101860212766,0.043353,0.259298,0.002784,0.299586,0.764912
099101860234043,0.055572,0.304671,0.003592,0.316157,0.701754
099101860255319,0.109403,0.412229,0.007235,0.385034,0.613596
099101860276596,0.126336,0.528563,0.008411,0.449508,0.618421
099101860297872,0.054011,0.580184,0.003656,0.499741,0.526754
099101860319149,0.103278,0.663493,0.007032,0.548421,0.519737
099101860340426,0.055482,0.671526,0.00376,0.576385,0.476754
099101860361702,0.06521,0.651443,0.00446,0.581823,0.408772
099101860382979,0.053471,0.647724,0.003681,0.583118,0.359211
099101860404255,0.042662,0.632252,0.002923,0.579492,0.328509
099101860425532,0.040171,0.610533,0.002757,0.562921,0.330702
099101860446809,0.040261,0.590598,0.002771,0.554117,0.353509
099101860468085,0.031974,0.559655,0.002185,0.541688,0.45
099101860489362,0.028942,0.546861,0.001971,0.538063,0.369298
099101860510638,0.028942,0.530051,0.001992,0.528224,0.395614
099101860531915,0.028942,0.519042,0.001996,0.522268,0.391228
099101860553191,0.028822,0.506099,0.00199,0.538322,0.414035
099101860574468,0.028942,0.497322,0.001992,0.529259,0.443421
099101860595745,0.027891,0.484082,0.001911,0.520197,0.485965
099101860617021,0.027291,0.471883,0.001865,0.512947,0.533772
099101860638298,0.027201,0.459685,0.001853,0.49275,0.518421
099101860659574,0.027291,0.475007,0.001859,0.479803,0.570175
099101860680851,0.027771,0.493752,0.00189,0.47825,0.55614
099101860702128,0.028942,0.528712,0.001955,0.491973,0.532456
099101860723404,0.031134,0.607855,0.002065,0.540911,0.551754
099101860744681,0.031044,0.671675,0.002056,0.626618,0.496053
099101860765957,0.030773,0.663195,0.002009,0.618591,0.440351
099101860787234,0.030893,0.647575,0.002007,0.579234,0.503947
099101860808511,0.030173,0.610533,0.001967,0.544278,0.542982
099101860829787,0.029422,0.580184,0.001938,0.523045,0.574561
099101860851064,0.029392,0.56873,0.001938,0.493786,0.589912
09910186087234,0.029602,0.549688,0.001959,0.470999,0.644298
099101860893617,0.028852,0.521571,0.001907,0.427758,0.671053
099101860914894,0.027171,0.485421,0.001799,0.39565,0.701316
09910186093617,0.031734,0.524695,0.002083,0.387364,0.800439
099101860957447,0.030893,0.538084,0.002002,0.385293,0.732018
099101860978723,0.0393,0.536745,0.002586,0.453651,0.696053
0991018610,0.038459,0.529604,0.002513,0.439669,0.763596
0995443700,0.040261,0.515323,0.002609,0.410668,0.772807
099544370021277,0.040261,0.505653,0.0023,0.381409,0.833772
099544370042553,0.040171,0.471288,0.002503,0.431124,0.75614
09954437006383,0.033926,0.414162,0.002177,0.408597,0.791228
099544370085106,0.030413,0.348408,0.001911,0.378042,0.801754
099544370106383,0.031044,0.29396,0.001894,0.337649,0.831579
09954437012766,0.029392,0.24695,0.001805,0.302952,0.831579
099544370148936,0.029813,0.211098,0.001307,0.280166,0.816228
099544370170213,0.030473,0.189229,0.001066,0.261781,0.816228
099544370191489,0.027711,0.176584,0.000877,0.234593,0.816228
099544370212766,0.027201,0.184023,0.000908,0.223459,0.838158
099544370234043,0.027951,0.202618,0.000893,0.225531,0.838158
099544370255319,0.029843,0.240256,0.001759,0.236147,0.853509
099544370276596,0.032965,0.284439,0.001782,0.253755,0.831579
099544370297872,0.038489,0.346772,0.002002,0.254013,0.878947
099544370319149,0.048397,0.446147,0.002505,0.292336,0.878947
099544370340426,0.048247,0.514133,0.002881,0.326256,0.861842
099544370361702,0.1049,0.556531,0.003587,0.355515,0.787719
099544370382979,0.070734,0.575126,0.004572,0.375971,0.825877
099544370404255,0.048097,0.558167,0.003101,0.385293,0.798246
099544370425532,0.042422,0.535555,0.002736,0.382185,0.803947
099544370446809,0.040681,0.494198,0.002619,0.374935,0.818421
099544370468085,0.03993,0.468462,0.002559,0.367944,0.795614
099544370489362,0.037979,0.445403,0.002422,0.353703,0.816667
099544370510638,0.034286,0.421006,0.002148,0.335836,0.823246
099544370531915,0.032635,0.401517,0.002048,0.324443,0.823246
099544370553191,0.033265,0.382624,0.002129,0.332729,0.788158
099544370574468,0.031374,0.366111,0.002017,0.32522,0.789474
099544370595745,0.028792,0.346177,0.001853,0.311238,0.790351
099544370617021,0.027321,0.335317,0.001764,0.289746,0.785526
099544370638298,0.027471,0.335912,0.001776,0.284309,0.808772
099544370659574,0.030713,0.341863,0.001988,0.283273,0.782018
099544370680851,0.029723,0.365219,0.001926,0.294148,0.777193
099544370702128,0.037288,0.435882,0.002416,0.334283,0.715351
099544370723404,0.06527,0.51562,0.004287,0.410927,0.630263
099544370744681,0.096643,0.597292,0.006433,0.478767,0.623246
099544370765957,0.081692,0.59878,0.005451,0.484205,0.60307
099544370787234,0.054131,0.576019,0.003594,0.455463,0.660088
099544370808511,0.041341,0.537786,0.002713,0.428793,0.707456
099544370829787,0.040801,0.494198,0.002655,0.407561,0.736404
099544370851064,0.042843,0.481702,0.002765,0.378819,0.773246
09954437087234,0.043743,0.464891,0.002817,0.365096,0.780263
099544370893617,0.047796,0.447486,0.00297,0.340497,0.791228
099544370914894,0.038489,0.417733,0.002443,0.323408,0.789035
09954437093617,0.046265,0.437221,0.002896,0.323925,0.824123
099544370957447,0.084784,0.43975,0.005474,0.313827,0.674561
099544370978723,0.1711,0.440048,0.011298,0.359658,0.622807
0995443710,0.095833,0.413567,0.006334,0.357328,0.676316
0885978100,0.064819,0.387682,0.004265,0.33972,0.719298
088597810021277,0.067671,0.331449,0.004416,0.325738,0.679825
088597810042553,0.083974,0.323862,0.005521,0.379855,0.592544
08859781006383,0.069683,0.27105,0.004566,0.36173,0.649123
088597810085106,0.050769,0.22404,0.00329,0.324443,0.704825
088597810106383,0.034856,0.198007,0.00225,0.29855,0.740789
08859781012766,0.031944,0.160518,0.002063,0.274728,0.75307
088597810148936,0.029062,0.142517,0.001882,0.252978,0.750439
088597810170213,0.02579,0.128831,0.001668,0.229933,0.798684
088597810191489,0.02597,0.122731,0.001678,0.209477,0.803509
088597810212766,0.02654,0.131211,0.001712,0.191869,0.789912
088597810234043,0.027501,0.140286,0.001774,0.178405,0.790351
088597810255319,0.029092,0.159625,0.001876,0.174521,0.79386
088597810276596,0.029272,0.181642,0.001882,0.169601,0.791667
088597810297872,0.032365,0.214817,0.001473,0.155101,0.798246
088597810319149,0.045425,0.283547,0.002914,0.162869,0.807018
088597810340426,0.057974,0.349152,0.003731,0.194718,0.789474
088597810361702,0.094872,0.408361,0.006109,0.225272,0.82193
088597810382979,0.062898,0.447486,0.004036,0.247799,0.720614
088597810404255,0.077099,0.45909,0.005052,0.264371,0.704825
088597810425532,0.069203,0.450312,0.004545,0.272657,0.710526
088597810446809,0.064039,0.432609,0.004219,0.27421,0.63114
088597810468085,0.037829,0.413865,0.002489,0.278871,0.675439
088597810489362,0.037438,0.398542,0.002451,0.282496,0.698684
088597810510638,0.033175,0.381137,0.002169,0.286639,0.699561
088597810531915,0.035187,0.362392,0.002295,0.280943,0.705702
088597810553191,0.032275,0.338738,0.002102,0.294925,0.732018
088597810574468,0.028762,0.32044,0.001861,0.283532,0.772807
088597810595745,0.028672,0.309283,0.001843,0.273951,0.791228
088597810617021,0.028882,0.302737,0.001853,0.270067,0.795614
088597810638298,0.028011,0.3072,0.001224,0.278353,0.809649
088597810659574,0.027711,0.307349,0.001653,0.298291,0.809649
088597810680851,0.027591,0.33859,0.001791,0.300363,0.757456
088597810702128,0.032154,0.398096,0.002104,0.34231,0.699123
088597810723404,0.057944,0.484826,0.003806,0.425427,0.659649
088597810744681,0.066831,0.553407,0.004429,0.491973,0.599123
088597810765957,0.068512,0.570366,0.004568,0.506732,0.589912
088597810787234,0.046986,0.544183,0.003116,0.480839,0.649123
088597810808511,0.040261,0.508628,0.002644,0.463231,0.660088
088597810829787,0.045364,0.498959,0.002964,0.440963,0.706579
088597810851064,0.040261,0.472478,0.002615,0.421025,0.714912
08859781087234,0.038069,0.461172,0.002453,0.402123,0.732456
088597810893617,0.030053,0.421154,0.001926,0.381926,0.778509
088597810914894,0.028312,0.384112,0.001801,0.345417,0.792544
08859781093617,0.029242,0.398393,0.001863,0.331952,0.809649
088597810957447,0.028582,0.390955,0.001809,0.317452,0.799561
088597810978723,0.031464,0.387831,0.002034,0.368203,0.757018
0885978110,0.028312,0.366706,0.001824,0.35914,0.744298
0889076200,0.028852,0.347962,0.001809,0.342569,0.72193
088907620021277,0.027861,0.313448,0.001772,0.312791,0.711404
088907620042553,0.028492,0.290241,0.001867,0.372605,0.675
08890762006383,0.027771,0.256471,0.001818,0.357328,0.690351
088907620085106,0.028372,0.224784,0.001851,0.331693,0.706579
088907620106383,0.027831,0.19637,0.001811,0.311497,0.729825
08890762012766,0.027171,0.167658,0.001768,0.281201,0.729386
088907620148936,0.027171,0.154865,0.001766,0.263853,0.718421
088907620170213,0.027621,0.15055,0.001791,0.260228,0.775877
088907620191489,0.028221,0.158584,0.001822,0.250129,0.788158
088907620212766,0.028312,0.197263,0.001828,0.257121,0.80307
088907620234043,0.027621,0.245611,0.001791,0.277059,0.764912
088907620255319,0.028101,0.346921,0.001853,0.348006,0.683772
088907620276596,0.028972,0.454924,0.00193,0.426463,0.557895
088907620297872,0.028432,0.500298,0.001928,0.487053,0.494737
088907620319149,0.029242,0.573788,0.001992,0.558001,0.414474
088907620340426,0.029212,0.590449,0.001978,0.587002,0.358333
088907620361702,0.029302,0.582862,0.001984,0.596841,0.34386
088907620382979,0.029242,0.593722,0.001973,0.600207,0.339474
088907620404255,0.029092,0.584796,0.001953,0.585189,0.357018
088907620425532,0.028942,0.575424,0.001951,0.569394,0.39693
088907620446809,0.028942,0.560101,0.001961,0.564992,0.39693
088907620468085,0.028942,0.54582,0.00198,0.561108,0.459649
088907620489362,0.027591,0.538679,0.001903,0.553599,0.456579
088907620510638,0.027201,0.530646,0.001876,0.529518,0.474123
088907620531915,0.027261,0.522017,0.001874,0.535215,0.504386
088907620553191,0.027321,0.516662,0.001876,0.552046,0.469737
088907620574468,0.027171,0.508777,0.001863,0.545054,0.525
088907620595745,0.027561,0.504463,0.001888,0.537027,0.475877
088907620617021,0.027561,0.49152,0.001899,0.534697,0.446053
088907620638298,0.028342,0.484231,0.001965,0.524081,0.406579
088907620659574,0.028612,0.494198,0.00199,0.526152,0.41886
088907620680851,0.028972,0.521868,0.002019,0.543242,0.394737
088907620702128,0.033806,0.572746,0.002364,0.581564,0.360965
088907620723404,0.034646,0.649509,0.002401,0.675557,0.284211
088907620744681,0.034106,0.697114,0.002356,0.729674,0.284211
088907620765957,0.029663,0.67227,0.002011,0.706888,0.207456
088907620787234,0.029542,0.637905,0.001988,0.652253,0.237281
088907620808511,0.029182,0.597739,0.001975,0.606422,0.305702
088907620829787,0.028942,0.559952,0.001992,0.573796,0.339035
088907620851064,0.028942,0.539125,0.002007,0.54376,0.313596
08890762087234,0.028522,0.515025,0.001994,0.513465,0.390351
088907620893617,0.027921,0.482297,0.001957,0.480321,0.337719
088907620914894,0.027141,0.435287,0.00189,0.445106,0.399123
08890762093617,0.028041,0.466379,0.001755,0.404454,0.568421
088907620957447,0.027231,0.473669,0.00182,0.394873,0.581579
088907620978723,0.029092,0.480363,0.001967,0.45391,0.502193
0889076210,0.029843,0.481256,0.001992,0.441222,0.542982
088912300,0.032875,0.481553,0.002177,0.415847,0.6
08891230021277,0.030143,0.466825,0.001984,0.385293,0.573246
08891230042553,0.035067,0.434395,0.002277,0.451838,0.498684
0889123006383,0.028642,0.383814,0.001905,0.42957,0.611404
08891230085106,0.028432,0.323118,0.00189,0.397721,0.588158
08891230106383,0.027261,0.275662,0.001811,0.365355,0.574561
0889123012766,0.027141,0.232074,0.001791,0.340497,0.65614
08891230148936,0.02639,0.202916,0.001732,0.312791,0.629825
08891230170213,0.022577,0.185957,0.001477,0.309166,0.697368
08891230191489,0.022607,0.18313,0.001473,0.293889,0.695614
08891230212766,0.02603,0.216602,0.001697,0.301657,0.707018
08891230234043,0.02609,0.256918,0.001712,0.321854,0.607018
08891230255319,0.028402,0.349301,0.001894,0.392025,0.528947
08891230276596,0.029152,0.448378,0.001971,0.467374,0.390789
08891230297872,0.029392,0.490479,0.002027,0.526152,0.35307
08891230319149,0.029092,0.559952,0.002025,0.598395,0.309649
08891230340426,0.028972,0.575722,0.002011,0.624288,0.270175
08891230361702,0.029152,0.569473,0.002017,0.627654,0.295175
08891230382979,0.029032,0.580184,0.002013,0.624288,0.241667
08891230404255,0.029242,0.580482,0.001988,0.61652,0.219298
08891230425532,0.029302,0.576019,0.001998,0.613672,0.259649
08891230446809,0.029272,0.564713,0.002009,0.610564,0.290351
08891230468085,0.031194,0.562333,0.002162,0.59477,0.325877
08891230489362,0.029212,0.559209,0.002038,0.591403,0.300439
08891230510638,0.030924,0.549836,0.002162,0.568358,0.344737
08891230531915,0.029092,0.543588,0.002036,0.568358,0.314035
08891230553191,0.029092,0.54463,0.002038,0.591921,0.339035
08891230574468,0.031704,0.541506,0.002227,0.59477,0.30614
08891230595745,0.029092,0.530943,0.002044,0.581564,0.306579
08891230617021,0.028942,0.537935,0.002027,0.571724,0.326316
08891230638298,0.028942,0.536001,0.002029,0.554635,0.333333
08891230659574,0.035577,0.56025,0.002482,0.565769,0.355263
08891230680851,0.03882,0.588218,0.0027,0.566805,0.387719
08891230702128,0.03951,0.634484,0.002752,0.610306,0.310965
08891230723404,0.049718,0.695924,0.00345,0.684102,0.242105
08891230744681,0.044884,0.741297,0.003108,0.753496,0.272368
08891230765957,0.040171,0.719131,0.002734,0.729674,0.348684
08891230787234,0.033175,0.680006,0.002246,0.677369,0.307456
08891230808511,0.030443,0.640434,0.002065,0.635681,0.288596
08891230829787,0.029482,0.60607,0.002009,0.60927,0.277193
08891230851064,0.029272,0.583606,0.002009,0.583376,0.358333
0889123087234,0.029212,0.554597,0.002002,0.546867,0.335526
08891230893617,0.028792,0.513984,0.001984,0.5145,0.390789
08891230914894,0.027171,0.469354,0.001882,0.481875,0.406579
0889123093617,0.028702,0.497322,0.00198,0.446401,0.519737
08891230957447,0.028672,0.504017,0.001955,0.412222,0.502193
08891230978723,0.029512,0.501339,0.002007,0.476955,0.492105
088912310,0.033656,0.492413,0.002256,0.465044,0.530263
0889164400,0.035127,0.496727,0.002339,0.446919,0.609211
088916440021277,0.031884,0.472925,0.002113,0.423356,0.561404
088916440042553,0.035307,0.440643,0.002364,0.483687,0.496491
08891644006383,0.029572,0.390955,0.001982,0.464785,0.492544
088916440085106,0.028972,0.328027,0.00194,0.42465,0.529386
088916440106383,0.029002,0.276406,0.001832,0.392543,0.546491
08891644012766,0.027951,0.234603,0.001847,0.36898,0.65614
088916440148936,0.027621,0.206784,0.001811,0.342051,0.664035
088916440170213,0.027141,0.189081,0.001774,0.334024,0.681579
088916440191489,0.02612,0.19161,0.001705,0.319524,0.697807
088916440212766,0.027471,0.219131,0.001766,0.327809,0.723684
088916440234043,0.027351,0.26748,0.001793,0.351372,0.620175
088916440255319,0.030623,0.362243,0.002048,0.428017,0.504825
088916440276596,0.034526,0.466677,0.002341,0.500777,0.429386
088916440297872,0.034436,0.512794,0.002366,0.545831,0.378947
088916440319149,0.034436,0.587325,0.002391,0.628431,0.321491
088916440340426,0.030263,0.613954,0.002102,0.668566,0.271491
088916440361702,0.029813,0.594466,0.002075,0.664682,0.24386
088916440382979,0.028972,0.606218,0.002023,0.666494,0.29386
088916440404255,0.028942,0.608896,0.002021,0.65044,0.328947
088916440425532,0.028942,0.601458,0.002025,0.637752,0.303947
088916440446809,0.036628,0.595656,0.002547,0.631279,0.312281
088916440468085,0.036988,0.587325,0.002559,0.618332,0.347807
088916440489362,0.034676,0.58435,0.002401,0.60435,0.347807
088916440510638,0.035517,0.584052,0.002464,0.585189,0.374123
088916440531915,0.034496,0.573193,0.002387,0.571724,0.362719
088916440553191,0.034947,0.570961,0.002432,0.588555,0.325439
088916440574468,0.033145,0.567688,0.00231,0.585189,0.366228
088916440595745,0.028912,0.561738,0.002023,0.563956,0.392544
088916440617021,0.028672,0.551026,0.002009,0.556706,0.356579
088916440638298,0.028612,0.548795,0.002,0.54117,0.420175
088916440659574,0.030023,0.578399,0.002092,0.541688,0.408333
088916440680851,0.03882,0.60607,0.002682,0.535733,0.459649
088916440702128,0.03957,0.659774,0.002721,0.563698,0.436842
088916440723404,0.03954,0.720916,0.002717,0.634386,0.334649
088916440744681,0.040261,0.757959,0.002754,0.714397,0.341667
088916440765957,0.037769,0.738768,0.002545,0.692905,0.397368
088916440787234,0.033986,0.702767,0.002279,0.649663,0.398246
088916440808511,0.033596,0.665873,0.002258,0.598912,0.410526
088916440829787,0.033415,0.630467,0.002231,0.576903,0.421491
088916440851064,0.030773,0.600565,0.002083,0.546608,0.414474
08891644087234,0.031674,0.585986,0.002152,0.519679,0.399561
088916440893617,0.029212,0.542696,0.002,0.491714,0.433772
088916440914894,0.027201,0.490925,0.001865,0.453651,0.505702
08891644093617,0.028432,0.517108,0.00194,0.433713,0.511842
088916440957447,0.027771,0.519042,0.001878,0.408079,0.514035
088916440978723,0.030503,0.519042,0.002056,0.462714,0.529825
0889164410,0.032875,0.505653,0.002185,0.445883,0.55307
0889208500,0.036448,0.506099,0.002142,0.424909,0.62193
088920850021277,0.031494,0.478429,0.001963,0.39332,0.575877
088920850042553,0.032815,0.447635,0.002137,0.44899,0.51886
08892085006383,0.030263,0.390658,0.001948,0.436561,0.546491
088920850085106,0.028522,0.328474,0.001884,0.394614,0.538596
088920850106383,0.029122,0.284885,0.001834,0.362765,0.568421
08892085012766,0.027981,0.237578,0.001832,0.334801,0.657018
088920850148936,0.027771,0.208866,0.001813,0.323149,0.685965
088920850170213,0.025609,0.193246,0.00167,0.306577,0.7
088920850191489,0.025519,0.194734,0.001664,0.299845,0.710965
088920850212766,0.02618,0.219726,0.00171,0.300104,0.696053
088920850234043,0.02576,0.268373,0.001691,0.31797,0.642544
088920850255319,0.028462,0.36388,0.001892,0.393061,0.515351
088920850276596,0.029933,0.460875,0.002029,0.474366,0.385088
088920850297872,0.032545,0.515472,0.002243,0.521491,0.375439
088920850319149,0.029633,0.589259,0.002061,0.58985,0.30307
088920850340426,0.029002,0.603987,0.002027,0.615743,0.366667
088920850361702,0.028942,0.592532,0.002017,0.61652,0.325877
088920850382979,0.028942,0.595359,0.002029,0.606422,0.360088
088920850404255,0.028942,0.586433,0.002044,0.595028,0.413596
088920850425532,0.028942,0.583755,0.002044,0.577162,0.417544
088920850446809,0.028942,0.568581,0.00204,0.568876,0.420175
088920850468085,0.028972,0.561886,0.002015,0.561108,0.366667
088920850489362,0.029032,0.558167,0.002005,0.552563,0.348246
088920850510638,0.029062,0.546861,0.002005,0.534179,0.408333
088920850531915,0.028942,0.540464,0.002002,0.530295,0.383772
088920850553191,0.028942,0.536447,0.002015,0.542206,0.399123
088920850574468,0.028582,0.528712,0.001994,0.540394,0.359649
088920850595745,0.027231,0.520827,0.001903,0.531072,0.37807
088920850617021,0.027141,0.50967,0.001886,0.530554,0.404825
088920850638298,0.027141,0.498512,0.001884,0.515277,0.416228
088920850659574,0.027141,0.507885,0.001878,0.511911,0.428947
088920850680851,0.027741,0.523654,0.00193,0.508545,0.391667
088920850702128,0.028702,0.559952,0.002013,0.526929,0.429825
088920850723404,0.031824,0.640881,0.002223,0.584671,0.377193
088920850744681,0.030473,0.70723,0.002088,0.663128,0.325439
088920850765957,0.029753,0.705742,0.002013,0.646556,0.345175
088920850787234,0.029873,0.681345,0.002011,0.604609,0.324123
088920850808511,0.029843,0.648468,0.002002,0.564733,0.321491
088920850829787,0.029482,0.623178,0.001992,0.542724,0.338596
088920850851064,0.029422,0.605475,0.001996,0.520715,0.382018
08892085087234,0.029212,0.582416,0.00199,0.49767,0.439474
088920850893617,0.028432,0.541952,0.001944,0.459347,0.489474
088920850914894,0.027141,0.494347,0.001853,0.435008,0.526754
08892085093617,0.027471,0.523207,0.001872,0.40523,0.578509
088920850957447,0.027561,0.531389,0.001863,0.383739,0.560526
088920850978723,0.029092,0.529902,0.001971,0.446142,0.501316
0889208510,0.030683,0.519042,0.00205,0.428017,0.57193
0889253600,0.034016,0.516662,0.002243,0.406784,0.634211
088925360021277,0.029152,0.498066,0.001886,0.378819,0.65614
088925360042553,0.033686,0.457899,0.002192,0.436044,0.530263
08892536006383,0.029212,0.405832,0.00183,0.406784,0.546491
088925360085106,0.029212,0.345879,0.001836,0.383221,0.568421
088925360106383,0.030233,0.296043,0.001843,0.342051,0.568421
08892536012766,0.028972,0.244421,0.001801,0.309166,0.634211
088925360148936,0.028191,0.221809,0.00103,0.287675,0.74386
088925360170213,0.02609,0.201726,0.001685,0.278871,0.766667
088925360191489,0.02585,0.204403,0.001666,0.267219,0.757895
088925360212766,0.028312,0.233264,0.001832,0.271103,0.767982
088925360234043,0.027801,0.273431,0.001807,0.298809,0.699561
088925360255319,0.031644,0.372359,0.002094,0.370274,0.630702
088925360276596,0.034947,0.479024,0.002349,0.445624,0.478509
088925360297872,0.029122,0.503124,0.001988,0.490161,0.420614
088925360319149,0.029152,0.58554,0.002007,0.553858,0.372807
088925360340426,0.029332,0.607111,0.002007,0.578975,0.310088
088925360361702,0.029422,0.590003,0.002009,0.575867,0.316667
088925360382979,0.029242,0.597144,0.001982,0.579492,0.273246
088925360404255,0.028942,0.586135,0.001971,0.566028,0.328509
088925360425532,0.028942,0.576763,0.001984,0.556447,0.35
088925360446809,0.028942,0.565605,0.001988,0.554635,0.299123
088925360468085,0.027921,0.548051,0.001936,0.545572,0.38114
088925360489362,0.028251,0.54463,0.001973,0.545572,0.363596
088925360510638,0.027561,0.535406,0.001936,0.531331,0.371053
088925360531915,0.027231,0.523356,0.001901,0.528224,0.35307
088925360553191,0.027531,0.515323,0.001928,0.529518,0.362281
088925360574468,0.02693,0.503273,0.001884,0.533143,0.32807
088925360595745,0.02672,0.495537,0.001865,0.517607,0.351754
088925360617021,0.02672,0.489289,0.001861,0.504402,0.403509
088925360638298,0.02672,0.482892,0.001853,0.485241,0.425
088925360659574,0.02672,0.492711,0.001853,0.483946,0.441667
088925360680851,0.02684,0.510414,0.001863,0.484464,0.416667
088925360702128,0.028372,0.54939,0.001973,0.496116,0.492544
088925360723404,0.028882,0.61321,0.002036,0.552563,0.414912
088925360744681,0.028972,0.659923,0.002015,0.60668,0.217544
088925360765957,0.029002,0.641029,0.001948,0.602279,0.285088
088925360787234,0.028942,0.620054,0.001957,0.562403,0.369298
088925360808511,0.028462,0.58316,0.001957,0.518125,0.420614
088925360829787,0.027891,0.557572,0.001913,0.501036,0.450439
088925360851064,0.027021,0.526778,0.00187,0.476696,0.457018
08892536087234,0.02672,0.495091,0.00184,0.443035,0.492105
088925360893617,0.02624,0.472627,0.001797,0.41507,0.469298
088925360914894,0.025639,0.445552,0.001762,0.381668,0.432456
08892536093617,0.02684,0.49033,0.001845,0.370792,0.538158
088925360957447,0.02684,0.501934,0.001832,0.356033,0.558333
088925360978723,0.029062,0.511901,0.001951,0.436044,0.51886
0889253610,0.029783,0.504612,0.001982,0.424133,0.585965
0889297700,0.030473,0.492413,0.00194,0.390989,0.603509
088929770021277,0.029723,0.473073,0.001865,0.360176,0.612281
088929770042553,0.031134,0.439155,0.00194,0.409632,0.550877
08892977006383,0.029933,0.375781,0.001843,0.38348,0.537719
088929770085106,0.029512,0.319548,0.001464,0.338944,0.555263
088929770106383,0.031884,0.264207,0.001433,0.306318,0.564035
08892977012766,0.033566,0.223594,0.001425,0.270844,0.581579
088929770148936,0.029062,0.185957,0.000841,0.254531,0.612281
088929770170213,0.02663,0.163642,0.001012,0.237442,0.74386
088929770191489,0.016843,0.156799,0.001088,0.223459,0.786404
088929770212766,0.021346,0.160369,0.001377,0.215173,0.816228
088929770234043,0.023838,0.176882,0.001338,0.208959,0.809649
088929770255319,0.027291,0.20723,0.001477,0.231486,0.775877
088929770276596,0.028372,0.247694,0.000885,0.217245,0.72193
088929770297872,0.031074,0.296638,0.001228,0.23304,0.672807
088929770319149,0.032935,0.3795,0.001813,0.264889,0.620175
088929770340426,0.038189,0.44704,0.002009,0.310979,0.598246
088929770361702,0.034586,0.493454,0.002009,0.341274,0.570175
088929770382979,0.040591,0.520976,0.002009,0.373382,0.57193
088929770404255,0.057824,0.519786,0.002009,0.387364,0.576316
088929770425532,0.030833,0.498066,0.002009,0.393837,0.563596
088929770446809,0.030924,0.476198,0.002009,0.390212,0.555702
088929770468085,0.031374,0.44704,0.001921,0.393837,0.590351
088929770489362,0.028942,0.422047,0.00187,0.391248,0.634211
088929770510638,0.029152,0.401517,0.001872,0.391766,0.651754
088929770531915,0.029152,0.385748,0.001874,0.386069,0.660526
088929770553191,0.029092,0.366558,0.00188,0.396945,0.651754
088929770574468,0.029092,0.341119,0.001886,0.388141,0.660526
088929770595745,0.028912,0.329069,0.001872,0.377007,0.673684
088929770617021,0.028942,0.321928,0.001718,0.361471,0.67807
088929770638298,0.028732,0.313895,0.00187,0.359658,0.666667
088929770659574,0.027981,0.321333,0.001838,0.367167,0.657895
088929770680851,0.028131,0.35064,0.001859,0.390212,0.65614
088929770702128,0.028972,0.412824,0.001924,0.432418,0.599123
088929770723404,0.033956,0.489735,0.002273,0.493268,0.49693
088929770744681,0.040261,0.554299,0.002736,0.528742,0.470175
088929770765957,0.038489,0.546712,0.002613,0.528483,0.505702
088929770787234,0.029392,0.521571,0.00198,0.492491,0.547807
088929770808511,0.029002,0.486611,0.00194,0.461937,0.574561
088929770829787,0.028972,0.451503,0.001934,0.440963,0.574123
088929770851064,0.028041,0.427849,0.001872,0.414034,0.619737
08892977087234,0.028522,0.419518,0.001886,0.396945,0.638596
088929770893617,0.029512,0.398988,0.001589,0.377007,0.634211
088929770914894,0.029152,0.376227,0.001793,0.34956,0.634211
08892977093617,0.029633,0.397054,0.001905,0.343086,0.672807
088929770957447,0.028792,0.399137,0.001857,0.344899,0.687281
088929770978723,0.030353,0.40241,0.00199,0.416106,0.595614
0889297710,0.028522,0.378459,0.001874,0.406525,0.607895
0889341100,0.028912,0.353615,0.00189,0.394873,0.639035
088934110021277,0.027651,0.309134,0.001816,0.366649,0.689474
088934110042553,0.028402,0.276108,0.001876,0.424133,0.544737
08893411006383,0.027261,0.236388,0.001674,0.398498,0.65614
088934110085106,0.02618,0.19637,0.00172,0.358622,0.638158
088934110106383,0.025519,0.163939,0.00155,0.318488,0.67807
08893411012766,0.018194,0.136566,0.001186,0.290523,0.720175
088934110148936,0.016092,0.118417,0.001049,0.275246,0.735526
088934110170213,0.016543,0.103392,0.001074,0.249871,0.777193
088934110191489,0.016032,0.10488,0.001034,0.231227,0.767544
088934110212766,0.017113,0.109194,0.001103,0.207147,0.812719
088934110234043,0.018494,0.119756,0.001192,0.198602,0.782895
088934110255319,0.016392,0.141476,0.001051,0.185914,0.855263
088934110276596,0.019455,0.164832,0.001244,0.187985,0.845175
088934110297872,0.020596,0.18551,0.001055,0.164164,0.851316
088934110319149,0.024228,0.249033,0.001456,0.183066,0.785088
088934110340426,0.02615,0.316424,0.001691,0.210772,0.760526
088934110361702,0.027141,0.379649,0.001624,0.248317,0.69386
088934110382979,0.029152,0.427849,0.001778,0.276023,0.680263
088934110404255,0.029092,0.447783,0.001803,0.295184,0.675877
088934110425532,0.029212,0.446147,0.001778,0.30347,0.662719
088934110446809,0.028942,0.433948,0.001782,0.302952,0.691228
088934110468085,0.029212,0.421006,0.001774,0.314604,0.686842
088934110489362,0.029602,0.406427,0.001824,0.314604,0.67807
088934110510638,0.029663,0.401666,0.001857,0.314345,0.682456
088934110531915,0.032455,0.387533,0.002009,0.322113,0.688596
088934110553191,0.029783,0.371913,0.001899,0.34231,0.67807
088934110574468,0.029723,0.362838,0.001874,0.341792,0.682456
088934110595745,0.031524,0.359417,0.001899,0.330658,0.686842
088934110617021,0.030173,0.355698,0.001901,0.328586,0.704825
088934110638298,0.033535,0.361797,0.001971,0.325738,0.700877
088934110659574,0.034977,0.379351,0.001971,0.33014,0.699123
088934110680851,0.034766,0.412824,0.001934,0.329104,0.703509
088934110702128,0.068482,0.477239,0.003847,0.35448,0.682895
088934110723404,0.062988,0.54701,0.003947,0.431901,0.585088
088934110744681,0.056383,0.605921,0.003808,0.490937,0.562281
088934110765957,0.045845,0.620054,0.003097,0.503366,0.591667
088934110787234,0.048097,0.589408,0.002723,0.473848,0.628947
088934110808511,0.039,0.563374,0.002019,0.449508,0.633333
088934110829787,0.045485,0.539125,0.001986,0.431124,0.621053
088934110851064,0.034166,0.518001,0.002009,0.405748,0.655263
08893411087234,0.045244,0.499702,0.001934,0.389436,0.634211
088934110893617,0.036418,0.465189,0.002009,0.360435,0.659649
088934110914894,0.030984,0.433204,0.001932,0.342828,0.664912
08893411093617,0.034076,0.450312,0.001967,0.328068,0.679386
088934110957447,0.029572,0.447635,0.001874,0.32522,0.704386
088934110978723,0.045755,0.431717,0.002038,0.383221,0.680263
0889341110,0.028251,0.386938,0.001838,0.373641,0.657895
0889385200,0.027621,0.36269,0.001816,0.363542,0.627193
088938520021277,0.02678,0.324308,0.001766,0.337131,0.616667
088938520042553,0.027381,0.290092,0.00182,0.402641,0.550877
08893852006383,0.025369,0.254091,0.001683,0.379337,0.603947
088938520085106,0.02663,0.217941,0.001753,0.35448,0.64386
088938520106383,0.028942,0.179262,0.001491,0.322631,0.653947
08893852012766,0.02684,0.152931,0.001743,0.301398,0.717544
088938520148936,0.02591,0.132699,0.001678,0.278871,0.697807
088938520170213,0.01381,0.123475,0.000895,0.255308,0.763158
088938520191489,0.015071,0.120797,0.000968,0.238477,0.803947
088938520212766,0.017653,0.125558,0.001099,0.227084,0.838158
088938520234043,0.023568,0.141476,0.001506,0.223459,0.82807
088938520255319,0.028462,0.179262,0.001793,0.228897,0.833772
088938520276596,0.028582,0.20961,0.001793,0.229933,0.833772
088938520297872,0.022667,0.238024,0.000976,0.19912,0.838158
088938520319149,0.025009,0.295745,0.001508,0.212584,0.810526
088938520340426,0.027381,0.371169,0.001762,0.246504,0.797368
088938520361702,0.027831,0.430229,0.001813,0.276541,0.75614
088938520382979,0.028852,0.490181,0.001872,0.299068,0.759211
088938520404255,0.028942,0.508926,0.001834,0.31072,0.74386
088938520425532,0.037529,0.517257,0.002009,0.31305,0.745175
088938520446809,0.038189,0.496281,0.002009,0.309425,0.747368
088938520468085,0.05257,0.481404,0.002009,0.306059,0.746491
088938520489362,0.064249,0.46385,0.002009,0.303211,0.703509
088938520510638,0.070073,0.451056,0.002009,0.315122,0.659649
088938520531915,0.123274,0.43499,0.002009,0.314086,0.615789
088938520553191,0.034676,0.41327,0.002052,0.323666,0.703509
088938520574468,0.05254,0.397352,0.002009,0.315381,0.703509
088938520595745,0.03882,0.386343,0.002009,0.301139,0.703509
088938520617021,0.042933,0.383666,0.002009,0.290264,0.703509
088938520638298,0.050438,0.389914,0.002009,0.286898,0.703509
088938520659574,0.045034,0.40241,0.002009,0.293371,0.703509
088938520680851,0.038309,0.426361,0.001967,0.310461,0.703509
088938520702128,0.046866,0.486909,0.002734,0.355774,0.689474
088938520723404,0.074397,0.589557,0.004933,0.450803,0.610088
088938520744681,0.148193,0.670039,0.009981,0.533402,0.563596
088938520765957,0.114447,0.663493,0.007721,0.527447,0.576754
088938520787234,0.081272,0.640583,0.005436,0.503625,0.643421
088938520808511,0.09169,0.608747,0.006072,0.479026,0.667982
088938520829787,0.068542,0.577358,0.004508,0.458312,0.660526
088938520851064,0.066801,0.562928,0.004375,0.440963,0.705702
08893852087234,0.055332,0.535257,0.0036,0.420508,0.68114
088938520893617,0.050438,0.502678,0.002345,0.396686,0.72807
088938520914894,0.031314,0.448825,0.002019,0.371828,0.75614
08893852093617,0.029092,0.454627,0.001776,0.345935,0.72193
088938520957447,0.028552,0.435287,0.001791,0.313827,0.72193
088938520978723,0.033566,0.439155,0.002198,0.38581,0.671053
0889385210,0.029152,0.429188,0.001822,0.387105,0.67807
088943300,0.028702,0.413865,0.001857,0.382703,0.655263
08894330021277,0.027531,0.39765,0.001797,0.363801,0.651316
08894330042553,0.028131,0.369384,0.001843,0.438633,0.582456
0889433006383,0.027711,0.334573,0.001822,0.426463,0.587281
08894330085106,0.027381,0.287414,0.00178,0.396168,0.603509
08894330106383,0.028612,0.243529,0.001778,0.367685,0.616667
0889433012766,0.027441,0.213329,0.001803,0.346194,0.645175
08894330148936,0.026991,0.188783,0.00177,0.33014,0.661842
08894330170213,0.028312,0.177179,0.001849,0.312015,0.683772
08894330191489,0.027561,0.181791,0.001799,0.297514,0.717105
08894330212766,0.028552,0.218239,0.001857,0.307095,0.734211
08894330234043,0.027081,0.265248,0.001768,0.328327,0.726754
08894330255319,0.034106,0.369087,0.002243,0.404195,0.626316
08894330276596,0.031074,0.488991,0.002079,0.478767,0.498246
08894330297872,0.031884,0.542696,0.002183,0.540394,0.392105
08894330319149,0.036358,0.629277,0.002528,0.622216,0.339035
08894330340426,0.029272,0.645492,0.00204,0.657172,0.299561
08894330361702,0.036748,0.63493,0.002555,0.668307,0.294737
08894330382979,0.031134,0.641327,0.00216,0.676592,0.288596
08894330404255,0.029212,0.631955,0.002009,0.65536,0.284211
08894330425532,0.029242,0.62526,0.002009,0.636458,0.31886
08894330446809,0.030293,0.609789,0.002086,0.630761,0.332456
08894330468085,0.031494,0.597739,0.002181,0.609011,0.346491
08894330489362,0.029152,0.584945,0.002032,0.596582,0.36886
08894330510638,0.031344,0.578251,0.002175,0.575608,0.364912
08894330531915,0.029122,0.569473,0.002032,0.571983,0.351316
08894330553191,0.029062,0.56501,0.002025,0.583635,0.378509
08894330574468,0.029002,0.555638,0.002025,0.581305,0.367544
08894330595745,0.028882,0.548944,0.002017,0.55826,0.402193
08894330617021,0.028251,0.529604,0.001973,0.55101,0.365789
08894330638298,0.027201,0.538381,0.001901,0.535474,0.370175
08894330659574,0.028161,0.558911,0.001982,0.542983,0.379386
08894330680851,0.029933,0.594317,0.0021,0.558001,0.375877
08894330702128,0.036568,0.653377,0.002551,0.601243,0.354386
08894330723404,0.046445,0.743529,0.003265,0.683843,0.325877
08894330744681,0.07914,0.79753,0.00549,0.763076,0.290351
08894330765957,0.040261,0.785629,0.002771,0.746245,0.281579
08894330787234,0.036898,0.753347,0.002532,0.692905,0.330263
08894330808511,0.035127,0.714668,0.00241,0.647592,0.34693
08894330829787,0.035547,0.686998,0.002447,0.624288,0.360526
08894330851064,0.035337,0.668253,0.002435,0.591662,0.384211
0889433087234,0.035007,0.64222,0.002412,0.565769,0.374561
08894330893617,0.033746,0.59878,0.002329,0.530554,0.389474
08894330914894,0.028191,0.553853,0.001965,0.495598,0.427632
0889433093617,0.033746,0.570961,0.002314,0.460383,0.562719
08894330957447,0.030743,0.561143,0.002075,0.434231,0.501316
08894330978723,0.051159,0.554894,0.003463,0.484464,0.521053
088943310,0.048487,0.557275,0.002798,0.470741,0.55614
0889474400,0.050558,0.541059,0.003386,0.457017,0.567982
088947440021277,0.040771,0.517554,0.002387,0.438115,0.603509
088947440042553,0.063048,0.484231,0.003527,0.500518,0.50307
08894744006383,0.046115,0.434097,0.002719,0.484982,0.534211
088947440085106,0.037859,0.371616,0.002507,0.452356,0.572807
088947440106383,0.046926,0.322226,0.002592,0.425945,0.587719
08894744012766,0.036238,0.270306,0.002378,0.397462,0.625877
088947440148936,0.029572,0.233413,0.001928,0.378819,0.619737
088947440170213,0.029783,0.207676,0.001936,0.354997,0.648246
088947440191489,0.029542,0.209908,0.001911,0.350596,0.684649
088947440212766,0.045575,0.237281,0.002954,0.358881,0.675877
088947440234043,0.031434,0.288753,0.00205,0.372864,0.628947
088947440255319,0.06536,0.387831,0.004348,0.453133,0.49693
088947440276596,0.062538,0.501041,0.004271,0.537027,0.362281
088947440297872,0.035607,0.558911,0.002495,0.591662,0.237719
088947440319149,0.03942,0.6385,0.002779,0.658726,0.220614
088947440340426,0.040261,0.657394,0.002831,0.70637,0.257018
088947440361702,0.040261,0.631508,0.002821,0.7087,0.233772
088947440382979,0.032154,0.627046,0.002254,0.716986,0.207895
088947440404255,0.034406,0.620649,0.002397,0.695495,0.209649
088947440425532,0.031374,0.610235,0.002192,0.675816,0.222807
088947440446809,0.030954,0.585094,0.002179,0.658208,0.204386
088947440468085,0.031914,0.575722,0.002258,0.641378,0.212281
088947440489362,0.029933,0.566647,0.002115,0.624029,0.253509
088947440510638,0.028942,0.552663,0.002048,0.600984,0.277632
088947440531915,0.028702,0.543142,0.00204,0.590368,0.278509
088947440553191,0.028672,0.535109,0.002044,0.610306,0.25307
088947440574468,0.028432,0.530051,0.002027,0.606422,0.235965
088947440595745,0.027561,0.523802,0.001959,0.593993,0.237719
088947440617021,0.027231,0.51562,0.001944,0.585707,0.232456
088947440638298,0.027231,0.516067,0.001942,0.569135,0.257456
088947440659574,0.027981,0.537935,0.001996,0.56551,0.292544
088947440680851,0.029663,0.57587,0.002108,0.573537,0.289035
088947440702128,0.035637,0.631955,0.002522,0.611341,0.274123
088947440723404,0.061967,0.716751,0.00435,0.694718,0.279386
088947440744681,0.066861,0.777001,0.004651,0.777317,0.273246
088947440765957,0.040261,0.764802,0.002777,0.763335,0.266228
088947440787234,0.038669,0.738322,0.002667,0.708959,0.297807
088947440808511,0.036568,0.70604,0.002526,0.663905,0.310088
088947440829787,0.033265,0.677031,0.002304,0.624288,0.333333
088947440851064,0.034316,0.658286,0.002387,0.605127,0.346053
08894744087234,0.033746,0.630616,0.002345,0.576644,0.351754
088947440893617,0.034796,0.587623,0.00242,0.544278,0.387281
088947440914894,0.028612,0.540018,0.001992,0.504402,0.38114
08894744093617,0.032605,0.555638,0.002243,0.470223,0.51886
088947440957447,0.032305,0.549985,0.002192,0.448731,0.474561
088947440978723,0.043863,0.543439,0.002987,0.500259,0.505263
0889474410,0.046235,0.533323,0.00312,0.493268,0.542105
0889518500,0.071274,0.53496,0.004495,0.476696,0.6
088951850021277,0.055242,0.519935,0.002831,0.457276,0.594737
088951850042553,0.063708,0.488099,0.003756,0.512947,0.498684
08895185006383,0.061817,0.438857,0.003108,0.496116,0.492982
088951850085106,0.063738,0.377715,0.002214,0.454428,0.516228
088951850106383,0.074817,0.32535,0.002009,0.416882,0.52193
08895185012766,0.048937,0.274472,0.002009,0.375453,0.541228
088951850148936,0.029572,0.23981,0.001764,0.354997,0.590351
088951850170213,0.029723,0.220768,0.00194,0.339979,0.669737
088951850191489,0.029422,0.220619,0.001907,0.330917,0.713596
088951850212766,0.038729,0.247099,0.002511,0.336354,0.682456
088951850234043,0.033776,0.295745,0.002206,0.355256,0.627632
088951850255319,0.060646,0.395716,0.004009,0.426722,0.58114
088951850276596,0.059085,0.500893,0.004003,0.508286,0.454386
088951850297872,0.035547,0.554448,0.002468,0.558519,0.289035
088951850319149,0.040261,0.637459,0.002838,0.635163,0.245614
088951850340426,0.03954,0.645641,0.002773,0.663387,0.279386
088951850361702,0.040261,0.626897,0.002815,0.66986,0.242982
088951850382979,0.035697,0.628236,0.002493,0.670119,0.250439
088951850404255,0.032455,0.611574,0.002252,0.654324,0.264035
088951850425532,0.033535,0.598185,0.002322,0.635681,0.282895
088951850446809,0.034796,0.576614,0.002414,0.629208,0.253509
088951850468085,0.034676,0.563969,0.002432,0.627913,0.24386
088951850489362,0.031194,0.554002,0.002202,0.619368,0.208333
088951850510638,0.033956,0.545225,0.002395,0.596323,0.25
088951850531915,0.029933,0.530199,0.002117,0.592439,0.21886
088951850553191,0.032094,0.532728,0.002268,0.617815,0.192544
088951850574468,0.030113,0.529753,0.002131,0.611859,0.211842
088951850595745,0.029302,0.519786,0.002077,0.613931,0.184649
088951850617021,0.029032,0.512199,0.002021,0.56318,0.234211
088951850638298,0.029212,0.501934,0.002052,0.594511,0.234211
088951850659574,0.033986,0.523059,0.002403,0.605645,0.23114
088951850680851,0.038099,0.555192,0.002703,0.614448,0.262281
088951850702128,0.035547,0.606665,0.002522,0.643708,0.232895
088951850723404,0.05305,0.691163,0.003756,0.719575,0.235526
088951850744681,0.044374,0.749331,0.00311,0.761523,0.192544
088951850765957,0.033986,0.736388,0.002349,0.737183,0.245614
088951850787234,0.032275,0.713776,0.004792,0.680476,0.148684
088951850808511,0.035787,0.682089,0.002486,0.644744,0.257456
088951850829787,0.035637,0.651889,0.002482,0.613154,0.287719
088951850851064,0.035337,0.627641,0.002457,0.578457,0.313596
08895185087234,0.032845,0.607409,0.002287,0.545572,0.374561
088951850893617,0.029302,0.557126,0.002042,0.503884,0.427632
088951850914894,0.02675,0.50967,0.001861,0.466598,0.430702
08895185093617,0.029392,0.537935,0.002025,0.438892,0.502193
088951850957447,0.029182,0.540464,0.001984,0.399793,0.490351
088951850978723,0.036087,0.534662,0.002449,0.458312,0.514474
0889518510,0.037919,0.531241,0.002555,0.433972,0.523684
0889562600,0.052,0.526034,0.003498,0.408856,0.545614
088956260021277,0.034676,0.50119,0.002316,0.376748,0.602193
088956260042553,0.042722,0.481999,0.00286,0.442517,0.510088
08895626006383,0.036598,0.432014,0.002451,0.42232,0.530702
088956260085106,0.035727,0.367153,0.002329,0.390471,0.568421
088956260106383,0.05314,0.319697,0.002009,0.348006,0.587719
08895626012766,0.047646,0.274174,0.002009,0.318747,0.577632
088956260148936,0.043083,0.2349,0.002009,0.293889,0.587719
088956260170213,0.031194,0.21928,0.001672,0.279389,0.612281
088956260191489,0.028732,0.218387,0.001512,0.268773,0.634211
088956260212766,0.032665,0.248587,0.001955,0.26696,0.653509
088956260234043,0.033355,0.289943,0.001965,0.287157,0.653509
088956260255319,0.06596,0.384558,0.003644,0.361471,0.644298
088956260276596,0.055182,0.490777,0.003668,0.438633,0.534649
088956260297872,0.034136,0.53853,0.002331,0.500259,0.379825
088956260319149,0.040261,0.618268,0.002804,0.585707,0.333772
088956260340426,0.035877,0.629723,0.002495,0.624029,0.288158
088956260361702,0.03909,0.615591,0.002725,0.636199,0.254825
088956260382979,0.028972,0.623624,0.002036,0.642413,0.240789
088956260404255,0.028942,0.610086,0.002044,0.626877,0.251316
088956260425532,0.028942,0.593425,0.00204,0.613154,0.260526
088956260446809,0.03894,0.584201,0.002719,0.610047,0.284211
088956260468085,0.040261,0.579738,0.002815,0.617038,0.252193
088956260489362,0.040261,0.575424,0.002827,0.601761,0.302632
088956260510638,0.040261,0.566201,0.002825,0.58001,0.301316
088956260531915,0.035307,0.55296,0.002476,0.57276,0.27193
088956260553191,0.028942,0.534216,0.002046,0.581046,0.260088
088956260574468,0.028942,0.526778,0.002052,0.573019,0.286404
088956260595745,0.028372,0.514281,0.002009,0.525375,0.32807
088956260617021,0.027831,0.501785,0.001975,0.540135,0.274561
088956260638298,0.027471,0.492264,0.001957,0.549715,0.243421
088956260659574,0.027591,0.495835,0.001967,0.538581,0.277193
088956260680851,0.028131,0.516959,0.002007,0.545313,0.287281
088956260702128,0.029933,0.555787,0.002135,0.575867,0.263596
088956260723404,0.032785,0.635525,0.002308,0.629726,0.225
088956260744681,0.035007,0.688634,0.002439,0.688762,0.23114
088956260765957,0.029302,0.672568,0.002013,0.66986,0.220614
088956260787234,0.029332,0.647575,0.002011,0.631279,0.201316
088956260808511,0.029182,0.613062,0.001998,0.589591,0.205702
088956260829787,0.028942,0.587771,0.001996,0.561367,0.335526
088956260851064,0.028792,0.576614,0.002038,0.529001,0.380702
08895626087234,0.028792,0.556977,0.002032,0.492491,0.372368
088956260893617,0.027351,0.526034,0.001915,0.455205,0.420175
088956260914894,0.02657,0.487652,0.001847,0.428793,0.442105
08895626093617,0.028462,0.531687,0.001982,0.413257,0.508772
088956260957447,0.028942,0.550729,0.001998,0.40782,0.455263
088956260978723,0.050108,0.554597,0.00344,0.48291,0.457456
0889562610,0.047106,0.544778,0.003193,0.461419,0.554825
0889607700,0.044554,0.524993,0.002995,0.435526,0.603509
088960770021277,0.043143,0.505356,0.002865,0.403936,0.629386
088960770042553,0.054161,0.471288,0.003627,0.464008,0.534211
08896077006383,0.041762,0.413419,0.00279,0.441999,0.551754
088960770085106,0.03966,0.343499,0.00263,0.412481,0.570175
088960770106383,0.035727,0.29277,0.002341,0.374417,0.641667
08896077012766,0.034856,0.241595,0.00227,0.344899,0.675439
088960770148936,0.028882,0.203808,0.001884,0.320559,0.692982
088960770170213,0.029152,0.186998,0.001886,0.307354,0.717105
088960770191489,0.028942,0.177031,0.001863,0.283273,0.762719
088960770212766,0.028942,0.181345,0.001861,0.27421,0.772807
088960770234043,0.028942,0.189081,0.001855,0.269549,0.793421
088960770255319,0.029542,0.22895,0.001886,0.290264,0.774123
088960770276596,0.029212,0.268819,0.001874,0.301916,0.729386
088960770297872,0.036898,0.322077,0.001863,0.299068,0.725439
088960770319149,0.098175,0.41922,0.004836,0.312273,0.628509
088960770340426,0.084454,0.490925,0.004123,0.365096,0.650439
088960770361702,0.085685,0.539274,0.00457,0.406266,0.639035
088960770382979,0.098655,0.572002,0.006315,0.432936,0.650877
088960770404255,0.07839,0.569176,0.004981,0.437079,0.664035
088960770425532,0.072655,0.548497,0.003779,0.432677,0.62193
088960770446809,0.058454,0.521571,0.003461,0.419731,0.664035
088960770468085,0.076768,0.49524,0.004265,0.406007,0.672807
088960770489362,0.101357,0.47471,0.00625,0.393578,0.637281
088960770510638,0.095833,0.452693,0.00413,0.376748,0.633333
088960770531915,0.091299,0.435436,0.003704,0.375453,0.659649
088960770553191,0.082923,0.416096,0.003687,0.389177,0.651754
088960770574468,0.085535,0.401815,0.002289,0.378301,0.659649
088960770595745,0.09247,0.389319,0.002715,0.364837,0.664035
088960770617021,0.093911,0.384856,0.00413,0.343863,0.659649
088960770638298,0.068152,0.384856,0.002009,0.339461,0.664035
088960770659574,0.041341,0.395864,0.002009,0.352667,0.659649
088960770680851,0.064849,0.432758,0.002009,0.345158,0.655263
088960770702128,0.064249,0.514877,0.003157,0.392284,0.685088
088960770723404,0.107332,0.601755,0.00715,0.477214,0.593421
088960770744681,0.287589,0.66141,0.019364,0.548421,0.53114
088960770765957,0.26357,0.652931,0.017869,0.550492,0.567544
088960770787234,0.153597,0.618268,0.009819,0.518125,0.579825
088960770808511,0.086706,0.572002,0.005771,0.486794,0.621053
088960770829787,0.055482,0.53734,0.003598,0.44899,0.625439
088960770851064,0.042783,0.511306,0.002838,0.433713,0.627632
08896077087234,0.034196,0.491818,0.002258,0.412481,0.620175
088960770893617,0.10484,0.470247,0.006753,0.382185,0.635965
088960770914894,0.047136,0.434692,0.002925,0.36173,0.65614
08896077093617,0.071364,0.454924,0.003382,0.357846,0.681579
088960770957447,0.040861,0.457007,0.002252,0.352926,0.661404
088960770978723,0.056323,0.457899,0.003718,0.420508,0.592982
0889607710,0.034586,0.430378,0.002287,0.408597,0.594737
0889651100,0.03942,0.406427,0.002592,0.396686,0.619737
088965110021277,0.030053,0.351979,0.001778,0.366908,0.628947
088965110042553,0.033505,0.317465,0.0022,0.421543,0.553947
08896511006383,0.029332,0.270455,0.001926,0.397204,0.593421
088965110085106,0.028402,0.226123,0.001712,0.35681,0.634211
088965110106383,0.029092,0.195924,0.001327,0.324961,0.634211
08896511012766,0.02663,0.161559,0.001735,0.303729,0.701316
088965110148936,0.025339,0.14579,0.001645,0.28405,0.739035
088965110170213,0.027081,0.127343,0.001764,0.258156,0.694298
088965110191489,0.016783,0.121541,0.001093,0.230451,0.689035
088965110212766,0.01324,0.124963,0.00086,0.207405,0.741667
088965110234043,0.017113,0.141625,0.001107,0.191611,0.763596
088965110255319,0.018614,0.163047,0.001201,0.190057,0.782456
088965110276596,0.018014,0.18194,0.001159,0.191093,0.779386
088965110297872,0.020446,0.220321,0.001311,0.166494,0.775877
088965110319149,0.022727,0.284142,0.001159,0.188503,0.834649
088965110340426,0.027561,0.360607,0.001768,0.218281,0.811404
088965110361702,0.029693,0.413567,0.001899,0.264112,0.765351
088965110382979,0.048097,0.454032,0.001984,0.274469,0.712281
088965110404255,0.059505,0.468164,0.002009,0.284309,0.681579
088965110425532,0.040561,0.456858,0.002009,0.286121,0.673684
088965110446809,0.037949,0.444808,0.002009,0.287934,0.681579
088965110468085,0.055002,0.425766,0.002009,0.285603,0.659211
088965110489362,0.044164,0.406575,0.002009,0.277317,0.616228
088965110510638,0.029753,0.385748,0.001423,0.277317,0.612281
088965110531915,0.029182,0.364921,0.001032,0.271362,0.592544
088965110553191,0.028672,0.340226,0.000885,0.287157,0.592544
088965110574468,0.02594,0.314639,0.000837,0.280166,0.601316
088965110595745,0.024769,0.304969,0.000837,0.273692,0.601316
088965110617021,0.023838,0.292175,0.000835,0.256603,0.601316
088965110638298,0.023838,0.294704,0.000837,0.251165,0.601316
088965110659574,0.024168,0.30958,0.000837,0.264371,0.601316
088965110680851,0.02645,0.337846,0.000837,0.279389,0.575
088965110702128,0.028071,0.409997,0.001346,0.320559,0.563158
088965110723404,0.054011,0.518447,0.003648,0.414552,0.497368
088965110744681,0.069052,0.601458,0.004686,0.494821,0.474561
088965110765957,0.079951,0.626748,0.005434,0.508027,0.535526
088965110787234,0.094332,0.61321,0.006346,0.488607,0.582018
088965110808511,0.110214,0.593127,0.007374,0.467892,0.629386
088965110829787,0.091089,0.578697,0.006055,0.440963,0.648246
088965110851064,0.084514,0.548349,0.004666,0.419731,0.681579
08896511087234,0.093011,0.536299,0.00441,0.408856,0.648684
088965110893617,0.137204,0.496132,0.007576,0.383221,0.72193
088965110914894,0.097334,0.458792,0.002289,0.348006,0.692105
08896511093617,0.095503,0.466825,0.002009,0.324702,0.681579
088965110957447,0.070434,0.459387,0.001971,0.315381,0.664912
088965110978723,0.037859,0.447188,0.0022,0.368462,0.617982
0889651110,0.033175,0.421601,0.002177,0.365873,0.622807
0889695200,0.031014,0.400327,0.002025,0.358622,0.666228
088969520021277,0.029272,0.360012,0.001901,0.33739,0.67807
088969520042553,0.03957,0.336805,0.002603,0.40057,0.551316
08896952006383,0.031614,0.299762,0.00205,0.380891,0.587719
088969520085106,0.028942,0.262571,0.001903,0.361989,0.625
088969520106383,0.029903,0.232371,0.001932,0.334283,0.634211
08896952012766,0.029212,0.20604,0.001874,0.314863,0.67807
088969520148936,0.029092,0.189527,0.001878,0.294407,0.720175
088969520170213,0.027951,0.180006,0.001809,0.287675,0.730702
088969520191489,0.028522,0.192353,0.001849,0.274728,0.746053
088969520212766,0.030383,0.223445,0.001967,0.280425,0.738158
088969520234043,0.035787,0.281761,0.00232,0.30347,0.701754
088969520255319,0.071905,0.396311,0.004703,0.38115,0.646491
088969520276596,0.093311,0.518447,0.006223,0.462973,0.541667
088969520297872,0.033055,0.576614,0.002268,0.523045,0.362281
088969520319149,0.03933,0.672716,0.002732,0.610823,0.310526
088969520340426,0.038759,0.699643,0.002684,0.637235,0.32193
088969520361702,0.038429,0.679857,0.002659,0.63102,0.304386
088969520382979,0.029122,0.685659,0.002015,0.643708,0.271491
088969520404255,0.029332,0.677328,0.002007,0.635163,0.213596
088969520425532,0.029422,0.662898,0.002009,0.617556,0.261842
088969520446809,0.029182,0.644154,0.002002,0.607198,0.233333
088969520468085,0.038459,0.637459,0.002694,0.594252,0.169737
088969520489362,0.048607,0.631657,0.011992,0.578716,0.075439
088969520510638,0.057013,0.624219,0.065998,0.561626,0.05614
088969520531915,0.029933,0.606665,0.041157,0.565769,0.135088
088969520553191,0.028972,0.589408,0.07775,0.603832,0.141667
088969520574468,0.029182,0.58197,0.055679,0.608752,0.141667
088969520595745,0.018614,0.570366,0.160597,0.615484,0.185526
088969520617021,0.0269,0.565457,0.159199,0.598912,0.185526
088969520638298,0.027051,0.564118,0.037251,0.576903,0.185526
088969520659574,0.027621,0.579292,0.09255,0.555153,0.185526
088969520680851,0.028161,0.6205,0.251335,0.582341,0.235526
088969520702128,0.035997,0.704552,0.366515,0.630243,0.220614
088969520723404,0.103729,0.785481,0.006934,0.705334,0.413158
088969520744681,0.10547,0.852276,0.006913,0.770067,0.388596
088969520765957,0.040261,0.840524,0.002663,0.758674,0.402632
088969520787234,0.036328,0.810473,0.002368,0.698861,0.461404
088969520808511,0.033445,0.765992,0.002185,0.663905,0.368421
088969520829787,0.030653,0.730289,0.002,0.625324,0.367544
088969520851064,0.04002,0.7108,0.002648,0.601502,0.463158
08896952087234,0.03936,0.678965,0.002624,0.56551,0.496491
088969520893617,0.037649,0.63136,0.002518,0.535474,0.458772
088969520914894,0.029032,0.567093,0.001955,0.49508,0.478947
08896952093617,0.029993,0.579441,0.001996,0.460383,0.573684
088969520957447,0.029272,0.576317,0.001924,0.427758,0.517544
088969520978723,0.030383,0.57587,0.002011,0.491714,0.530263
0889695210,0.030113,0.551324,0.00198,0.480062,0.516228
0889739300,0.068242,0.551324,0.004506,0.471776,0.604825
088973930021277,0.050528,0.535406,0.003349,0.443811,0.609211
088973930042553,0.058244,0.505356,0.003893,0.504402,0.524561
08897393006383,0.067101,0.457899,0.00447,0.490678,0.542982
088973930085106,0.073376,0.395269,0.004844,0.461678,0.592544
088973930106383,0.058845,0.344987,0.003282,0.427499,0.611404
08897393012766,0.031494,0.29515,0.00205,0.397462,0.677632
088973930148936,0.028402,0.259298,0.001847,0.380373,0.692105
088973930170213,0.029422,0.239958,0.001903,0.354738,0.703947
088973930191489,0.029723,0.236388,0.001911,0.347229,0.745614
088973930212766,0.034226,0.266141,0.002202,0.346712,0.732018
088973930234043,0.029843,0.31806,0.001942,0.373123,0.674561
088973930255319,0.049478,0.42532,0.003259,0.443294,0.576316
088973930276596,0.079801,0.545671,0.005368,0.529001,0.455702
088973930297872,0.035817,0.614847,0.002495,0.585707,0.304386
088973930319149,0.041071,0.700536,0.002894,0.66986,0.283772
088973930340426,0.040261,0.717495,0.002821,0.694459,0.276754
088973930361702,0.040261,0.703957,0.002819,0.697566,0.260088
088973930382979,0.038219,0.700833,0.00264,0.704816,0.243421
088973930404255,0.035037,0.68313,0.002441,0.713361,0.219737
088973930425532,0.032575,0.65784,0.002273,0.688762,0.221053
088973930446809,0.036117,0.648021,0.002528,0.691352,0.215789
088973930468085,0.038459,0.628533,0.002696,0.683325,0.24386
088973930489362,0.037709,0.619458,0.002646,0.679441,0.231579
088973930510638,0.036748,0.596995,0.002584,0.661315,0.22193
088973930531915,0.037919,0.58792,0.002684,0.663905,0.223246
088973930553191,0.03972,0.586879,0.002821,0.684878,0.205263
088973930574468,0.037589,0.577209,0.002673,0.678664,0.195175
088973930595745,0.033535,0.566944,0.002385,0.664423,0.185526
088973930617021,0.029002,0.556531,0.002418,0.657949,0.203947
088973930638298,0.034736,0.55177,0.002468,0.648369,0.211842
088973930659574,0.036448,0.567986,0.002586,0.641119,0.253509
088973930680851,0.038129,0.598185,0.002703,0.638011,0.25307
088973930702128,0.040951,0.671526,0.00291,0.665976,0.290789
088973930723404,0.085685,0.786522,0.006039,0.73796,0.312719
088973930744681,0.111295,0.868938,0.0077,0.811756,0.335965
088973930765957,0.092981,0.87474,0.006363,0.793112,0.314474
088973930787234,0.075177,0.852425,0.00516,0.74754,0.323246
088973930808511,0.0653,0.81687,0.004514,0.697048,0.356579
088973930829787,0.040741,0.785332,0.002833,0.659503,0.349123
088973930851064,0.043293,0.764802,0.003016,0.627654,0.382456
08897393087234,0.078179,0.730586,0.005393,0.599171,0.476754
088973930893617,0.065059,0.686105,0.00447,0.567582,0.502193
088973930914894,0.034106,0.621839,0.002351,0.527447,0.457895
08897393093617,0.045274,0.63255,0.003089,0.486277,0.592105
088973930957447,0.032875,0.612615,0.002221,0.455981,0.529825
088973930978723,0.041281,0.599524,0.002811,0.510098,0.502632
0889739310,0.063198,0.596102,0.004254,0.502848,0.529825
0889784400,0.054912,0.574085,0.003606,0.486794,0.585526
088978440021277,0.049117,0.558316,0.00328,0.466857,0.579386
088978440042553,0.090309,0.541654,0.006051,0.52175,0.533772
08897844006383,0.064069,0.487652,0.004281,0.515277,0.498684
088978440085106,0.050739,0.42532,0.003369,0.478509,0.577193
088978440106383,0.060016,0.373252,0.003951,0.450544,0.607456
08897844012766,0.053861,0.315085,0.003041,0.418436,0.673684
088978440148936,0.031074,0.278489,0.002019,0.394096,0.675
088978440170213,0.037438,0.262868,0.002414,0.374417,0.738596
088978440191489,0.03963,0.262571,0.00254,0.366649,0.740789
088978440212766,0.040891,0.296935,0.002626,0.369757,0.764035
088978440234043,0.049057,0.352574,0.003178,0.392284,0.70614
088978440255319,0.086045,0.458792,0.005671,0.461937,0.572807
088978440276596,0.141588,0.581821,0.009487,0.549197,0.514035
088978440297872,0.068122,0.646087,0.004711,0.604091,0.414912
088978440319149,0.114957,0.743826,0.007997,0.684102,0.351754
088978440340426,0.110364,0.774621,0.00763,0.715432,0.340351
088978440361702,0.123394,0.770306,0.00854,0.726308,0.290789
088978440382979,0.10502,0.779381,0.007304,0.73537,0.298684
088978440404255,0.095082,0.770158,0.006606,0.72579,0.288596
088978440425532,0.068902,0.745909,0.004796,0.718281,0.267105
088978440446809,0.063468,0.733859,0.004435,0.698084,0.282018
088978440468085,0.062898,0.709908,0.004418,0.6797,0.298246
088978440489362,0.047946,0.696965,0.003382,0.666494,0.292982
088978440510638,0.055452,0.684469,0.003909,0.647851,0.299561
088978440531915,0.044764,0.665129,0.003174,0.637235,0.247368
088978440553191,0.069773,0.659179,0.004963,0.661056,0.253509
088978440574468,0.064789,0.662154,0.004593,0.653288,0.266667
088978440595745,0.061066,0.655311,0.004325,0.644744,0.250439
088978440617021,0.042963,0.641029,0.003045,0.629467,0.259211
088978440638298,0.053621,0.646236,0.003808,0.621958,0.29386
088978440659574,0.075898,0.671824,0.005363,0.618332,0.370175
088978440680851,0.087276,0.714073,0.006118,0.621699,0.449561
088978440702128,0.096673,0.778786,0.006703,0.65044,0.471491
088978440723404,0.287919,0.878459,0.019638,0.730192,0.483772
088978440744681,0.361084,0.943618,0.024231,0.804247,0.397368
088978440765957,0.345232,0.945552,0.023292,0.789228,0.38114
088978440787234,0.176924,0.912824,0.012013,0.750388,0.358333
088978440808511,0.112646,0.877417,0.007702,0.699379,0.364474
088978440829787,0.088267,0.836358,0.006078,0.669601,0.36886
088978440851064,0.09205,0.807349,0.006369,0.641378,0.370614
08897844087234,0.086856,0.762124,0.005982,0.611859,0.40614
088978440893617,0.056263,0.709015,0.003887,0.57768,0.427193
088978440914894,0.033415,0.646087,0.002331,0.539617,0.391228
08897844093617,0.043023,0.647575,0.002973,0.510098,0.528509
088978440957447,0.036928,0.629723,0.00252,0.483169,0.510965
088978440978723,0.066651,0.620649,0.004528,0.533143,0.542982
0889784410,0.069713,0.609194,0.004703,0.518384,0.580702
0889828500,0.082863,0.601012,0.005546,0.505179,0.627632
088982850021277,0.062928,0.576614,0.004182,0.486535,0.617982
088982850042553,0.081992,0.549241,0.005503,0.548938,0.519298
08898285006383,0.051789,0.494793,0.003469,0.531072,0.536404
088982850085106,0.043863,0.435733,0.002919,0.498705,0.528509
088982850106383,0.040381,0.386492,0.002676,0.468151,0.580702
08898285012766,0.042993,0.338887,0.002813,0.444847,0.62193
088982850148936,0.034316,0.301101,0.002233,0.412998,0.634211
088982850170213,0.032365,0.278191,0.002094,0.401346,0.726316
088982850191489,0.079771,0.280422,0.005091,0.405489,0.762281
088982850212766,0.09202,0.312556,0.005843,0.418695,0.812719
088982850234043,0.107692,0.364177,0.006838,0.441222,0.802193
088982850255319,0.109403,0.481553,0.0071,0.513723,0.666667
088982850276596,0.126126,0.605028,0.00822,0.597359,0.594298
088982850297872,0.070854,0.672121,0.004863,0.657431,0.450439
088982850319149,0.191756,0.763463,0.013218,0.739772,0.382456
088982850340426,0.190705,0.775513,0.013134,0.780684,0.290789
088982850361702,0.341389,0.753794,0.023608,0.78638,0.273246
088982850382979,0.152516,0.748884,0.010586,0.799845,0.204825
088982850404255,0.117599,0.728801,0.008172,0.782237,0.214035
088982850425532,0.081152,0.706932,0.005654,0.758674,0.222368
088982850446809,0.055122,0.679857,0.00387,0.740549,0.142105
088982850468085,0.099586,0.649063,0.006994,0.722941,0.255263
088982850489362,0.060676,0.629128,0.00426,0.677369,0.207456
088982850510638,0.058394,0.615442,0.004123,0.665199,0.195175
088982850531915,0.031794,0.595359,0.002262,0.651994,0.154386
088982850553191,0.048877,0.58316,0.003488,0.685137,0.151754
088982850574468,0.029663,0.573341,0.002123,0.681253,0.160965
088982850595745,0.028942,0.561738,0.003039,0.652512,0.220175
088982850617021,0.028942,0.548646,0.002189,0.649663,0.25
088982850638298,0.028942,0.538679,0.002254,0.620404,0.273246
088982850659574,0.028462,0.555638,0.002021,0.625583,0.248684
088982850680851,0.028942,0.589557,0.002073,0.624029,0.266228
088982850702128,0.035787,0.657691,0.002553,0.648628,0.273246
088982850723404,0.070313,0.764951,0.004911,0.732781,0.269737
088982850744681,0.113817,0.853764,0.007877,0.821336,0.28114
088982850765957,0.115828,0.867599,0.007972,0.813827,0.264474
088982850787234,0.125916,0.853764,0.008641,0.776023,0.281579
088982850808511,0.104389,0.830259,0.007191,0.726567,0.330702
088982850829787,0.076528,0.80006,0.00528,0.68695,0.357018
088982850851064,0.096673,0.784885,0.006658,0.656137,0.399561
08898285087234,0.116308,0.757215,0.007929,0.6261,0.492105
088982850893617,0.107572,0.709908,0.007268,0.587002,0.475877
088982850914894,0.032935,0.646683,0.002262,0.549974,0.397807
08898285093617,0.088777,0.657542,0.005083,0.518384,0.634649
088982850957447,0.05272,0.645492,0.003199,0.487312,0.577632
088982850978723,0.090879,0.62288,0.006099,0.539876,0.597807
0889828510,0.084364,0.615888,0.005573,0.524599,0.663596
0889872600,0.094031,0.60845,0.006138,0.51217,0.688158
088987260021277,0.096043,0.586135,0.006236,0.491196,0.674123
088987260042553,0.083914,0.549241,0.005501,0.548938,0.625
08898726006383,0.05254,0.498661,0.003427,0.535733,0.609649
088987260085106,0.037889,0.443767,0.002464,0.497152,0.628509
088987260106383,0.06542,0.392145,0.004225,0.466857,0.662281
08898726012766,0.072475,0.341714,0.004649,0.454687,0.685965
088987260148936,0.03933,0.312258,0.002513,0.431642,0.705263
088987260170213,0.074306,0.286373,0.004715,0.421284,0.790789
088987260191489,0.047076,0.284737,0.002987,0.407043,0.792544
088987260212766,0.064909,0.316275,0.004117,0.413516,0.796491
088987260234043,0.060856,0.366558,0.003895,0.438892,0.727193
088987260255319,0.10517,0.479768,0.006807,0.504143,0.690789
088987260276596,0.137054,0.615888,0.008932,0.588296,0.665351
088987260297872,0.103639,0.680303,0.007015,0.635681,0.49693
088987260319149,0.400024,0.777298,0.027266,0.71854,0.482018
088987260340426,0.866068,0.800357,0.059229,0.766442,0.332895
088987260361702,0.540981,0.777745,0.037148,0.761264,0.35614
088987260382979,0.218356,0.775811,0.014971,0.772139,0.314912
088987260404255,0.110904,0.75186,0.007588,0.771362,0.307895
088987260425532,0.116609,0.731032,0.00802,0.775764,0.276316
088987260446809,0.112015,0.697263,0.007754,0.757121,0.24386
088987260468085,0.096854,0.67465,0.006734,0.734335,0.259649
088987260489362,0.050318,0.652336,0.003517,0.702745,0.269737
088987260510638,0.06596,0.63255,0.004612,0.657172,0.273684
088987260531915,0.051549,0.617673,0.003635,0.668824,0.194737
088987260553191,0.060166,0.589854,0.004258,0.698861,0.181579
088987260574468,0.051969,0.582118,0.003687,0.702486,0.15
088987260595745,0.028822,0.56144,0.002056,0.689798,0.181579
088987260617021,0.032905,0.548051,0.002349,0.675039,0.160965
088987260638298,0.028792,0.536745,0.002061,0.659244,0.20307
088987260659574,0.027501,0.549985,0.001967,0.64552,0.186842
088987260680851,0.027261,0.581523,0.001955,0.632315,0.166667
088987260702128,0.068812,0.644154,0.004873,0.663646,0.235526
088987260723404,0.106311,0.753645,0.007879,0.737701,0.292982
088987260744681,0.137775,0.809729,0.009452,0.792077,0.271491
088987260765957,0.098685,0.819548,0.006705,0.765924,0.303509
088987260787234,0.088597,0.80482,0.006024,0.724495,0.288596
088987260808511,0.062808,0.766587,0.004325,0.67711,0.250439
088987260829787,0.061967,0.745611,0.004287,0.645262,0.325439
088987260851064,0.045425,0.713924,0.003145,0.607198,0.353509
08898726087234,0.057884,0.687891,0.003995,0.584153,0.361404
088987260893617,0.05326,0.652782,0.003675,0.544795,0.398684
088987260914894,0.028522,0.610681,0.00199,0.509581,0.382456
08898726093617,0.086766,0.634781,0.005947,0.480839,0.529825
088987260957447,0.10472,0.636418,0.007083,0.46116,0.520614
088987260978723,0.133812,0.630616,0.009094,0.529518,0.464035
0889872610,0.130659,0.615293,0.008781,0.510098,0.551754
0889916700,0.096643,0.588515,0.006448,0.494821,0.562719
088991670021277,0.091329,0.569027,0.006049,0.468928,0.555702
088991670042553,0.116218,0.53972,0.007611,0.522786,0.523246
08899167006383,0.084814,0.479619,0.004184,0.493009,0.489912
088991670085106,0.040381,0.410146,0.001992,0.458571,0.480702
088991670106383,0.037829,0.356739,0.001878,0.416106,0.502632
08899167012766,0.028642,0.303184,0.001791,0.387882,0.502632
088991670148936,0.046896,0.265992,0.001967,0.354221,0.510526
088991670170213,0.028942,0.235793,0.001832,0.33247,0.568421
088991670191489,0.034136,0.218982,0.002221,0.311756,0.671053
088991670212766,0.040441,0.223892,0.002605,0.303211,0.741667
088991670234043,0.033956,0.243975,0.002173,0.289746,0.713596
088991670255319,0.053471,0.278786,0.002096,0.3058,0.683772
088991670276596,0.140026,0.323267,0.002009,0.315122,0.55614
088991670297872,0.273538,0.382773,0.002009,0.308389,0.55614
088991670319149,0.23712,0.479768,0.003284,0.351372,0.57807
088991670340426,0.19689,0.579143,0.012933,0.398498,0.723684
088991670361702,0.281974,0.637162,0.018348,0.438374,0.726754
088991670382979,0.753182,0.676584,0.049397,0.471776,0.668421
088991670404255,0.39429,0.676584,0.025912,0.480062,0.730702
088991670425532,0.356011,0.653377,0.023242,0.487053,0.676754
088991670446809,0.396541,0.623624,0.02588,0.483169,0.668421
088991670468085,0.294524,0.586135,0.019125,0.48058,0.714035
088991670489362,0.258136,0.560101,0.016639,0.480839,0.692544
088991670510638,0.212982,0.534662,0.013751,0.468669,0.694298
088991670531915,0.316981,0.517852,0.011959,0.461419,0.665351
088991670553191,0.267233,0.492859,0.017397,0.480062,0.636404
088991670574468,0.275369,0.472627,0.017862,0.462196,0.704386
088991670595745,0.253813,0.460875,0.016392,0.450544,0.684211
088991670617021,0.338717,0.447486,0.021857,0.439927,0.719298
088991670638298,0.271226,0.454032,0.017447,0.429829,0.716228
088991670659574,0.230635,0.477834,0.014817,0.426463,0.764474
088991670680851,0.23652,0.518149,0.015222,0.412222,0.75307
088991670702128,0.364057,0.597144,0.023668,0.437079,0.721491
088991670723404,0.453675,0.669592,0.030128,0.505955,0.569737
088991670744681,0.979975,0.735198,0.065749,0.574832,0.520614
088991670765957,0.57893,0.729247,0.039079,0.574573,0.541228
088991670787234,0.342861,0.694882,0.02297,0.544537,0.532895
088991670808511,0.382311,0.64936,0.025556,0.502589,0.628947
088991670829787,0.14513,0.605623,0.009593,0.471776,0.617982
088991670851064,0.121622,0.576317,0.007983,0.447178,0.666667
08899167087234,0.094212,0.558018,0.006145,0.433195,0.704825
088991670893617,0.102708,0.529009,0.006651,0.400829,0.754825
088991670914894,0.083163,0.495983,0.00532,0.37623,0.739035
08899167093617,0.080011,0.512496,0.005129,0.370792,0.75
088991670957447,0.058875,0.500744,0.003791,0.370016,0.669298
088991670978723,0.106941,0.490925,0.006988,0.435526,0.580702
0889916710,0.057884,0.464743,0.003787,0.424392,0.613158
0889961100,0.130299,0.441238,0.008496,0.413257,0.629386
088996110021277,0.030954,0.390955,0.002002,0.385552,0.618421
088996110042553,0.085145,0.352871,0.004869,0.436302,0.496053
08899611006383,0.031494,0.307944,0.002059,0.417659,0.544737
088996110085106,0.033205,0.260934,0.001624,0.369498,0.558772
088996110106383,0.030533,0.225528,0.001971,0.336872,0.590351
08899611012766,0.028612,0.191461,0.001865,0.306318,0.640351
088996110148936,0.02597,0.163791,0.001691,0.276023,0.683333
088996110170213,0.028912,0.146534,0.001878,0.245728,0.693421
088996110191489,0.028522,0.140881,0.001849,0.227861,0.717982
088996110212766,0.027321,0.141476,0.00177,0.206111,0.750877
088996110234043,0.02603,0.151145,0.001687,0.195495,0.743421
088996110255319,0.025489,0.171526,0.001649,0.185655,0.740351
088996110276596,0.027081,0.197263,0.001755,0.191869,0.742982
088996110297872,0.022877,0.228503,0.001477,0.169601,0.763596
088996110319149,0.027531,0.288753,0.001167,0.182807,0.788158
088996110340426,0.028492,0.363285,0.00184,0.217245,0.758333
088996110361702,0.029092,0.430527,0.001876,0.251942,0.654825
088996110382979,0.029122,0.486462,0.001884,0.282755,0.690351
088996110404255,0.046295,0.511901,0.001971,0.302434,0.687719
088996110425532,0.043863,0.528265,0.002275,0.311238,0.700877
088996110446809,0.05254,0.523207,0.002316,0.323666,0.700877
088996110468085,0.043323,0.511157,0.002241,0.327292,0.72193
088996110489362,0.045635,0.500744,0.002275,0.33506,0.700877
088996110510638,0.03948,0.490628,0.00231,0.33506,0.714912
088996110531915,0.043743,0.469057,0.002275,0.352149,0.692544
088996110553191,0.028972,0.449569,0.001851,0.365096,0.599561
088996110574468,0.029723,0.433799,0.001897,0.354738,0.59386
088996110595745,0.028942,0.420411,0.001849,0.339979,0.65
088996110617021,0.028942,0.41327,0.001851,0.341792,0.630263
088996110638298,0.029332,0.407617,0.001876,0.352926,0.593421
088996110659574,0.030773,0.426807,0.001971,0.389694,0.629386
088996110680851,0.031704,0.44942,0.002034,0.41015,0.665351
088996110702128,0.046986,0.522612,0.003039,0.443811,0.614912
088996110723404,0.036057,0.588367,0.00236,0.500777,0.546491
088996110744681,0.03915,0.643261,0.002586,0.544537,0.496053
088996110765957,0.037559,0.647426,0.002489,0.548938,0.52807
088996110787234,0.035337,0.621095,0.002329,0.526152,0.513596
088996110808511,0.030563,0.597888,0.002009,0.499741,0.464035
088996110829787,0.030173,0.570961,0.001965,0.474107,0.478509
088996110851064,0.030833,0.552217,0.002009,0.455722,0.542544
08899611087234,0.029753,0.52648,0.001934,0.433195,0.499561
088996110893617,0.028942,0.499107,0.001878,0.404454,0.559649
088996110914894,0.028942,0.453139,0.001878,0.382703,0.597368
08899611093617,0.028942,0.470098,0.001456,0.36406,0.616228
088996110957447,0.028942,0.452693,0.00182,0.352408,0.616228
088996110978723,0.027261,0.439601,0.001764,0.403159,0.511842
0889961110,0.027231,0.41446,0.001764,0.388659,0.557456
0890005200,0.027231,0.396608,0.001759,0.387105,0.553947
089000520021277,0.027231,0.353615,0.00177,0.372346,0.556579
089000520042553,0.027231,0.326837,0.001789,0.431383,0.504386
08900052006383,0.027231,0.290687,0.001782,0.423874,0.536404
089000520085106,0.027201,0.252008,0.001776,0.404972,0.564035
089000520106383,0.027231,0.228355,0.001506,0.37856,0.616228
08900052012766,0.02606,0.200238,0.001685,0.355774,0.663596
089000520148936,0.023988,0.17956,0.001554,0.338685,0.700439
089000520170213,0.027261,0.17465,0.001762,0.316416,0.679825
089000520191489,0.0266,0.184023,0.001722,0.310202,0.677632
089000520212766,0.027231,0.217197,0.001757,0.317711,0.669298
089000520234043,0.02627,0.259893,0.001701,0.342828,0.61886
089000520255319,0.027681,0.362541,0.001805,0.409891,0.475439
089000520276596,0.027231,0.467569,0.001809,0.493786,0.251754
089000520297872,0.02651,0.527819,0.001834,0.55101,0.337281
089000520319149,0.027141,0.61321,0.001934,0.640083,0.283333
089000520340426,0.027381,0.632699,0.00193,0.686432,0.171491
089000520361702,0.027231,0.628087,0.001932,0.706111,0.190789
089000520382979,0.027381,0.647426,0.001944,0.718799,0.164912
089000520404255,0.027381,0.64817,0.001934,0.709736,0.199561
089000520425532,0.028942,0.652782,0.00205,0.702486,0.235088
089000520446809,0.028942,0.647724,0.002065,0.691869,0.235965
089000520468085,0.028942,0.638649,0.002075,0.688503,0.217982
089000520489362,0.028942,0.635823,0.002075,0.677369,0.207456
089000520510638,0.028942,0.630616,0.002268,0.666753,0.207895
089000520531915,0.030893,0.627492,0.002258,0.66753,0.227632
089000520553191,0.079681,0.630616,0.005615,0.688762,0.25307
089000520574468,0.063979,0.624814,0.005355,0.694459,0.313158
089000520595745,0.051099,0.616037,0.005569,0.684102,0.343421
089000520617021,0.028942,0.618715,0.003803,0.674003,0.343421
089000520638298,0.051819,0.616632,0.004877,0.670378,0.349123
089000520659574,0.077879,0.638649,0.00539,0.663387,0.385088
089000520680851,0.096583,0.684469,0.00673,0.667271,0.436842
089000520702128,0.112826,0.751265,0.007788,0.702745,0.425
089000520723404,0.085085,0.810324,0.00587,0.767737,0.336404
089000520744681,0.061607,0.846474,0.004265,0.816157,0.254386
089000520765957,0.037078,0.8313,0.002567,0.795184,0.225439
089000520787234,0.031884,0.797233,0.002221,0.743915,0.288158
089000520808511,0.028942,0.755876,0.002042,0.692387,0.326754
089000520829787,0.028942,0.720173,0.00204,0.663128,0.330263
089000520851064,0.028942,0.700089,0.002032,0.631797,0.355702
08900052087234,0.033055,0.667063,0.002289,0.605645,0.334211
089000520893617,0.029542,0.625707,0.002048,0.57276,0.375439
089000520914894,0.027441,0.57706,0.001901,0.528742,0.419298
08900052093617,0.028792,0.599821,0.001986,0.493527,0.503947
089000520957447,0.029993,0.603987,0.002027,0.459089,0.524123
089000520978723,0.047346,0.590152,0.003182,0.515277,0.546491
0890005210,0.063949,0.577209,0.004252,0.505179,0.55307
0890049300,0.058094,0.572151,0.003851,0.485759,0.575877
089004930021277,0.035367,0.549836,0.002335,0.470741,0.592982
089004930042553,0.053381,0.512645,0.00355,0.530554,0.487281
08900493006383,0.035337,0.457007,0.002347,0.51709,0.489035
089004930085106,0.035217,0.393633,0.002329,0.480062,0.522807
089004930106383,0.031914,0.342904,0.0021,0.449249,0.55
08900493012766,0.028221,0.29634,0.001882,0.423615,0.524561
089004930148936,0.028732,0.267777,0.00183,0.401605,0.550877
089004930170213,0.028942,0.246355,0.001888,0.393837,0.632456
089004930191489,0.029362,0.252008,0.001903,0.373123,0.647807
089004930212766,0.032425,0.278191,0.002102,0.382962,0.679386
089004930234043,0.028402,0.326688,0.001859,0.395909,0.603509
089004930255319,0.049177,0.431568,0.003276,0.465303,0.52193
089004930276596,0.034947,0.554151,0.002389,0.551269,0.375439
089004930297872,0.029753,0.620797,0.002094,0.599171,0.270175
089004930319149,0.045124,0.711693,0.003207,0.696012,0.252193
089004930340426,0.051309,0.746355,0.003614,0.733558,0.33114
089004930361702,0.09202,0.74576,0.00645,0.747281,0.268421
089004930382979,0.09226,0.76867,0.006437,0.762558,0.279825
089004930404255,0.082082,0.765546,0.005712,0.762817,0.282895
089004930425532,0.094992,0.762571,0.006602,0.754013,0.281579
089004930446809,0.094512,0.742041,0.006624,0.745728,0.199561
089004930468085,0.099496,0.731181,0.006996,0.734593,0.284211
089004930489362,0.136214,0.737429,0.009551,0.73537,0.28114
089004930510638,0.143029,0.738322,0.010048,0.726308,0.305702
089004930531915,0.13147,0.736239,0.009227,0.728379,0.306579
089004930553191,0.340999,0.747248,0.023911,0.759969,0.305702
089004930574468,0.253843,0.750223,0.017837,0.768773,0.286842
089004930595745,0.206137,0.75424,0.014449,0.765407,0.297807
089004930617021,0.146902,0.745463,0.010318,0.761264,0.312719
089004930638298,0.125165,0.726272,0.008783,0.747799,0.317982
089004930659574,0.125766,0.747545,0.00883,0.75246,0.35614
089004930680851,0.32902,0.799613,0.023008,0.74521,0.42807
089004930702128,0.849105,0.885302,0.059669,0.768514,0.460526
089004930723404,0.731716,0.953585,0.050367,0.8203,0.410088
089004930744681,0.542933,1.0,0.036501,0.854738,0.446491
089004930765957,0.294134,0.980809,0.019763,0.822631,0.422368
089004930787234,0.126126,0.945106,0.008513,0.763853,0.396491
089004930808511,0.095322,0.90479,0.006516,0.723718,0.402632
089004930829787,0.082503,0.866111,0.005658,0.684102,0.421053
089004930851064,0.086976,0.836061,0.005951,0.651217,0.459649
08900493087234,0.09244,0.797977,0.006273,0.622475,0.527193
089004930893617,0.057133,0.734008,0.003868,0.587519,0.498684
089004930914894,0.032785,0.659179,0.002248,0.546867,0.446053
08900493093617,0.031644,0.671229,0.002164,0.506732,0.566228
089004930957447,0.028762,0.648468,0.001953,0.472294,0.518421
089004930978723,0.043233,0.626153,0.002935,0.528483,0.534649
0890049310,0.069503,0.610086,0.004643,0.516313,0.556579
0890093400,0.072565,0.606962,0.004807,0.501554,0.594737
089009340021277,0.063138,0.585838,0.00414,0.481616,0.632895
089009340042553,0.084514,0.550878,0.005588,0.53651,0.525439
08900934006383,0.047256,0.493603,0.003124,0.526152,0.488158
089009340085106,0.034646,0.434246,0.002289,0.486277,0.497807
089009340106383,0.048397,0.388426,0.003162,0.454687,0.550439
08900934012766,0.036208,0.339036,0.001944,0.423356,0.550439
089009340148936,0.049327,0.301845,0.001872,0.403418,0.572368
089009340170213,0.040471,0.278489,0.00199,0.389694,0.616228
089009340191489,0.068422,0.27105,0.002013,0.370792,0.660088
089009340212766,0.080041,0.300952,0.003945,0.377266,0.703947
089009340234043,0.032365,0.356293,0.002102,0.398757,0.658772
089009340255319,0.053321,0.460577,0.00354,0.474625,0.528947
089009340276596,0.058785,0.583309,0.004003,0.549456,0.40307
089009340297872,0.048757,0.646831,0.00343,0.603055,0.330702
089009340319149,0.067341,0.741744,0.004755,0.695753,0.294737
089009340340426,0.069293,0.764951,0.004852,0.74262,0.27807
089009340361702,0.073316,0.754686,0.005127,0.736147,0.276754
089009340382979,0.041341,0.762719,0.002896,0.754013,0.244298
089009340404255,0.05269,0.758108,0.003691,0.769032,0.229825
089009340425532,0.070824,0.753496,0.004948,0.753237,0.257895
089009340446809,0.07923,0.736239,0.005538,0.756862,0.257456
089009340468085,0.087216,0.727462,0.006099,0.741067,0.287719
089009340489362,0.081752,0.712734,0.005723,0.735888,0.297807
089009340510638,0.088117,0.70961,0.006165,0.727084,0.342544
089009340531915,0.071004,0.694139,0.004971,0.711807,0.305702
089009340553191,0.083193,0.681047,0.00586,0.741326,0.300877
089009340574468,0.075988,0.67346,0.005349,0.747281,0.277632
089009340595745,0.061277,0.652038,0.004327,0.739772,0.215351
089009340617021,0.0659,0.643558,0.00468,0.736406,0.191667
089009340638298,0.067731,0.637013,0.004815,0.725531,0.232456
089009340659574,0.072835,0.66022,0.005174,0.729674,0.26886
089009340680851,0.081512,0.701577,0.005785,0.733558,0.307895
089009340702128,0.121382,0.775216,0.0086,0.76204,0.357456
089009340723404,0.205957,0.879649,0.014422,0.81305,0.362281
089009340744681,0.338747,0.960875,0.023332,0.857328,0.325
089009340765957,0.272757,0.956263,0.018608,0.825479,0.344298
089009340787234,0.150384,0.933056,0.010158,0.768773,0.383772
089009340808511,0.07845,0.889467,0.005334,0.72087,0.377632
089009340829787,0.070884,0.858078,0.004855,0.684878,0.40307
089009340851064,0.069233,0.837251,0.00474,0.651994,0.416667
08900934087234,0.069953,0.800952,0.004771,0.624547,0.462719
089009340893617,0.072685,0.750223,0.004956,0.600466,0.489474
089009340914894,0.038339,0.679262,0.002617,0.552046,0.483333
08900934093617,0.063829,0.685957,0.004317,0.520715,0.610088
089009340957447,0.034706,0.664534,0.00232,0.490678,0.545175
089009340978723,0.045154,0.642666,0.003033,0.552563,0.547807
0890093410,0.064219,0.626153,0.004287,0.542465,0.565351
0890138500,0.06533,0.613657,0.004337,0.519938,0.604825
089013850021277,0.044134,0.59283,0.002638,0.498964,0.644737
089013850042553,0.075928,0.562481,0.005054,0.562403,0.509211
08901385006383,0.086556,0.515472,0.005719,0.541688,0.582018
089013850085106,0.082653,0.457156,0.005407,0.508804,0.605263
089013850106383,0.088417,0.40003,0.005735,0.475142,0.65307
08901385012766,0.072475,0.355103,0.004668,0.44899,0.670175
089013850148936,0.036748,0.313002,0.002362,0.426204,0.677632
089013850170213,0.036538,0.29039,0.002341,0.409114,0.721053
089013850191489,0.035247,0.287861,0.00225,0.39073,0.766228
089013850212766,0.05224,0.321333,0.003328,0.399793,0.764474
089013850234043,0.035187,0.364475,0.002273,0.416106,0.683772
089013850255319,0.07845,0.479917,0.004545,0.480062,0.614912
089013850276596,0.061337,0.606516,0.004146,0.561885,0.47193
089013850297872,0.043713,0.670931,0.003062,0.60668,0.379386
089013850319149,0.073406,0.764207,0.00516,0.718281,0.337719
089013850340426,0.073646,0.784439,0.005145,0.75738,0.324561
089013850361702,0.094662,0.766439,0.006614,0.767996,0.267105
089013850382979,0.078089,0.765992,0.005469,0.787157,0.285088
089013850404255,0.062628,0.75543,0.004373,0.788711,0.236842
089013850425532,0.059445,0.740702,0.004152,0.770585,0.252632
089013850446809,0.075627,0.724933,0.005301,0.768255,0.238596
089013850468085,0.056053,0.712288,0.003941,0.754013,0.263596
089013850489362,0.06533,0.703957,0.004618,0.750906,0.262719
089013850510638,0.061367,0.691015,0.004333,0.734852,0.255702
089013850531915,0.063588,0.680155,0.004485,0.722165,0.301754
089013850553191,0.077189,0.663791,0.005467,0.748835,0.270614
089013850574468,0.06584,0.653526,0.004661,0.756344,0.250877
089013850595745,0.059805,0.634781,0.004231,0.737183,0.247807
089013850617021,0.055242,0.627343,0.003899,0.727861,0.280263
089013850638298,0.036688,0.612169,0.002599,0.712066,0.232895
089013850659574,0.051249,0.63017,0.003646,0.720093,0.225877
089013850680851,0.073616,0.685659,0.005226,0.712325,0.335526
089013850702128,0.107812,0.756174,0.007584,0.737442,0.37193
089013850723404,0.100937,0.845135,0.006988,0.789487,0.397807
089013850744681,0.103429,0.916394,0.007009,0.837649,0.410526
089013850765957,0.099526,0.923535,0.006697,0.813827,0.420614
089013850787234,0.090279,0.903154,0.006076,0.76696,0.425439
089013850808511,0.061547,0.869087,0.004188,0.727861,0.392544
089013850829787,0.056443,0.839334,0.003868,0.682289,0.464474
089013850851064,0.076258,0.815977,0.005239,0.659762,0.425877
08901385087234,0.079711,0.786373,0.005463,0.631279,0.474561
089013850893617,0.056743,0.732669,0.003882,0.589591,0.508333
089013850914894,0.036658,0.670485,0.002511,0.55101,0.472368
08901385093617,0.05209,0.679113,0.003542,0.52434,0.567982
089013850957447,0.035937,0.657394,0.002424,0.495598,0.524561
089013850978723,0.045755,0.637608,0.003087,0.549456,0.524561
0890138510,0.055362,0.622731,0.00371,0.532108,0.599123
0890182600,0.059655,0.614698,0.003961,0.504402,0.616667
089018260021277,0.043173,0.595954,0.002607,0.480321,0.646491
089018260042553,0.06518,0.562928,0.00343,0.541947,0.555702
08901826006383,0.080611,0.513091,0.004111,0.523563,0.576316
089018260085106,0.072235,0.454775,0.004738,0.489643,0.581579
089018260106383,0.064609,0.405832,0.004202,0.454428,0.645175
08901826012766,0.05272,0.353764,0.003403,0.429052,0.651316
089018260148936,0.037378,0.313002,0.002011,0.406007,0.682456
089018260170213,0.031134,0.292324,0.001992,0.388918,0.737719
089018260191489,0.060556,0.284439,0.002484,0.374158,0.814035
089018260212766,0.045064,0.312853,0.002854,0.388659,0.791228
089018260234043,0.030593,0.361053,0.001969,0.404454,0.704386
089018260255319,0.076138,0.470396,0.004312,0.467374,0.652632
089018260276596,0.054612,0.593127,0.003677,0.538063,0.489912
089018260297872,0.029663,0.658435,0.002063,0.586225,0.369737
089018260319149,0.05242,0.760637,0.00365,0.671932,0.383333
089018260340426,0.045995,0.774769,0.003197,0.715432,0.351754
089018260361702,0.041161,0.766439,0.002862,0.717245,0.281579
089018260382979,0.028942,0.76391,0.002036,0.715691,0.352193
089018260404255,0.033055,0.75543,0.002322,0.704039,0.380263
089018260425532,0.043713,0.734157,0.003054,0.687468,0.430263
089018260446809,0.029663,0.702321,0.002088,0.676334,0.39693
089018260468085,0.032845,0.679113,0.002312,0.661056,0.405702
089018260489362,0.040291,0.663493,0.002846,0.644744,0.376316
089018260510638,0.032515,0.654418,0.002293,0.629726,0.392544
089018260531915,0.030413,0.63493,0.00216,0.629984,0.374123
089018260553191,0.031884,0.624517,0.002264,0.637235,0.358333
089018260574468,0.029933,0.611425,0.002127,0.628949,0.39693
089018260595745,0.028642,0.591342,0.002029,0.615225,0.417105
089018260617021,0.028372,0.581226,0.002015,0.607457,0.39386
089018260638298,0.027141,0.573936,0.001907,0.596064,0.384211
089018260659574,0.027831,0.590003,0.001946,0.586484,0.414912
089018260680851,0.029512,0.615739,0.002069,0.584671,0.452193
089018260702128,0.028852,0.669444,0.002019,0.600725,0.456579
089018260723404,0.030233,0.763612,0.002108,0.665976,0.425
089018260744681,0.035307,0.827135,0.002395,0.73796,0.422368
089018260765957,0.029963,0.835912,0.002013,0.73537,0.418421
089018260787234,0.030053,0.813746,0.002019,0.705593,0.309211
089018260808511,0.029422,0.777001,0.001986,0.661315,0.376316
089018260829787,0.029182,0.757215,0.001998,0.641636,0.347368
089018260851064,0.029092,0.729545,0.002,0.607975,0.424123
08901826087234,0.03978,0.708271,0.002732,0.591144,0.522368
089018260893617,0.037468,0.676733,0.002559,0.555153,0.548684
089018260914894,0.029903,0.627492,0.002034,0.522009,0.548684
08901826093617,0.073796,0.668402,0.004204,0.498446,0.610965
089018260957447,0.042092,0.665873,0.002177,0.486018,0.603947
089018260978723,0.084154,0.650699,0.004273,0.564733,0.594737
0890182610,0.055422,0.640881,0.002468,0.551528,0.617982
0890226700,0.072385,0.619607,0.00399,0.530036,0.599561
089022670021277,0.064489,0.598483,0.002167,0.500777,0.602632
089022670042553,0.085475,0.562035,0.004192,0.554117,0.523684
08902267006383,0.032004,0.501934,0.002117,0.534697,0.550439
089022670085106,0.068092,0.431866,0.003577,0.501813,0.621053
089022670106383,0.03957,0.379203,0.002102,0.459347,0.696491
08902267012766,0.031584,0.323862,0.002011,0.437338,0.727193
089022670148936,0.028822,0.284737,0.001836,0.401864,0.741667
089022670170213,0.028822,0.25424,0.001793,0.386328,0.759211
089022670191489,0.030203,0.243826,0.00184,0.359917,0.807018
089022670212766,0.053621,0.245016,0.00177,0.349301,0.719737
089022670234043,0.027711,0.264653,0.001764,0.341274,0.74386
089022670255319,0.028942,0.30363,0.001849,0.351113,0.772368
089022670276596,0.073646,0.347962,0.001836,0.358622,0.59693
089022670297872,0.499009,0.419072,0.000833,0.325997,0.414912
089022670319149,0.827819,0.533621,0.000833,0.344899,0.414912
089022670340426,0.695419,0.616186,0.000837,0.397462,0.414912
089022670361702,0.745647,0.67465,0.000839,0.452356,0.414912
089022670382979,0.753993,0.703213,0.001766,0.488348,0.414912
089022670404255,0.603128,0.698007,0.001786,0.501036,0.414912
089022670425532,0.641498,0.671229,0.001786,0.5,0.414912
089022670446809,0.220968,0.626748,0.001786,0.50492,0.414912
089022670468085,0.162904,0.584647,0.001786,0.4855,0.414912
089022670489362,0.707398,0.55296,0.001786,0.469446,0.414912
089022670510638,0.637775,0.52648,0.001764,0.457535,0.414912
089022670531915,0.740633,0.497917,0.001759,0.445365,0.414912
089022670553191,0.714603,0.473817,0.001766,0.465044,0.414912
089022670574468,0.608412,0.449717,0.001766,0.457535,0.414912
089022670595745,0.792242,0.438411,0.000839,0.441999,0.414912
089022670617021,0.642278,0.427551,0.000839,0.424392,0.414912
089022670638298,0.76327,0.423237,0.000839,0.414811,0.414912
089022670659574,0.303951,0.437667,0.000837,0.40782,0.414912
089022670680851,0.176594,0.464891,0.000837,0.408597,0.414912
089022670702128,0.120211,0.549241,0.000839,0.438115,0.414912
089022670723404,0.348175,0.653079,0.001786,0.523563,0.414912
089022670744681,0.812267,0.751265,0.002009,0.613154,0.414912
089022670765957,0.648673,0.764207,0.002009,0.626359,0.442105
089022670787234,0.251771,0.734752,0.015671,0.599171,0.569737
089022670808511,0.088207,0.688932,0.00312,0.556706,0.591667
089022670829787,0.085715,0.647575,0.002075,0.531072,0.596053
089022670851064,0.206107,0.623624,0.002009,0.501554,0.574561
08902267087234,0.444037,0.609491,0.002009,0.483428,0.578947
089022670893617,0.169839,0.572746,0.002106,0.452874,0.644737
089022670914894,0.231086,0.541506,0.002009,0.437338,0.649123
08902267093617,0.431218,0.559952,0.002009,0.419213,0.671053
089022670957447,0.273118,0.552514,0.002009,0.420249,0.671053
089022670978723,0.133902,0.540762,0.003938,0.476178,0.627193
0890226710,0.060826,0.505951,0.002075,0.470223,0.625
089027100,0.041131,0.475305,0.002476,0.465562,0.654825
08902710021277,0.03939,0.424427,0.002086,0.443294,0.701754
08902710042553,0.044974,0.383814,0.002435,0.502848,0.603947
0890271006383,0.044164,0.342755,0.002241,0.480839,0.647807
08902710085106,0.037348,0.286968,0.001975,0.444329,0.649561
08902710106383,0.034046,0.252008,0.001932,0.402641,0.627632
0890271012766,0.030053,0.216156,0.001894,0.375453,0.65
08902710148936,0.028912,0.194585,0.001799,0.352149,0.706579
08902710170213,0.021947,0.178072,0.001425,0.326515,0.764474
08902710191489,0.018464,0.172121,0.001203,0.296996,0.78114
08902710212766,0.02597,0.181047,0.001695,0.271362,0.768421
08902710234043,0.027711,0.186998,0.001786,0.256603,0.758772
08902710255319,0.028942,0.213329,0.001865,0.242879,0.796053
08902710276596,0.028822,0.240107,0.001843,0.241585,0.815351
08902710297872,0.027411,0.275662,0.001739,0.209995,0.820614
08902710319149,0.029212,0.356144,0.001843,0.225272,0.82807
08902710340426,0.053441,0.443618,0.002692,0.261264,0.832018
08902710361702,0.093911,0.506546,0.006028,0.296737,0.750439
08902710382979,0.075267,0.555043,0.004877,0.323149,0.762281
08902710404255,0.055933,0.571705,0.002892,0.332988,0.69386
08902710425532,0.121382,0.575722,0.004545,0.353185,0.70614
08902710446809,0.092771,0.545076,0.003172,0.352926,0.70307
08902710468085,0.03996,0.518893,0.002619,0.360953,0.66886
08902710489362,0.094182,0.493157,0.006186,0.364319,0.649123
08902710510638,0.089888,0.470098,0.004161,0.364578,0.699123
08902710531915,0.082623,0.444957,0.004227,0.354738,0.688158
08902710553191,0.06527,0.41446,0.004186,0.376748,0.657018
08902710574468,0.042632,0.391401,0.002781,0.37856,0.638158
08902710595745,0.037589,0.380095,0.002459,0.370016,0.649561
08902710617021,0.036628,0.369533,0.002395,0.373641,0.623246
08902710638298,0.036568,0.369235,0.002393,0.374935,0.613158
08902710659574,0.032064,0.379798,0.002106,0.366649,0.639912
08902710680851,0.032635,0.411187,0.002146,0.358105,0.672368
08902710702128,0.069323,0.483338,0.004618,0.400311,0.547807
08902710723404,0.098985,0.591937,0.00657,0.46349,0.581579
08902710744681,0.280143,0.692651,0.019032,0.533661,0.528947
08902710765957,0.281104,0.718982,0.019075,0.540653,0.553509
08902710787234,0.111775,0.709164,0.007603,0.525634,0.560088
08902710808511,0.128318,0.685213,0.008702,0.505697,0.570175
08902710829787,0.107632,0.668849,0.007221,0.483946,0.632018
08902710851064,0.137565,0.654121,0.009142,0.46116,0.667982
0890271087234,0.1442,0.629277,0.00956,0.445883,0.702193
08902710893617,0.10499,0.594168,0.006853,0.415329,0.731579
08902710914894,0.062718,0.543737,0.003779,0.39073,0.75
0890271093617,0.648223,0.55296,0.002422,0.374676,0.662281
08902710957447,0.283145,0.525736,0.002009,0.348783,0.618421
08902710978723,0.214963,0.49762,0.002009,0.401864,0.574561
089027110,0.072655,0.465338,0.002009,0.364319,0.584649
0890315200,0.032275,0.440048,0.002052,0.372864,0.603509
089031520021277,0.030203,0.399435,0.001903,0.369757,0.634211
089031520042553,0.032755,0.373103,0.002106,0.435785,0.609649
08903152006383,0.032034,0.338292,0.001986,0.419731,0.67193
089031520085106,0.029633,0.30482,0.001867,0.406007,0.67807
089031520106383,0.041792,0.279232,0.002009,0.375971,0.691228
08903152012766,0.029332,0.245165,0.001809,0.352149,0.72193
089031520148936,0.030473,0.227611,0.001772,0.327033,0.746053
089031520170213,0.029302,0.214668,0.00188,0.320818,0.79693
089031520191489,0.029813,0.224189,0.001865,0.307095,0.809649
089031520212766,0.041341,0.268224,0.002013,0.3203,0.831579
089031520234043,0.029272,0.323862,0.001863,0.339461,0.781579
089031520255319,0.030473,0.44094,0.001971,0.405489,0.694737
089031520276596,0.034526,0.561589,0.002268,0.468669,0.619298
089031520297872,0.030563,0.625112,0.002086,0.505955,0.545614
089031520319149,0.03906,0.731627,0.002688,0.588037,0.488158
089031520340426,0.033085,0.755132,0.002262,0.636458,0.443421
089031520361702,0.039,0.747248,0.002667,0.668048,0.414912
089031520382979,0.030623,0.753645,0.002113,0.698602,0.374123
089031520404255,0.029332,0.733859,0.002011,0.689798,0.332018
089031520425532,0.029092,0.699345,0.002002,0.669342,0.300877
089031520446809,0.028912,0.673312,0.002023,0.651735,0.404386
089031520468085,0.028942,0.663791,0.002046,0.64086,0.398684
089031520489362,0.028942,0.647129,0.002046,0.639824,0.369298
089031520510638,0.028942,0.629723,0.002054,0.622993,0.39386
089031520531915,0.028912,0.615888,0.002054,0.62377,0.386404
089031520553191,0.029873,0.601458,0.002125,0.643708,0.357018
089031520574468,0.028852,0.586135,0.002044,0.629726,0.382018
089031520595745,0.028492,0.564118,0.002027,0.621958,0.391228
089031520617021,0.028942,0.565903,0.002054,0.605904,0.414035
089031520638298,0.028672,0.555489,0.002032,0.595805,0.42807
089031520659574,0.028882,0.581821,0.002042,0.59218,0.392544
089031520680851,0.028822,0.619161,0.00204,0.597359,0.398246
089031520702128,0.035397,0.690568,0.002474,0.629208,0.394298
089031520723404,0.063738,0.804374,0.004383,0.710254,0.432018
089031520744681,0.084574,0.891104,0.005852,0.763335,0.473684
089031520765957,0.055752,0.88798,0.003816,0.757639,0.457895
089031520787234,0.048397,0.864475,0.003245,0.706888,0.446053
089031520808511,0.031074,0.82773,0.002694,0.666753,0.360088
089031520829787,0.032515,0.791877,0.002189,0.628172,0.39693
089031520851064,0.029633,0.771943,0.002017,0.597618,0.52193
08903152087234,0.044884,0.735049,0.003043,0.58001,0.549561
089031520893617,0.038699,0.687444,0.002619,0.544795,0.526754
089031520914894,0.027501,0.621244,0.001863,0.515018,0.561842
08903152093617,0.033626,0.635674,0.002214,0.487312,0.690351
089031520957447,0.029602,0.623029,0.001953,0.459347,0.621053
089031520978723,0.03882,0.614103,0.002576,0.517607,0.617544
0890315210,0.040351,0.604731,0.002655,0.504661,0.660965
0890359300,0.061156,0.604433,0.0022,0.488607,0.636842
089035930021277,0.071634,0.588218,0.002192,0.473071,0.668421
089035930042553,0.077099,0.551026,0.0041,0.533661,0.602632
08903593006383,0.074787,0.501934,0.002719,0.51709,0.580702
089035930085106,0.071034,0.444659,0.003425,0.486535,0.574561
089035930106383,0.097544,0.390211,0.005544,0.43941,0.568421
08903593012766,0.098415,0.340524,0.005544,0.408856,0.568421
089035930148936,0.057734,0.30006,0.001971,0.381668,0.546491
089035930170213,0.078149,0.283547,0.002013,0.353185,0.55307
089035930191489,0.05275,0.280125,0.001946,0.34231,0.61886
089035930212766,0.07941,0.304374,0.002719,0.348265,0.631579
089035930234043,0.062898,0.361053,0.002678,0.370792,0.619298
089035930255319,0.083764,0.4759,0.005424,0.446919,0.640351
089035930276596,0.106581,0.591937,0.005532,0.510875,0.486842
089035930297872,0.031404,0.658881,0.002148,0.539617,0.457018
089035930319149,0.035307,0.749479,0.002449,0.620663,0.428947
089035930340426,0.034796,0.776555,0.002401,0.676075,0.394298
089035930361702,0.042362,0.766587,0.002919,0.710513,0.386404
089035930382979,0.035847,0.763017,0.00248,0.723718,0.336404
089035930404255,0.029182,0.745463,0.002011,0.719575,0.292982
089035930425532,0.029002,0.727016,0.002017,0.702745,0.33114
089035930446809,0.028942,0.714222,0.002029,0.686432,0.354825
089035930468085,0.028972,0.703362,0.00204,0.664682,0.342105
089035930489362,0.028942,0.695031,0.002038,0.661315,0.337719
089035930510638,0.037649,0.68551,0.002657,0.649663,0.347368
089035930531915,0.029933,0.674353,0.002121,0.639565,0.339035
089035930553191,0.043233,0.670634,0.003056,0.671155,0.333333
089035930574468,0.043923,0.665278,0.003101,0.680735,0.34386
089035930595745,0.042993,0.664981,0.003014,0.668307,0.35307
089035930617021,0.029062,0.653972,0.002029,0.653288,0.378947
089035930638298,0.028942,0.654716,0.002019,0.634645,0.383772
089035930659574,0.038489,0.68432,0.002676,0.630243,0.460965
089035930680851,0.068902,0.723297,0.003639,0.622734,0.490351
089035930702128,0.108532,0.798869,0.006334,0.656137,0.504386
089035930723404,0.228504,0.892294,0.015488,0.726567,0.511404
089035930744681,0.185571,0.962511,0.012358,0.792336,0.527193
089035930765957,0.116909,0.948974,0.007694,0.775764,0.527193
089035930787234,0.098475,0.92413,0.00651,0.729933,0.530263
089035930808511,0.059325,0.878161,0.003976,0.681253,0.508772
089035930829787,0.059445,0.845879,0.004042,0.658467,0.45307
089035930851064,0.102048,0.826688,0.006982,0.619886,0.471491
08903593087234,0.106071,0.784439,0.007233,0.597877,0.507456
089035930893617,0.074607,0.734008,0.005085,0.556706,0.49386
089035930914894,0.033686,0.669444,0.002304,0.530813,0.456579
08903593093617,0.040921,0.676584,0.002788,0.494045,0.583772
089035930957447,0.034376,0.658733,0.002324,0.471517,0.514474
089035930978723,0.045605,0.636864,0.003095,0.522527,0.571491
0890359310,0.068062,0.627194,0.004418,0.513982,0.575
08935400,0.093821,0.612467,0.006267,0.493009,0.683772
0893540021277,0.081452,0.596697,0.005307,0.469964,0.742982
0893540042553,0.111445,0.56025,0.007308,0.533661,0.626316
089354006383,0.086976,0.509372,0.005658,0.514241,0.723684
0893540085106,0.084604,0.450015,0.005469,0.486794,0.701754
0893540106383,0.085415,0.396311,0.00549,0.452356,0.74386
089354012766,0.050558,0.342904,0.003241,0.427499,0.756579
0893540148936,0.035787,0.302291,0.002291,0.397721,0.733772
0893540170213,0.031434,0.279084,0.002011,0.380373,0.744737
0893540191489,0.037649,0.279084,0.002399,0.371569,0.759211
0893540212766,0.049478,0.314192,0.003153,0.379078,0.741667
0893540234043,0.071875,0.366409,0.003791,0.397721,0.702632
0893540255319,0.173982,0.479619,0.005253,0.457535,0.728509
0893540276596,0.335385,0.591193,0.016527,0.520456,0.654825
0893540297872,0.069623,0.650104,0.005131,0.551787,0.642544
0893540319149,0.113636,0.74457,0.008575,0.624029,0.591228
0893540340426,0.124715,0.772835,0.008168,0.684619,0.561404
0893540361702,0.112375,0.760488,0.007432,0.716727,0.514035
0893540382979,0.120452,0.76391,0.00817,0.738477,0.454825
0893540404255,0.113186,0.746802,0.007588,0.730968,0.470614
0893540425532,0.104599,0.732074,0.007011,0.734852,0.462719
0893540446809,0.090999,0.713627,0.006074,0.722165,0.455702
0893540468085,0.086135,0.702767,0.005725,0.714138,0.498246
0893540489362,0.081752,0.695626,0.00538,0.706111,0.482895
0893540510638,0.081512,0.693544,0.00538,0.693164,0.523684
0893540531915,0.080791,0.684618,0.005297,0.6797,0.51886
0893540553191,0.097664,0.680155,0.006481,0.707147,0.493421
0893540574468,0.109793,0.671824,0.007262,0.70637,0.484211
0893540595745,0.099255,0.659625,0.006602,0.699379,0.474561
0893540617021,0.084484,0.642368,0.005619,0.693941,0.441667
0893540638298,0.080221,0.635525,0.005318,0.681253,0.482456
0893540659574,0.095322,0.660071,0.006311,0.681512,0.544298
0893540680851,0.094332,0.691163,0.006244,0.664682,0.549561
0893540702128,0.138826,0.761381,0.009204,0.678664,0.545614
0893540723404,0.153597,0.848408,0.010266,0.735111,0.420614
0893540744681,0.17104,0.924576,0.011352,0.787675,0.423684
0893540765957,0.15789,0.924725,0.010575,0.771621,0.442982
0893540787234,0.172031,0.899137,0.011454,0.720611,0.490351
0893540808511,0.109103,0.854359,0.00725,0.671673,0.552193
0893540829787,0.09229,0.819845,0.006055,0.637752,0.546053
0893540851064,0.093431,0.802142,0.006172,0.607457,0.541667
089354087234,0.087877,0.769711,0.005775,0.5826,0.568421
0893540893617,0.07869,0.728057,0.005158,0.550233,0.595614
0893540914894,0.058334,0.665873,0.003851,0.529001,0.538596
089354093617,0.112856,0.682386,0.007495,0.499223,0.682018
0893540957447,0.048697,0.666766,0.003201,0.470482,0.627632
0893540978723,0.146151,0.650253,0.009778,0.530813,0.65
08935410,0.138135,0.634781,0.009165,0.506214,0.760526
0893545500,0.136244,0.622583,0.008945,0.49508,0.771491
089354550021277,0.134742,0.60726,0.008791,0.466339,0.784211
089354550042553,0.150624,0.57111,0.009881,0.525893,0.735965
08935455006383,0.117569,0.517703,0.007684,0.509839,0.731579
089354550085106,0.06518,0.455519,0.004206,0.469964,0.794298
089354550106383,0.064939,0.405683,0.003776,0.439151,0.787719
08935455012766,0.060196,0.355103,0.003292,0.409373,0.787719
089354550148936,0.058064,0.313895,0.002869,0.387364,0.787719
089354550170213,0.058845,0.286522,0.003488,0.367426,0.794298
089354550191489,0.058064,0.285183,0.002588,0.352149,0.794298
089354550212766,0.060046,0.318804,0.003222,0.358622,0.797368
089354550234043,0.074907,0.369087,0.004763,0.370533,0.826316
089354550255319,0.096223,0.482594,0.00618,0.434231,0.714035
089354550276596,0.155488,0.603541,0.010131,0.494562,0.677632
089354550297872,0.050258,0.668551,0.003309,0.533402,0.639474
089354550319149,0.094182,0.76867,0.006128,0.600984,0.660526
089354550340426,0.1188,0.786671,0.007783,0.65536,0.561842
089354550361702,0.086496,0.769414,0.005704,0.694977,0.508333
089354550382979,0.080942,0.756323,0.00538,0.707405,0.45614
089354550404255,0.080461,0.742636,0.005351,0.697566,0.430702
089354550425532,0.07875,0.71928,0.005247,0.689798,0.41886
089354550446809,0.077609,0.685659,0.005189,0.670637,0.467105
089354550468085,0.075898,0.65665,0.005083,0.648369,0.466228
089354550489362,0.053651,0.637162,0.00361,0.638011,0.462719
089354550510638,0.077519,0.616334,0.005127,0.625842,0.442105
089354550531915,0.0523,0.596549,0.003014,0.616261,0.417544
089354550553191,0.049177,0.586581,0.003351,0.644744,0.383333
089354550574468,0.070824,0.570812,0.004805,0.656137,0.357456
089354550595745,0.056623,0.55906,0.003855,0.631797,0.386842
089354550617021,0.047856,0.542547,0.003268,0.635422,0.370175
089354550638298,0.054792,0.538679,0.003741,0.623252,0.37807
089354550659574,0.064129,0.555638,0.004366,0.63102,0.416667
089354550680851,0.057314,0.588367,0.003889,0.619886,0.425877
089354550702128,0.073015,0.662005,0.004946,0.646038,0.46886
089354550723404,0.10502,0.766439,0.007059,0.702486,0.474561
089354550744681,0.138405,0.859566,0.009273,0.758933,0.425
089354550765957,0.150925,0.881732,0.01016,0.750906,0.436404
089354550787234,0.128287,0.865665,0.008544,0.698084,0.536842
089354550808511,0.096073,0.835614,0.006348,0.663905,0.510965
089354550829787,0.080071,0.812556,0.005274,0.628172,0.557895
089354550851064,0.077759,0.796489,0.00512,0.596323,0.586404
08935455087234,0.077039,0.773282,0.00511,0.575608,0.553947
089354550893617,0.050228,0.723892,0.003068,0.540135,0.579386
089354550914894,0.041522,0.6687,0.002775,0.509839,0.557895
08935455093617,0.104239,0.688039,0.004481,0.481875,0.604825
089354550957447,0.055482,0.672121,0.002356,0.456758,0.57807
089354550978723,0.164165,0.653823,0.011039,0.517607,0.652632
0893545510,0.145401,0.648765,0.009672,0.499223,0.78114
0893589600,0.139006,0.629128,0.009148,0.486794,0.786842
089358960021277,0.124925,0.603243,0.007131,0.45624,0.826754
089358960042553,0.286448,0.577507,0.018625,0.522268,0.743421
08935896006383,0.115378,0.513984,0.007511,0.496634,0.781579
089358960085106,0.103038,0.46028,0.006454,0.461678,0.765789
089358960106383,0.063468,0.406873,0.003963,0.426204,0.809649
08935896012766,0.058905,0.358822,0.003486,0.4029,0.809649
089358960148936,0.058064,0.322077,0.003058,0.374158,0.80307
089358960170213,0.058935,0.298126,0.003326,0.363542,0.809649
089358960191489,0.058064,0.294555,0.002943,0.350854,0.808333
089358960212766,0.064129,0.326242,0.004073,0.353444,0.832018
089358960234043,0.125766,0.379946,0.004125,0.368462,0.817982
089358960255319,0.072175,0.487504,0.004649,0.437856,0.664474
089358960276596,0.165186,0.608896,0.010837,0.493268,0.639035
089358960297872,0.051969,0.669444,0.003415,0.524599,0.648684
089358960319149,0.114927,0.769563,0.007439,0.589591,0.596053
089358960340426,0.140387,0.800803,0.00913,0.647592,0.615789
089358960361702,0.094902,0.78801,0.006153,0.671673,0.600877
089358960382979,0.112075,0.785034,0.007316,0.697566,0.588158
089358960404255,0.102198,0.769116,0.007032,0.678405,0.570175
089358960425532,0.082202,0.744421,0.005351,0.668307,0.519737
089358960446809,0.066831,0.667956,0.00441,0.657431,0.503947
089358960468085,0.06602,0.655608,0.004742,0.647074,0.52807
089358960489362,0.088597,0.676733,0.005856,0.644744,0.503509
089358960510638,0.07935,0.652484,0.005204,0.627395,0.501316
089358960531915,0.07902,0.63493,0.005187,0.628172,0.497807
089358960553191,0.077519,0.6205,0.005135,0.64086,0.466667
089358960574468,0.077519,0.613805,0.005127,0.636199,0.470175
089358960595745,0.077129,0.601755,0.004674,0.626877,0.529825
089358960617021,0.062267,0.591044,0.003421,0.620404,0.449561
089358960638298,0.066681,0.583457,0.004481,0.610306,0.434649
089358960659574,0.06596,0.606367,0.004402,0.606163,0.546491
089358960680851,0.077519,0.644302,0.005096,0.592698,0.589912
089358960702128,0.087967,0.711098,0.005727,0.620404,0.652193
089358960723404,0.124985,0.792919,0.008166,0.673485,0.570175
089358960744681,0.150925,0.846474,0.009915,0.730709,0.528509
089358960765957,0.148223,0.834127,0.009778,0.709736,0.557895
089358960787234,0.114027,0.809432,0.007472,0.682289,0.55
089358960808511,0.082653,0.768521,0.005424,0.637494,0.508333
089358960829787,0.06629,0.728355,0.004364,0.570171,0.532456
089358960851064,0.054251,0.712139,0.003585,0.573796,0.561842
08935896087234,0.068632,0.687742,0.004574,0.555671,0.509211
089358960893617,0.035847,0.647278,0.002383,0.512429,0.460088
089358960914894,0.029152,0.600714,0.001946,0.477473,0.438158
08935896093617,0.058695,0.633442,0.003951,0.449767,0.603509
089358960957447,0.062838,0.641327,0.003322,0.44899,0.56886
089358960978723,0.164885,0.629575,0.011105,0.52434,0.632018
0893589610,0.110034,0.627343,0.007333,0.520974,0.708333
0893633700,0.090759,0.593871,0.003866,0.501813,0.622807
089363370021277,0.080461,0.591044,0.005102,0.478767,0.625877
089363370042553,0.115228,0.544778,0.007761,0.528483,0.570175
08936337006383,0.095082,0.487801,0.006369,0.50492,0.599123
089363370085106,0.077609,0.432014,0.005129,0.471258,0.643421
089363370106383,0.058544,0.375781,0.003822,0.435008,0.714474
08936337012766,0.050859,0.317614,0.003305,0.408856,0.730263
089363370148936,0.042422,0.277745,0.002736,0.370792,0.730702
089363370170213,0.044884,0.245909,0.00284,0.345417,0.804825
089363370191489,0.050288,0.229694,0.00275,0.252978,0.819737
089363370212766,0.053321,0.232669,0.00275,0.238995,0.841667
089363370234043,0.047436,0.24338,0.00275,0.294407,0.857018
089363370255319,0.049958,0.27834,0.00275,0.33014,0.857018
089363370276596,0.033505,0.315829,0.00205,0.332729,0.785526
089363370297872,0.027861,0.375781,0.001782,0.319006,0.732456
089363370319149,0.040981,0.475454,0.002308,0.339202,0.722807
089363370340426,0.057914,0.56025,0.003745,0.393837,0.727632
089363370361702,0.078269,0.626748,0.005019,0.440704,0.716667
089363370382979,0.081602,0.665576,0.005268,0.477473,0.707895
089363370404255,0.079741,0.671973,0.005129,0.483687,0.720614
089363370425532,0.081272,0.65903,0.005226,0.490419,0.714474
089363370446809,0.07851,0.635079,0.005012,0.481616,0.749123
089363370468085,0.082863,0.6205,0.005249,0.471776,0.760965
089363370489362,0.084634,0.607409,0.005268,0.462973,0.710965
089363370510638,0.085655,0.581077,0.005318,0.427758,0.701754
089363370531915,0.094632,0.556977,0.005422,0.41507,0.679825
089363370553191,0.07884,0.521868,0.004852,0.423097,0.685965
089363370574468,0.07926,0.500446,0.004852,0.405748,0.685965
089363370595745,0.073526,0.482297,0.004404,0.375971,0.657456
089363370617021,0.062688,0.470396,0.00403,0.356292,0.65614
089363370638298,0.063318,0.471288,0.00403,0.344122,0.694737
089363370659574,0.058064,0.470842,0.003373,0.350596,0.769298
089363370680851,0.056473,0.488248,0.003592,0.35448,0.807456
089363370702128,0.055933,0.551175,0.003585,0.389953,0.719298
089363370723404,0.056713,0.634037,0.003685,0.467374,0.579825
089363370744681,0.095112,0.734157,0.006311,0.556706,0.559211
089363370765957,0.089648,0.746653,0.005985,0.572242,0.589035
089363370787234,0.081212,0.726123,0.005366,0.549197,0.632018
089363370808511,0.074186,0.680452,0.004848,0.51709,0.661404
089363370829787,0.067521,0.646534,0.004375,0.486277,0.713596
089363370851064,0.069563,0.622285,0.004501,0.463231,0.725439
08936337087234,0.067792,0.599524,0.004354,0.447695,0.721053
089363370893617,0.066561,0.570961,0.004258,0.418177,0.696053
089363370914894,0.060856,0.533472,0.003176,0.395132,0.681579
08936337093617,0.0656,0.55296,0.004038,0.383739,0.720175
089363370957447,0.063588,0.543886,0.003816,0.382962,0.681579
089363370978723,0.069623,0.536001,0.004337,0.439927,0.703509
0893633710,0.060976,0.504909,0.003633,0.443294,0.681579
0893677100,0.059926,0.468908,0.0035,0.425945,0.681579
089367710021277,0.051309,0.429337,0.00275,0.408079,0.688158
089367710042553,0.05317,0.385004,0.00333,0.453651,0.643421
08936771006383,0.050769,0.334722,0.00275,0.434231,0.607895
089367710085106,0.0523,0.293663,0.00275,0.39798,0.622368
089367710106383,0.037889,0.251265,0.002439,0.363283,0.733333
08936771012766,0.032935,0.221363,0.001909,0.336613,0.763158
089367710148936,0.031374,0.200684,0.001909,0.315898,0.779825
089367710170213,0.02684,0.184915,0.001714,0.278094,0.785965
089367710191489,0.027471,0.174204,0.001762,0.249871,0.77193
089367710212766,0.027021,0.178221,0.001732,0.226049,0.807456
089367710234043,0.024979,0.184915,0.001514,0.210513,0.838158
089367710255319,0.027801,0.210354,0.001479,0.209218,0.816228
089367710276596,0.031044,0.234305,0.001151,0.19912,0.816228
089367710297872,0.035517,0.277745,0.00118,0.175298,0.816228
089367710319149,0.0396,0.356739,0.001288,0.198861,0.816228
089367710340426,0.042422,0.442428,0.002318,0.226049,0.841667
089367710361702,0.050258,0.50848,0.00275,0.260228,0.797807
089367710382979,0.048517,0.552365,0.003112,0.306577,0.818421
089367710404255,0.045364,0.564415,0.002848,0.324702,0.837281
089367710425532,0.046475,0.548349,0.00296,0.340238,0.813158
089367710446809,0.041311,0.521273,0.002628,0.350337,0.757456
089367710468085,0.048157,0.490479,0.00275,0.35189,0.679825
089367710489362,0.044013,0.466825,0.00275,0.372087,0.665351
089367710510638,0.045755,0.441386,0.00275,0.394096,0.681579
089367710531915,0.045575,0.421303,0.002788,0.390212,0.68114
089367710553191,0.046385,0.391253,0.002669,0.395132,0.612281
089367710574468,0.041131,0.365367,0.002613,0.378819,0.634211
089367710595745,0.04008,0.348557,0.002588,0.373123,0.634211
089367710617021,0.03963,0.333978,0.002553,0.363801,0.65614
089367710638298,0.038159,0.327581,0.002489,0.362506,0.642982
089367710659574,0.033325,0.335168,0.002185,0.363283,0.619298
089367710680851,0.034766,0.362243,0.002285,0.373641,0.634211
089367710702128,0.042843,0.428146,0.002842,0.410927,0.562719
089367710723404,0.057404,0.52172,0.003818,0.474107,0.571053
089367710744681,0.077039,0.623624,0.0051,0.513723,0.546053
089367710765957,0.0789,0.654567,0.005231,0.521491,0.541667
089367710787234,0.06533,0.636418,0.004312,0.48783,0.555702
089367710808511,0.059445,0.623029,0.003934,0.465303,0.583772
089367710829787,0.057614,0.592681,0.003799,0.450544,0.608772
089367710851064,0.05239,0.567688,0.003463,0.432418,0.594298
08936771087234,0.049358,0.555936,0.003261,0.409373,0.613596
089367710893617,0.050588,0.530051,0.003336,0.385034,0.613158
089367710914894,0.047916,0.484677,0.00275,0.356292,0.659649
08936771093617,0.058064,0.493454,0.00275,0.340238,0.615789
089367710957447,0.055002,0.481702,0.002964,0.326774,0.615789
089367710978723,0.055002,0.464743,0.003629,0.386587,0.622807
0893677110,0.041912,0.427403,0.002663,0.378819,0.669298
0893722200,0.043923,0.40003,0.002673,0.365873,0.669298
089372220021277,0.040711,0.372062,0.00253,0.34697,0.680702
089372220042553,0.045875,0.333829,0.002879,0.399016,0.642982
08937222006383,0.043623,0.300208,0.002422,0.389953,0.629825
089372220085106,0.040681,0.265992,0.002327,0.352408,0.686842
089372220106383,0.033626,0.228801,0.002152,0.325479,0.683772
08937222012766,0.02597,0.201874,0.001678,0.287675,0.705702
089372220148936,0.021346,0.181642,0.001386,0.273433,0.683333
089372220170213,0.016993,0.179262,0.001103,0.251683,0.677193
089372220191489,0.01339,0.187295,0.000862,0.245728,0.734649
089372220212766,0.015792,0.21928,0.001007,0.265665,0.744298
089372220234043,0.019635,0.263463,0.001261,0.283791,0.660526
089372220255319,0.028762,0.355698,0.001853,0.346453,0.669737
089372220276596,0.027441,0.43975,0.001793,0.408597,0.492544
089372220297872,0.024739,0.473222,0.001629,0.446919,0.441667
089372220319149,0.049538,0.546564,0.003295,0.518125,0.293421
089372220340426,0.030863,0.581226,0.002063,0.569653,0.187281
089372220361702,0.029933,0.608301,0.002009,0.605645,0.234649
089372220382979,0.050378,0.631211,0.003411,0.625842,0.285526
089372220404255,0.038459,0.63493,0.002605,0.621181,0.382456
089372220425532,0.034646,0.624368,0.002345,0.612118,0.371491
089372220446809,0.060796,0.605177,0.004111,0.607716,0.361842
089372220468085,0.056113,0.590152,0.003808,0.598912,0.419737
089372220489362,0.065119,0.589705,0.004395,0.599171,0.442544
089372220510638,0.063168,0.583011,0.004256,0.58985,0.421053
089372220531915,0.046025,0.565159,0.003114,0.58493,0.39693
089372220553191,0.042392,0.554448,0.002881,0.599689,0.37807
089372220574468,0.042422,0.545522,0.002883,0.592957,0.407018
089372220595745,0.034706,0.53377,0.002351,0.578457,0.394298
089372220617021,0.033866,0.52053,0.002297,0.560331,0.378509
089372220638298,0.029512,0.512943,0.002,0.544019,0.372368
089372220659574,0.029572,0.518149,0.002009,0.538063,0.392982
089372220680851,0.029633,0.533175,0.002009,0.524599,0.41886
089372220702128,0.035757,0.572597,0.002447,0.553599,0.375439
089372220723404,0.059235,0.651741,0.004063,0.620404,0.350877
089372220744681,0.077129,0.728503,0.005276,0.703263,0.336404
089372220765957,0.074667,0.729545,0.005081,0.695495,0.352632
089372220787234,0.050648,0.709313,0.004159,0.657172,0.349123
089372220808511,0.040801,0.676138,0.003045,0.618074,0.362719
089372220829787,0.030743,0.645195,0.00209,0.585189,0.327193
089372220851064,0.029693,0.63017,0.002019,0.558519,0.360526
08937222087234,0.029272,0.601309,0.001986,0.530295,0.349123
089372220893617,0.029152,0.568581,0.001967,0.500259,0.406579
089372220914894,0.028642,0.528563,0.001959,0.463749,0.432456
08937222093617,0.029152,0.559506,0.001992,0.440963,0.449123
089372220957447,0.029062,0.565457,0.001963,0.418177,0.433333
089372220978723,0.044644,0.560547,0.003035,0.473589,0.461404
0893722210,0.053621,0.565308,0.003616,0.469705,0.507456
0893766300,0.054612,0.542696,0.003689,0.454687,0.576316
089376630021277,0.041431,0.528414,0.002678,0.434749,0.598684
089376630042553,0.054431,0.493752,0.003606,0.494303,0.492544
08937663006383,0.041071,0.44332,0.002717,0.48291,0.536404
089376630085106,0.038189,0.38679,0.002495,0.449249,0.582456
089376630106383,0.032275,0.330556,0.002158,0.414811,0.595614
08937663012766,0.034646,0.288605,0.002219,0.380632,0.559211
089376630148936,0.028972,0.240107,0.001886,0.362248,0.610965
089376630170213,0.029663,0.233859,0.001919,0.344381,0.651754
089376630191489,0.028972,0.239958,0.001867,0.331434,0.701754
089376630212766,0.029302,0.264951,0.001894,0.338944,0.685526
089376630234043,0.042692,0.311514,0.002189,0.344381,0.694737
089376630255319,0.21022,0.400327,0.003201,0.415329,0.572807
089376630276596,0.061547,0.49524,0.00409,0.468669,0.536842
089376630297872,0.029212,0.531836,0.001965,0.509839,0.396491
089376630319149,0.056953,0.611723,0.003847,0.575091,0.372368
089376630340426,0.078149,0.667658,0.005312,0.624806,0.392105
089376630361702,0.089348,0.687147,0.006074,0.649663,0.379386
089376630382979,0.076798,0.694585,0.005214,0.662092,0.405702
089376630404255,0.07845,0.67837,0.005282,0.652253,0.42807
089376630425532,0.076528,0.665873,0.005104,0.637235,0.439474
089376630446809,0.077339,0.638054,0.00515,0.629726,0.474561
089376630468085,0.073586,0.621095,0.004859,0.614448,0.435088
089376630489362,0.074907,0.609045,0.004985,0.618332,0.497807
089376630510638,0.067581,0.597739,0.004495,0.591403,0.499561
089376630531915,0.069323,0.588367,0.004705,0.58985,0.483772
089376630553191,0.072325,0.58435,0.004817,0.600466,0.447807
089376630574468,0.071424,0.574234,0.004757,0.606422,0.467982
089376630595745,0.063108,0.563969,0.004219,0.588814,0.45614
089376630617021,0.060796,0.554894,0.004028,0.576126,0.460965
089376630638298,0.063558,0.556828,0.0043,0.577421,0.457018
089376630659574,0.064879,0.566052,0.004358,0.571207,0.445614
089376630680851,0.064129,0.583457,0.004325,0.565251,0.429825
089376630702128,0.068422,0.638798,0.004607,0.585707,0.471491
089376630723404,0.090219,0.724189,0.006064,0.642413,0.486404
089376630744681,0.150925,0.803927,0.010214,0.734852,0.342544
089376630765957,0.150925,0.814192,0.010301,0.727084,0.421491
089376630787234,0.099886,0.786819,0.006737,0.671932,0.396491
089376630808511,0.081722,0.756323,0.005501,0.632574,0.438158
089376630829787,0.073826,0.722702,0.004969,0.601502,0.452632
089376630851064,0.069593,0.707974,0.004684,0.574314,0.480263
08937663087234,0.05233,0.680601,0.003542,0.559037,0.465789
089376630893617,0.038369,0.638798,0.002607,0.520974,0.473684
089376630914894,0.032214,0.591491,0.002154,0.487053,0.441667
08937663093617,0.041852,0.609938,0.002844,0.453392,0.510088
089376630957447,0.034436,0.605623,0.002333,0.432936,0.491228
089376630978723,0.054341,0.589854,0.003664,0.499741,0.492544
0893766310,0.055782,0.578548,0.003752,0.491455,0.543421
089381400,0.062027,0.566647,0.004144,0.453392,0.60614
08938140021277,0.058575,0.549688,0.00387,0.440963,0.607018
08938140042553,0.068392,0.518447,0.004564,0.504661,0.521491
0893814006383,0.053381,0.463106,0.003556,0.481875,0.528947
08938140085106,0.047466,0.409104,0.003081,0.454687,0.582895
08938140106383,0.044194,0.353317,0.002902,0.414034,0.668421
0893814012766,0.041041,0.302737,0.002678,0.391248,0.66886
08938140148936,0.037919,0.272092,0.002451,0.370016,0.685088
08938140170213,0.036478,0.255727,0.002349,0.356292,0.733772
08938140191489,0.038609,0.258852,0.002462,0.336613,0.774123
08938140212766,0.041371,0.293514,0.002648,0.344122,0.787281
08938140234043,0.043653,0.341863,0.002808,0.36173,0.720614
08938140255319,0.044073,0.424725,0.002892,0.424392,0.598246
08938140276596,0.049958,0.519488,0.003336,0.480062,0.490789
08938140297872,0.038669,0.549241,0.002636,0.515536,0.425877
08938140319149,0.061607,0.619905,0.004209,0.578198,0.354386
08938140340426,0.073706,0.678965,0.005006,0.636976,0.392544
08938140361702,0.074967,0.682832,0.005073,0.672191,0.347807
08938140382979,0.084004,0.683874,0.005735,0.687985,0.345614
08938140404255,0.075087,0.671973,0.005127,0.691611,0.32807
08938140425532,0.074577,0.653526,0.005098,0.689021,0.330702
08938140446809,0.074667,0.624665,0.005089,0.694977,0.331579
08938140468085,0.074276,0.606962,0.005054,0.687985,0.347368
08938140489362,0.072955,0.58911,0.004971,0.685396,0.336842
08938140510638,0.068872,0.571259,0.004734,0.66261,0.338158
08938140531915,0.068962,0.557423,0.004736,0.661574,0.284649
08938140553191,0.069443,0.545076,0.004796,0.676334,0.276316
08938140574468,0.06587,0.538976,0.004541,0.671155,0.297807
08938140595745,0.046595,0.523654,0.003384,0.650958,0.282018
08938140617021,0.03891,0.510265,0.002684,0.637235,0.288158
08938140638298,0.043203,0.512199,0.002948,0.63361,0.303509
08938140659574,0.041131,0.515918,0.002775,0.618591,0.321053
08938140680851,0.035037,0.539125,0.002403,0.607198,0.330702
08938140702128,0.054672,0.593722,0.003795,0.645003,0.340351
08938140723404,0.090339,0.692205,0.006134,0.717245,0.337719
08938140744681,0.102438,0.777745,0.007042,0.769291,0.314035
08938140765957,0.116128,0.79158,0.008018,0.742103,0.345175
08938140787234,0.07854,0.768819,0.005351,0.699379,0.364912
08938140808511,0.073706,0.740851,0.004994,0.654583,0.430263
08938140829787,0.070914,0.7108,0.004821,0.626359,0.412281
08938140851064,0.070373,0.693841,0.004782,0.603314,0.415789
0893814087234,0.061427,0.671526,0.004157,0.574314,0.426316
08938140893617,0.051399,0.624963,0.003413,0.539876,0.450439
08938140914894,0.03906,0.576912,0.00264,0.509063,0.472368
0893814093617,0.046565,0.598631,0.00316,0.473071,0.528509
08938140957447,0.035757,0.58792,0.002424,0.447437,0.480702
08938140978723,0.055302,0.578102,0.003762,0.51217,0.489035
089381410,0.053921,0.564713,0.003652,0.506473,0.487719
0893854500,0.053741,0.558762,0.003606,0.487312,0.532895
089385450021277,0.053981,0.540613,0.003581,0.46841,0.538158
089385450042553,0.061847,0.511009,0.004304,0.531849,0.475
08938545006383,0.054461,0.461916,0.003631,0.510357,0.49693
089385450085106,0.048787,0.398393,0.003282,0.477473,0.55614
089385450106383,0.045845,0.34216,0.002987,0.454946,0.632895
08938545012766,0.043653,0.307944,0.00284,0.412998,0.673684
089385450148936,0.03933,0.276406,0.002538,0.39332,0.685526
089385450170213,0.042602,0.25781,0.002754,0.365355,0.708772
089385450191489,0.043353,0.255727,0.002709,0.345158,0.730263
089385450212766,0.044104,0.288753,0.002846,0.357069,0.723684
089385450234043,0.035037,0.330408,0.002283,0.381926,0.667982
089385450255319,0.051459,0.421303,0.003394,0.444588,0.558333
089385450276596,0.069022,0.511901,0.004805,0.51217,0.485965
089385450297872,0.045905,0.549985,0.003103,0.542724,0.429386
089385450319149,0.069503,0.629128,0.004801,0.62377,0.388158
089385450340426,0.082953,0.680452,0.005598,0.687468,0.357456
089385450361702,0.104569,0.686998,0.007081,0.73537,0.334649
089385450382979,0.135613,0.69756,0.009298,0.757639,0.289474
089385450404255,0.091029,0.694585,0.006196,0.761523,0.385526
089385450425532,0.083794,0.678518,0.005916,0.758674,0.37193
089385450446809,0.081632,0.658881,0.005496,0.765924,0.377632
089385450468085,0.082142,0.645344,0.005534,0.76696,0.427193
089385450489362,0.078179,0.632401,0.005233,0.765665,0.415351
089385450510638,0.076318,0.617525,0.005108,0.749871,0.445614
089385450531915,0.075357,0.611871,0.005044,0.756085,0.410088
089385450553191,0.077729,0.605326,0.005241,0.795961,0.364474
089385450574468,0.07896,0.599078,0.005295,0.8058,0.374561
089385450595745,0.077369,0.592086,0.005247,0.796479,0.375
089385450617021,0.075838,0.577953,0.005118,0.786121,0.395614
089385450638298,0.078119,0.589557,0.005249,0.780943,0.425439
089385450659574,0.077129,0.605028,0.005183,0.765407,0.465789
089385450680851,0.075297,0.634335,0.005062,0.736665,0.47193
089385450702128,0.078209,0.698007,0.005245,0.739254,0.553947
089385450723404,0.115258,0.798274,0.007725,0.783532,0.507895
089385450744681,0.150805,0.896162,0.010197,0.851631,0.441667
089385450765957,0.150805,0.914906,0.010235,0.838685,0.480263
089385450787234,0.150805,0.900922,0.010189,0.802175,0.516228
089385450808511,0.135163,0.866706,0.009005,0.754272,0.592105
089385450829787,0.123544,0.836358,0.008126,0.709736,0.593421
089385450851064,0.136123,0.821035,0.008961,0.684102,0.572368
08938545087234,0.097994,0.797382,0.006412,0.662869,0.596491
089385450893617,0.080461,0.747843,0.005247,0.611082,0.584649
089385450914894,0.063108,0.689824,0.004155,0.578975,0.538596
08938545093617,0.076438,0.69756,0.004767,0.538581,0.649123
089385450957447,0.048067,0.681345,0.003087,0.508545,0.575877
089385450978723,0.127717,0.655757,0.008531,0.576385,0.589035
0893854510,0.073556,0.641476,0.004863,0.553081,0.625439
0893899600,0.0786,0.625855,0.004906,0.544795,0.695614
089389960021277,0.083704,0.603838,0.004287,0.514241,0.695614
089389960042553,0.11907,0.569325,0.007759,0.576644,0.597807
08938996006383,0.084574,0.513686,0.005478,0.562662,0.609649
089389960085106,0.05311,0.458643,0.003513,0.516313,0.64693
089389960106383,0.059355,0.400327,0.003799,0.493527,0.700877
08938996012766,0.045785,0.353169,0.002898,0.459865,0.732895
089389960148936,0.038429,0.312853,0.002424,0.443035,0.704825
089389960170213,0.043203,0.290539,0.00269,0.415588,0.749123
089389960191489,0.040651,0.287414,0.002399,0.404972,0.772368
089389960212766,0.03981,0.316126,0.002545,0.406266,0.772368
089389960234043,0.042272,0.367748,0.002723,0.425945,0.739474
089389960255319,0.054672,0.460726,0.003529,0.489125,0.72193
089389960276596,0.087336,0.555489,0.005688,0.556189,0.695175
089389960297872,0.050228,0.600565,0.003307,0.578975,0.609649
089389960319149,0.069863,0.699197,0.004607,0.654583,0.569737
089389960340426,0.093371,0.758554,0.006167,0.719316,0.571491
089389960361702,0.150805,0.814936,0.009969,0.755567,0.498246
089389960382979,0.15777,0.856888,0.010546,0.774728,0.511404
089389960404255,0.159061,0.846921,0.010613,0.772657,0.516667
089389960425532,0.14438,0.829664,0.009589,0.755826,0.545614
089389960446809,0.115768,0.809878,0.007624,0.747799,0.536404
089389960468085,0.150805,0.800803,0.009975,0.736665,0.570614
089389960489362,0.180347,0.793365,0.01178,0.729933,0.610965
089389960510638,0.183079,0.780422,0.011784,0.709477,0.691667
089389960531915,0.150805,0.760637,0.00968,0.714915,0.649123
089389960553191,0.150805,0.735347,0.009724,0.731227,0.620614
089389960574468,0.1445,0.713181,0.009304,0.734335,0.632456
089389960595745,0.102468,0.685957,0.006577,0.702227,0.630702
089389960617021,0.088447,0.655906,0.005721,0.694459,0.594737
089389960638298,0.082443,0.6446,0.005332,0.674003,0.60307
089389960659574,0.076858,0.645641,0.004958,0.666494,0.633772
089389960680851,0.072805,0.676436,0.004751,0.644226,0.636842
089389960702128,0.088777,0.732223,0.005812,0.665458,0.595614
089389960723404,0.085955,0.8072,0.005648,0.704298,0.553947
089389960744681,0.095052,0.870425,0.006327,0.765148,0.492982
089389960765957,0.09214,0.867301,0.006192,0.758933,0.436842
089389960787234,0.086406,0.843945,0.005823,0.725531,0.464035
089389960808511,0.074997,0.805415,0.005029,0.679441,0.467982
089389960829787,0.075147,0.773728,0.004992,0.644226,0.515351
089389960851064,0.074457,0.749331,0.004929,0.619627,0.541228
08938996087234,0.064219,0.721363,0.004248,0.595805,0.56886
089389960893617,0.053381,0.677477,0.003533,0.562921,0.568421
089389960914894,0.042752,0.631657,0.002871,0.524858,0.614912
08938996093617,0.050018,0.6626,0.003317,0.502848,0.677193
089389960957447,0.050859,0.662452,0.003351,0.489643,0.629825
089389960978723,0.061427,0.642666,0.004028,0.551528,0.589035
0893899610,0.06563,0.625409,0.004314,0.539099,0.627632
0893943700,0.073856,0.595061,0.00478,0.523045,0.664035
089394370021277,0.068932,0.585391,0.003635,0.5,0.660965
089394370042553,0.068902,0.541803,0.004236,0.544795,0.578509
08939437006383,0.067071,0.489884,0.003752,0.522786,0.615789
089394370085106,0.054612,0.429337,0.003396,0.48291,0.615789
089394370106383,0.05212,0.371467,0.00329,0.445883,0.725439
08939437012766,0.048697,0.31925,0.003018,0.423615,0.772368
089394370148936,0.044974,0.276555,0.002005,0.396168,0.772368
089394370170213,0.031044,0.252603,0.001614,0.365614,0.772368
089394370191489,0.029873,0.240256,0.001504,0.337131,0.794298
089394370212766,0.036418,0.244421,0.00157,0.314604,0.794298
089394370234043,0.032725,0.260488,0.001668,0.314863,0.794298
089394370255319,0.044824,0.296489,0.001629,0.319782,0.794298
089394370276596,0.042422,0.340226,0.001872,0.337649,0.794298
089394370297872,0.044434,0.400625,0.001764,0.324443,0.816228
089394370319149,0.053621,0.492711,0.002113,0.360435,0.836404
089394370340426,0.067221,0.586284,0.003876,0.417918,0.88114
089394370361702,0.083674,0.654716,0.005316,0.465562,0.865789
089394370382979,0.086766,0.69399,0.005511,0.506732,0.828509
089394370404255,0.086436,0.687593,0.005509,0.524858,0.807456
089394370425532,0.085565,0.663195,0.005449,0.517349,0.807456
089394370446809,0.075718,0.621244,0.004798,0.519161,0.832456
089394370468085,0.06566,0.576465,0.004144,0.502848,0.804825
089394370489362,0.056323,0.542844,0.003523,0.499482,0.789474
089394370510638,0.05272,0.508033,0.003029,0.469964,0.816228
089394370531915,0.05239,0.48319,0.002975,0.462455,0.816228
089394370553191,0.05239,0.452246,0.003058,0.464267,0.814474
089394370574468,0.049688,0.427551,0.00295,0.46349,0.816228
089394370595745,0.041462,0.41089,0.002497,0.447954,0.815789
089394370617021,0.037709,0.398542,0.002052,0.428793,0.815351
089394370638298,0.042452,0.396608,0.002703,0.42465,0.802193
089394370659574,0.036117,0.408063,0.002092,0.431901,0.816228
089394370680851,0.037378,0.44332,0.001874,0.433454,0.816228
089394370702128,0.046415,0.521422,0.002983,0.461678,0.753509
089394370723404,0.057404,0.62526,0.003685,0.51942,0.827632
089394370744681,0.087156,0.735495,0.005636,0.595287,0.691228
089394370765957,0.097904,0.759744,0.006423,0.607198,0.629386
089394370787234,0.09259,0.740256,0.006084,0.578975,0.676754
089394370808511,0.079621,0.702321,0.00517,0.544278,0.769737
089394370829787,0.086826,0.666171,0.003635,0.50492,0.698246
089394370851064,0.088597,0.641178,0.003635,0.483169,0.691228
08939437087234,0.090639,0.622583,0.00483,0.462973,0.691228
089394370893617,0.088597,0.588367,0.003635,0.439151,0.691228
089394370914894,0.071484,0.542101,0.003635,0.418954,0.712719
08939437093617,0.056053,0.545968,0.003635,0.410927,0.700877
089394370957447,0.060466,0.555638,0.003635,0.400311,0.699561
089394370978723,0.068542,0.549539,0.003716,0.465821,0.661842
0893943710,0.054311,0.514133,0.00274,0.467633,0.634211
0893987100,0.05257,0.464445,0.003157,0.457017,0.681579
089398710021277,0.048577,0.423683,0.002867,0.438892,0.662719
089398710042553,0.048277,0.384261,0.003141,0.490161,0.617105
08939871006383,0.047976,0.33978,0.002925,0.481357,0.662719
089398710085106,0.051759,0.304225,0.003157,0.438115,0.684649
089398710106383,0.045485,0.257959,0.002343,0.399534,0.750439
08939871012766,0.043323,0.231776,0.001957,0.376748,0.750439
089398710148936,0.033355,0.207528,0.001762,0.349042,0.737719
089398710170213,0.043203,0.187147,0.002056,0.285603,0.758333
089398710191489,0.02684,0.186403,0.001712,0.295184,0.775439
089398710212766,0.031734,0.1928,0.001757,0.287675,0.831579
089398710234043,0.042752,0.209313,0.001583,0.271362,0.835088
089398710255319,0.024409,0.227611,0.001454,0.250647,0.853509
089398710276596,0.029602,0.259,0.001475,0.247022,0.853509
089398710297872,0.043413,0.293811,0.00146,0.227602,0.838158
089398710319149,0.05239,0.36864,0.001454,0.234076,0.853509
089398710340426,0.054371,0.4518,0.001944,0.265924,0.853509
089398710361702,0.059715,0.522017,0.002017,0.300363,0.838158
089398710382979,0.065059,0.582862,0.003864,0.330399,0.865351
089398710404255,0.063018,0.587028,0.003105,0.343086,0.838158
089398710425532,0.059715,0.576019,0.003741,0.356551,0.833333
089398710446809,0.058665,0.549836,0.002327,0.357328,0.838158
089398710468085,0.056083,0.511901,0.00257,0.355256,0.838158
089398710489362,0.05245,0.483785,0.002329,0.342569,0.838158
089398710510638,0.047166,0.456561,0.002337,0.337649,0.838158
089398710531915,0.049568,0.429932,0.002027,0.328068,0.838158
089398710553191,0.047646,0.407914,0.00231,0.346194,0.838158
089398710574468,0.043893,0.386195,0.002025,0.333247,0.838158
089398710595745,0.041702,0.36626,0.002113,0.333506,0.838158
089398710617021,0.036057,0.355846,0.001762,0.326515,0.837281
089398710638298,0.035517,0.357632,0.001776,0.331176,0.838158
089398710659574,0.035637,0.367301,0.002054,0.336613,0.838158
089398710680851,0.031794,0.40003,0.001878,0.339979,0.838158
089398710702128,0.037649,0.472776,0.002381,0.389436,0.833333
089398710723404,0.064639,0.582416,0.003843,0.467892,0.785526
089398710744681,0.089948,0.69399,0.005837,0.554117,0.665351
089398710765957,0.092951,0.728057,0.006111,0.574314,0.633333
089398710787234,0.090369,0.723594,0.00592,0.561885,0.661404
089398710808511,0.086586,0.70604,0.005625,0.532108,0.731579
089398710829787,0.07929,0.685213,0.005141,0.518902,0.761842
089398710851064,0.085655,0.663493,0.005372,0.501295,0.778947
08939871087234,0.082202,0.64698,0.00447,0.482134,0.778947
089398710893617,0.0789,0.60845,0.004144,0.458571,0.791228
089398710914894,0.063438,0.557721,0.00313,0.429829,0.765789
08939871093617,0.076198,0.567986,0.003756,0.399793,0.817544
089398710957447,0.071995,0.539869,0.003554,0.384516,0.765789
089398710978723,0.068632,0.505356,0.003924,0.438115,0.74386
0893987110,0.057404,0.465338,0.003324,0.426204,0.787719
0894031200,0.05281,0.43856,0.003378,0.423356,0.727193
089403120021277,0.056413,0.40717,0.003612,0.41274,0.772807
089403120042553,0.058514,0.38188,0.003795,0.473848,0.687719
08940312006383,0.059385,0.343648,0.003872,0.467633,0.66886
089403120085106,0.056953,0.310622,0.003702,0.441481,0.717544
089403120106383,0.051789,0.276555,0.003319,0.412222,0.775439
08940312012766,0.049958,0.249926,0.00241,0.386587,0.772368
089403120148936,0.05239,0.240107,0.002229,0.374676,0.772368
089403120170213,0.037378,0.229991,0.002381,0.354221,0.786842
089403120191489,0.040351,0.249479,0.002304,0.358105,0.794298
089403120212766,0.046535,0.299464,0.002742,0.355515,0.805702
089403120234043,0.046866,0.351384,0.002991,0.392025,0.742544
089403120255319,0.06635,0.458048,0.004277,0.454169,0.646053
089403120276596,0.064039,0.548497,0.004348,0.525893,0.644737
089403120297872,0.048907,0.584201,0.003238,0.576385,0.577632
089403120319149,0.070043,0.664386,0.004815,0.668307,0.478947
089403120340426,0.086586,0.712734,0.005781,0.721129,0.450877
089403120361702,0.110034,0.745314,0.007364,0.737701,0.467544
089403120382979,0.137474,0.774472,0.009958,0.753237,0.473684
089403120404255,0.115948,0.760042,0.007756,0.74521,0.510965
089403120425532,0.07935,0.739512,0.005415,0.732004,0.483772
089403120446809,0.081182,0.70961,0.005368,0.728379,0.499123
089403120468085,0.076918,0.687891,0.005087,0.722424,0.491228
089403120489362,0.076108,0.683428,0.005035,0.707405,0.534649
089403120510638,0.077009,0.670187,0.005073,0.698343,0.560526
089403120531915,0.074967,0.651592,0.004913,0.688503,0.541667
089403120553191,0.075898,0.641625,0.005012,0.711807,0.475439
089403120574468,0.075207,0.625409,0.004996,0.714915,0.501316
089403120595745,0.075688,0.62169,0.005029,0.709995,0.497368
089403120617021,0.076558,0.623029,0.005091,0.710513,0.473246
089403120638298,0.077279,0.638054,0.005133,0.702486,0.499123
089403120659574,0.088237,0.665873,0.005845,0.710772,0.557456
089403120680851,0.084244,0.691758,0.005561,0.7087,0.560088
089403120702128,0.09226,0.747397,0.00612,0.736147,0.523246
089403120723404,0.115438,0.827432,0.007661,0.784827,0.516667
089403120744681,0.147262,0.904641,0.009782,0.838944,0.462719
089403120765957,0.145851,0.904641,0.009751,0.8203,0.428947
089403120787234,0.119281,0.8795,0.007931,0.772139,0.526754
089403120808511,0.088627,0.831747,0.005947,0.714397,0.504825
089403120829787,0.084514,0.792919,0.005544,0.676075,0.502632
089403120851064,0.07878,0.774323,0.005243,0.637494,0.516667
08940312087234,0.074847,0.747099,0.004981,0.613672,0.55
089403120893617,0.072355,0.692502,0.004805,0.574573,0.535965
089403120914894,0.0526,0.63017,0.003542,0.539099,0.532456
08940312093617,0.06581,0.636566,0.004437,0.495598,0.607456
089403120957447,0.059265,0.628236,0.003999,0.460642,0.598246
089403120978723,0.090789,0.626153,0.006157,0.534179,0.564474
0894031210,0.09214,0.605475,0.006172,0.511911,0.588158
0894075300,0.073226,0.587325,0.004892,0.497152,0.61886
089407530021277,0.063168,0.568581,0.004157,0.475142,0.632895
089407530042553,0.07881,0.53853,0.005746,0.545054,0.515351
08940753006383,0.084754,0.491669,0.005656,0.530295,0.545175
089407530085106,0.076258,0.432907,0.004965,0.503625,0.55307
089407530106383,0.063618,0.386343,0.004173,0.465821,0.685526
08940753012766,0.058424,0.333234,0.003803,0.447178,0.685088
089407530148936,0.048037,0.299018,0.003037,0.41999,0.692982
089407530170213,0.058815,0.27834,0.003801,0.406007,0.695614
089407530191489,0.046385,0.277001,0.002997,0.389436,0.719298
089407530212766,0.047736,0.303332,0.003087,0.397204,0.726754
089407530234043,0.049448,0.344689,0.003226,0.427499,0.670175
089407530255319,0.051489,0.448081,0.003484,0.498964,0.60614
089407530276596,0.059896,0.545373,0.00399,0.576385,0.502193
089407530297872,0.051039,0.584647,0.003604,0.633351,0.482018
089407530319149,0.074397,0.675692,0.005037,0.719316,0.361404
089407530340426,0.084214,0.727165,0.005787,0.756085,0.35307
089407530361702,0.126516,0.758703,0.009154,0.774469,0.301754
089407530382979,0.106641,0.779084,0.010598,0.796479,0.374123
089407530404255,0.101957,0.763314,0.007115,0.769808,0.339474
089407530425532,0.089678,0.728652,0.006007,0.754013,0.349123
089407530446809,0.086165,0.703213,0.005974,0.737701,0.344298
089407530468085,0.0786,0.676882,0.00533,0.714915,0.374123
089407530489362,0.076558,0.654121,0.005222,0.698084,0.335088
089407530510638,0.073826,0.639988,0.005004,0.676075,0.427632
089407530531915,0.072655,0.623773,0.004954,0.670378,0.39386
089407530553191,0.073166,0.616483,0.004998,0.691093,0.357895
089407530574468,0.070764,0.602202,0.004832,0.68203,0.390351
089407530595745,0.070103,0.597292,0.004722,0.66028,0.415789
089407530617021,0.062477,0.590301,0.004242,0.650958,0.420175
089407530638298,0.070283,0.59402,0.00483,0.641895,0.439474
089407530659574,0.068542,0.614698,0.004553,0.63594,0.485088
089407530680851,0.073586,0.647873,0.00494,0.628949,0.533333
089407530702128,0.076168,0.701726,0.005118,0.656396,0.510526
089407530723404,0.093251,0.794555,0.006311,0.723718,0.419298
089407530744681,0.207127,0.88917,0.014225,0.82289,0.326754
089407530765957,0.173772,0.901071,0.011998,0.832729,0.317544
089407530787234,0.11781,0.879798,0.008074,0.791559,0.375
089407530808511,0.095262,0.835019,0.006498,0.747022,0.399123
089407530829787,0.080942,0.805713,0.005492,0.703263,0.410088
089407530851064,0.085445,0.789051,0.005793,0.676592,0.444298
08940753087234,0.086226,0.763463,0.005798,0.653547,0.437281
089407530893617,0.077669,0.718685,0.005197,0.616002,0.503509
089407530914894,0.064399,0.658584,0.004304,0.579492,0.517105
08940753093617,0.073976,0.671378,0.004965,0.533143,0.614035
089407530957447,0.057674,0.652782,0.003843,0.500259,0.578509
089407530978723,0.083764,0.638947,0.005631,0.551528,0.572368
0894075310,0.111565,0.627641,0.007513,0.542724,0.633333
089412400,0.176474,0.613657,0.011793,0.520715,0.635526
08941240021277,0.124445,0.593425,0.00828,0.505697,0.650439
08941240042553,0.141798,0.564862,0.009468,0.56551,0.620175
0894124006383,0.099225,0.51205,0.006612,0.554635,0.635526
08941240085106,0.095142,0.457899,0.006284,0.523563,0.67193
08941240106383,0.071905,0.398393,0.004693,0.494045,0.72193
0894124012766,0.063168,0.347962,0.004071,0.46608,0.752632
08941240148936,0.050588,0.314639,0.003247,0.439669,0.771053
08941240170213,0.057163,0.286819,0.003656,0.423874,0.807456
08941240191489,0.0529,0.281018,0.003384,0.41274,0.779825
08941240212766,0.05266,0.306903,0.003392,0.420249,0.754825
08941240234043,0.057944,0.357929,0.003749,0.443811,0.710965
08941240255319,0.054131,0.455668,0.003535,0.513465,0.627632
08941240276596,0.072805,0.547605,0.004844,0.604609,0.446491
08941240297872,0.056683,0.583606,0.003868,0.653806,0.398684
08941240319149,0.076108,0.682237,0.005239,0.744951,0.30307
08941240340426,0.083614,0.725826,0.005762,0.779907,0.292105
08941240361702,0.090819,0.747099,0.006219,0.79855,0.258333
08941240382979,0.103879,0.781166,0.007131,0.806059,0.282456
08941240404255,0.099466,0.777001,0.006824,0.792077,0.291667
08941240425532,0.090159,0.742785,0.006115,0.769291,0.314035
08941240446809,0.083133,0.707676,0.005654,0.746763,0.359649
08941240468085,0.075688,0.679262,0.005133,0.719575,0.37807
08941240489362,0.073076,0.658881,0.004933,0.682548,0.44693
08941240510638,0.073166,0.641922,0.00494,0.684619,0.426754
08941240531915,0.072655,0.616037,0.004931,0.676334,0.364912
08941240553191,0.06575,0.600565,0.004493,0.700155,0.364912
08941240574468,0.061187,0.587325,0.004179,0.694459,0.384211
08941240595745,0.047226,0.574531,0.003214,0.681771,0.419737
08941240617021,0.041462,0.561291,0.002804,0.664164,0.460965
08941240638298,0.03888,0.559952,0.00259,0.654583,0.564912
08941240659574,0.042632,0.569771,0.002813,0.664682,0.514474
08941240680851,0.056863,0.587176,0.003814,0.67478,0.444737
08941240702128,0.070524,0.648319,0.004796,0.710254,0.362719
08941240723404,0.077009,0.74576,0.005299,0.76204,0.368421
08941240744681,0.088357,0.850342,0.006097,0.823666,0.353509
08941240765957,0.090309,0.86269,0.006151,0.809166,0.369298
08941240787234,0.087036,0.849896,0.005881,0.765407,0.428947
08941240808511,0.076498,0.822821,0.005162,0.722424,0.458772
08941240829787,0.075477,0.796043,0.005091,0.693682,0.479386
08941240851064,0.074096,0.777447,0.004994,0.65769,0.510965
0894124087234,0.069653,0.747843,0.004672,0.626618,0.521491
08941240893617,0.064069,0.703362,0.00429,0.595287,0.546053
08941240914894,0.048517,0.645492,0.003236,0.560849,0.54386
0894124093617,0.061667,0.660369,0.003976,0.52175,0.633333
08941240957447,0.047946,0.644154,0.002833,0.491714,0.610965
08941240978723,0.068392,0.629872,0.004373,0.542724,0.625877
089412410,0.072835,0.614252,0.004732,0.534697,0.639912
0894164500,0.075087,0.605326,0.004676,0.518902,0.679825
089416450021277,0.070464,0.590301,0.003521,0.495598,0.697368
089416450042553,0.09157,0.559357,0.006076,0.563956,0.651316
08941645006383,0.070854,0.510562,0.004674,0.545831,0.643421
089416450085106,0.069563,0.45061,0.004589,0.519938,0.619737
089416450106383,0.062748,0.39884,0.004111,0.483169,0.704825
08941645012766,0.05293,0.344094,0.003421,0.455205,0.767982
089416450148936,0.045214,0.312109,0.002894,0.436561,0.795614
089416450170213,0.059715,0.288902,0.00286,0.41999,0.789912
089416450191489,0.059715,0.289348,0.002725,0.409632,0.789912
089416450212766,0.059265,0.314639,0.003508,0.415847,0.787281
089416450234043,0.059986,0.361648,0.002769,0.427499,0.721053
089416450255319,0.051729,0.455668,0.003382,0.486018,0.579386
089416450276596,0.060436,0.552663,0.003978,0.587002,0.535526
089416450297872,0.05272,0.59521,0.003548,0.628172,0.46886
089416450319149,0.073676,0.682386,0.004979,0.716209,0.442544
089416450340426,0.083824,0.728206,0.005667,0.746504,0.44693
089416450361702,0.083463,0.73609,0.005625,0.749353,0.407895
089416450382979,0.089798,0.770158,0.006047,0.7768,0.417544
089416450404255,0.084244,0.764802,0.005665,0.748576,0.446053
089416450425532,0.077699,0.72895,0.005199,0.729933,0.476754
089416450446809,0.074036,0.688188,0.004983,0.71595,0.435088
089416450468085,0.072535,0.658137,0.004902,0.704039,0.434649
089416450489362,0.072355,0.63374,0.004882,0.696271,0.45307
089416450510638,0.067371,0.617376,0.004528,0.669601,0.468421
089416450531915,0.059205,0.593573,0.003984,0.665199,0.440351
089416450553191,0.056263,0.578994,0.003808,0.687468,0.395175
089416450574468,0.060196,0.564267,0.004057,0.681253,0.4
089416450595745,0.059715,0.539423,0.004049,0.66986,0.417982
089416450617021,0.059715,0.537786,0.004044,0.646556,0.442105
089416450638298,0.055993,0.531092,0.003793,0.629726,0.440351
089416450659574,0.05302,0.539125,0.003589,0.620145,0.48114
089416450680851,0.054011,0.570961,0.003668,0.621699,0.497368
089416450702128,0.063198,0.638054,0.004269,0.643449,0.50614
089416450723404,0.066531,0.728206,0.004533,0.700155,0.471053
089416450744681,0.087336,0.831003,0.005953,0.797514,0.337281
089416450765957,0.089798,0.858971,0.006082,0.808389,0.344737
089416450787234,0.086796,0.848855,0.005881,0.775246,0.40307
089416450808511,0.079891,0.81925,0.005405,0.730709,0.429825
089416450829787,0.075958,0.795448,0.005135,0.704557,0.47193
089416450851064,0.075748,0.780422,0.005079,0.675039,0.531579
08941645087234,0.074517,0.756323,0.004958,0.64811,0.599123
089416450893617,0.064249,0.709015,0.004269,0.611341,0.550439
089416450914894,0.043773,0.653526,0.002916,0.571466,0.560088
08941645093617,0.067041,0.67465,0.004346,0.542983,0.655263
089416450957447,0.048157,0.666468,0.003184,0.503884,0.60307
089416450978723,0.073766,0.648319,0.004896,0.572501,0.614474
0894164510,0.064249,0.6385,0.004231,0.546608,0.629825
0894208600,0.060556,0.613805,0.00398,0.534956,0.631579
089420860021277,0.054521,0.59402,0.00356,0.502848,0.635526
089420860042553,0.066621,0.557572,0.00426,0.576126,0.54693
08942086006383,0.050438,0.509075,0.003319,0.556706,0.551754
089420860085106,0.048937,0.451949,0.003197,0.522268,0.604386
089420860106383,0.048247,0.400476,0.003124,0.489125,0.645614
08942086012766,0.03921,0.341863,0.002522,0.452874,0.662281
089420860148936,0.034076,0.309878,0.002192,0.427758,0.616667
089420860170213,0.046325,0.294258,0.002964,0.411445,0.775439
089420860191489,0.051099,0.293068,0.00327,0.406784,0.765789
089420860212766,0.047586,0.32163,0.003056,0.409891,0.733772
089420860234043,0.05314,0.37474,0.003436,0.437597,0.704386
089420860255319,0.058845,0.470693,0.00387,0.503366,0.611404
089420860276596,0.069052,0.569325,0.004603,0.591144,0.538596
089420860297872,0.058094,0.605921,0.003895,0.644485,0.478509
089420860319149,0.076348,0.69875,0.005147,0.730709,0.419298
089420860340426,0.079621,0.748289,0.005384,0.772398,0.418421
089420860361702,0.084094,0.764058,0.005688,0.7913,0.430263
089420860382979,0.100306,0.803927,0.006807,0.799845,0.414474
089420860404255,0.100877,0.795894,0.006849,0.786639,0.398246
089420860425532,0.079681,0.761678,0.005378,0.781978,0.422368
089420860446809,0.07887,0.720768,0.005341,0.76696,0.411404
089420860468085,0.075177,0.681791,0.005102,0.755308,0.439912
089420860489362,0.073706,0.658881,0.005021,0.745987,0.445175
089420860510638,0.071965,0.626153,0.004879,0.722683,0.366228
089420860531915,0.072025,0.609938,0.004909,0.694718,0.347368
089420860553191,0.072475,0.592681,0.004977,0.723718,0.308333
089420860574468,0.064159,0.575126,0.004414,0.709995,0.301754
089420860595745,0.054221,0.557126,0.003579,0.698602,0.304386
089420860617021,0.043503,0.549093,0.002985,0.678405,0.357895
089420860638298,0.059715,0.548497,0.004073,0.661315,0.379825
089420860659574,0.059715,0.560994,0.004071,0.642413,0.406579
089420860680851,0.060196,0.593127,0.004086,0.631538,0.432018
089420860702128,0.071274,0.665427,0.004767,0.661056,0.432456
089420860723404,0.074036,0.746206,0.00505,0.704039,0.376316
089420860744681,0.083403,0.817168,0.00571,0.770585,0.355702
089420860765957,0.089738,0.819697,0.006165,0.768514,0.319737
089420860787234,0.078209,0.790687,0.005368,0.729415,0.386842
089420860808511,0.072985,0.755727,0.004998,0.685655,0.415789
089420860829787,0.060406,0.717644,0.004119,0.644744,0.380702
089420860851064,0.060226,0.689229,0.004092,0.61652,0.443421
08942086087234,0.061277,0.674502,0.004146,0.590368,0.466667
089420860893617,0.058274,0.63136,0.003941,0.559555,0.435088
089420860914894,0.049808,0.585838,0.003396,0.526152,0.470614
08942086093617,0.057284,0.624814,0.003887,0.507509,0.559649
089420860957447,0.058124,0.623326,0.003899,0.483687,0.524123
089420860978723,0.062778,0.614698,0.004236,0.55826,0.511404
0894208610,0.061757,0.594466,0.004167,0.550233,0.532895
0894252700,0.072055,0.56992,0.004238,0.516313,0.592105
089425270021277,0.075958,0.557423,0.004144,0.489384,0.614035
089425270042553,0.07923,0.520976,0.004778,0.544019,0.564474
08942527006383,0.06596,0.463404,0.004319,0.516572,0.632456
089425270085106,0.058484,0.4036,0.003812,0.483687,0.627193
089425270106383,0.055452,0.345135,0.003581,0.444588,0.67807
08942527012766,0.050679,0.291431,0.003245,0.416106,0.712281
089425270148936,0.034947,0.247992,0.002243,0.372605,0.683333
089425270170213,0.031404,0.223297,0.002034,0.354997,0.746053
089425270191489,0.0257,0.208569,0.001658,0.327033,0.728947
089425270212766,0.022847,0.206635,0.001483,0.311497,0.680702
089425270234043,0.024679,0.222404,0.001606,0.308389,0.728947
089425270255319,0.033776,0.247397,0.002183,0.32755,0.758333
089425270276596,0.03903,0.281613,0.002518,0.343604,0.753947
089425270297872,0.029933,0.334871,0.00193,0.328327,0.76886
089425270319149,0.043173,0.424576,0.002777,0.368721,0.716228
089425270340426,0.069293,0.511752,0.003018,0.42232,0.675439
089425270361702,0.070133,0.572151,0.004562,0.467115,0.719737
089425270382979,0.086165,0.637757,0.005162,0.495598,0.72193
089425270404255,0.087066,0.656055,0.004931,0.493527,0.737281
089425270425532,0.087066,0.650104,0.005002,0.477214,0.72193
089425270446809,0.088567,0.638352,0.004225,0.45391,0.649561
089425270468085,0.088567,0.627641,0.003837,0.441222,0.633333
089425270489362,0.087817,0.618715,0.003029,0.425168,0.633333
089425270510638,0.087066,0.604731,0.002125,0.403159,0.633333
089425270531915,0.088087,0.601012,0.002798,0.379337,0.633333
089425270553191,0.087817,0.588962,0.002239,0.371569,0.632895
089425270574468,0.087066,0.582416,0.002356,0.35914,0.648246
089425270595745,0.087066,0.564713,0.002316,0.348783,0.647807
089425270617021,0.087066,0.557275,0.002316,0.346194,0.647368
089425270638298,0.087066,0.557572,0.002015,0.33247,0.632018
089425270659574,0.088087,0.564415,0.002682,0.329622,0.633772
089425270680851,0.090639,0.591044,0.003407,0.328068,0.67193
089425270702128,0.092771,0.644451,0.005978,0.367426,0.758333
089425270723404,0.090939,0.686552,0.005083,0.450544,0.715789
089425270744681,0.102858,0.757215,0.006718,0.561626,0.614474
089425270765957,0.10499,0.754537,0.00688,0.594252,0.562719
089425270787234,0.09253,0.722999,0.006036,0.574573,0.565351
089425270808511,0.086466,0.679113,0.005634,0.54376,0.637719
089425270829787,0.083884,0.639839,0.00549,0.507509,0.65307
089425270851064,0.081092,0.608896,0.00532,0.493009,0.664474
08942527087234,0.076648,0.584945,0.00478,0.470741,0.695175
089425270893617,0.059355,0.559357,0.003199,0.451838,0.688158
089425270914894,0.037829,0.520232,0.002235,0.422579,0.632018
08942527093617,0.049358,0.529753,0.002659,0.410668,0.661842
089425270957447,0.049478,0.514728,0.002534,0.405748,0.666667
089425270978723,0.056503,0.497917,0.0037,0.477991,0.578947
0894252710,0.047226,0.470842,0.003101,0.47566,0.605702
0894297100,0.059325,0.433056,0.003889,0.457276,0.620175
089429710021277,0.045725,0.383219,0.002748,0.442517,0.601316
089429710042553,0.049177,0.347664,0.003203,0.494303,0.53114
08942971006383,0.049418,0.30363,0.002781,0.476437,0.509211
089429710085106,0.049838,0.267926,0.003157,0.425945,0.514474
089429710106383,0.044764,0.223445,0.002777,0.401864,0.627632
08942971012766,0.036568,0.192205,0.002393,0.38348,0.615789
089429710148936,0.030083,0.175097,0.001982,0.353703,0.57807
089429710170213,0.022727,0.157394,0.001521,0.327809,0.654386
089429710191489,0.021706,0.151443,0.001417,0.304764,0.664474
089429710212766,0.022367,0.159476,0.001454,0.287416,0.698246
089429710234043,0.022427,0.170634,0.001454,0.269032,0.728947
089429710255319,0.022487,0.19637,0.001454,0.261781,0.765789
089429710276596,0.02648,0.214817,0.001699,0.278353,0.79693
089429710297872,0.02624,0.246355,0.001531,0.226567,0.833772
089429710319149,0.030443,0.319548,0.001859,0.242103,0.88114
089429710340426,0.040351,0.394525,0.002547,0.286898,0.764474
089429710361702,0.067371,0.461619,0.002256,0.323408,0.719737
089429710382979,0.073256,0.530348,0.002009,0.344381,0.634211
089429710404255,0.075507,0.56025,0.002009,0.352926,0.634211
089429710425532,0.075297,0.564862,0.002619,0.356033,0.67807
089429710446809,0.071574,0.54582,0.002175,0.348006,0.67807
089429710468085,0.065029,0.530348,0.004059,0.334542,0.674123
089429710489362,0.063618,0.512794,0.003934,0.324443,0.739474
089429710510638,0.064729,0.484826,0.003891,0.32289,0.673246
089429710531915,0.060406,0.453734,0.00372,0.309684,0.673684
089429710553191,0.057133,0.42532,0.003635,0.318488,0.647368
089429710574468,0.05296,0.397798,0.002281,0.302952,0.684649
089429710595745,0.047376,0.383666,0.002027,0.296479,0.684649
089429710617021,0.048457,0.373698,0.001951,0.288193,0.684649
089429710638298,0.047136,0.376227,0.002015,0.295184,0.684649
089429710659574,0.046866,0.384707,0.002015,0.294666,0.684649
089429710680851,0.05281,0.408956,0.001516,0.288969,0.609649
089429710702128,0.056353,0.458346,0.003405,0.318229,0.602193
089429710723404,0.063438,0.54091,0.004165,0.395391,0.615351
089429710744681,0.0792,0.642071,0.005181,0.516572,0.594298
089429710765957,0.080401,0.678667,0.005363,0.563439,0.607018
089429710787234,0.07911,0.674353,0.005131,0.555412,0.632456
089429710808511,0.072415,0.654865,0.004784,0.541429,0.642105
089429710829787,0.068452,0.627194,0.004516,0.529001,0.606579
089429710851064,0.061457,0.606813,0.003847,0.502071,0.628509
08942971087234,0.060886,0.584945,0.003779,0.489125,0.650439
089429710893617,0.06581,0.552217,0.003932,0.457794,0.672368
089429710914894,0.057374,0.506843,0.003376,0.424909,0.640789
08942971093617,0.06557,0.517108,0.003974,0.387882,0.685526
089429710957447,0.059265,0.497025,0.003639,0.385293,0.662719
089429710978723,0.057284,0.470842,0.003639,0.435008,0.636404
0894297110,0.049448,0.440345,0.00323,0.428793,0.638158
0894341200,0.043023,0.411187,0.002827,0.405489,0.632456
089434120021277,0.042002,0.378012,0.002748,0.398757,0.642982
089434120042553,0.05206,0.355995,0.003292,0.460383,0.573684
08943412006383,0.054371,0.317168,0.003411,0.449767,0.603947
089434120085106,0.048817,0.28072,0.003143,0.437338,0.635088
089434120106383,0.043773,0.255727,0.002842,0.402382,0.652193
08943412012766,0.038069,0.227313,0.002489,0.37623,0.655702
089434120148936,0.031974,0.210652,0.002077,0.34956,0.732895
089434120170213,0.031794,0.19994,0.002007,0.332988,0.723246
089434120191489,0.04002,0.20604,0.00243,0.333765,0.772368
089434120212766,0.041101,0.244421,0.002356,0.335836,0.733772
089434120234043,0.035727,0.29039,0.002318,0.360694,0.723246
089434120255319,0.05308,0.396757,0.003494,0.43216,0.572807
089434120276596,0.061487,0.501636,0.004163,0.520197,0.495614
089434120297872,0.046145,0.543886,0.003415,0.590627,0.432018
089434120319149,0.071274,0.633294,0.004931,0.674521,0.377193
089434120340426,0.075597,0.683874,0.00516,0.729156,0.372368
089434120361702,0.077849,0.701726,0.005318,0.743656,0.340351
089434120382979,0.093521,0.755727,0.006219,0.751683,0.390789
089434120404255,0.098835,0.768075,0.006776,0.746504,0.370175
089434120425532,0.096313,0.759,0.006452,0.74521,0.391667
089434120446809,0.086376,0.74219,0.005839,0.740808,0.409211
089434120468085,0.095623,0.742339,0.006448,0.734335,0.430702
089434120489362,0.119281,0.743231,0.007941,0.730451,0.436842
089434120510638,0.089978,0.731925,0.006462,0.721388,0.451316
089434120531915,0.101027,0.727611,0.007227,0.729674,0.435088
089434120553191,0.111295,0.721809,0.008097,0.756344,0.395614
089434120574468,0.117269,0.721809,0.0085,0.749871,0.415789
089434120595745,0.101807,0.716156,0.006882,0.72812,0.440351
089434120617021,0.086676,0.704255,0.006078,0.718022,0.478509
089434120638298,0.093431,0.702172,0.006009,0.694459,0.504386
089434120659574,0.080761,0.715412,0.005376,0.689798,0.522807
089434120680851,0.09163,0.734305,0.006115,0.690575,0.527632
089434120702128,0.115738,0.785927,0.007736,0.705593,0.538596
089434120723404,0.10505,0.845879,0.007092,0.758156,0.472807
089434120744681,0.127357,0.897798,0.008646,0.813568,0.420175
089434120765957,0.111084,0.894228,0.007563,0.811497,0.386842
089434120787234,0.095683,0.86388,0.006483,0.760487,0.484649
089434120808511,0.078209,0.818506,0.00526,0.721129,0.42807
089434120829787,0.069083,0.769414,0.004695,0.676334,0.441667
089434120851064,0.067041,0.739512,0.004566,0.645262,0.482456
08943412087234,0.068662,0.709759,0.004622,0.619627,0.471053
089434120893617,0.059896,0.658881,0.004005,0.583894,0.517105
089434120914894,0.051639,0.59997,0.0035,0.549456,0.471053
08943412093617,0.055392,0.602053,0.003762,0.510875,0.548684
089434120957447,0.054762,0.606367,0.003685,0.483169,0.51886
089434120978723,0.0783,0.592681,0.005309,0.535733,0.541228
0894341210,0.070794,0.575424,0.004771,0.513465,0.583333
0894385300,0.073286,0.562333,0.00494,0.498705,0.610965
089438530021277,0.068242,0.54582,0.004572,0.476955,0.627632
089438530042553,0.077189,0.511455,0.005212,0.545572,0.510088
08943853006383,0.064879,0.455222,0.00436,0.523304,0.525877
089438530085106,0.063919,0.399286,0.004279,0.491714,0.575877
089438530106383,0.058424,0.343945,0.003874,0.461678,0.620614
08943853012766,0.056143,0.301101,0.003355,0.418954,0.61886
089438530148936,0.049928,0.266141,0.00328,0.398498,0.698246
089438530170213,0.058514,0.245909,0.003234,0.380114,0.750439
089438530191489,0.060136,0.242041,0.003174,0.371569,0.750439
089438530212766,0.058124,0.271199,0.003592,0.366132,0.725439
089438530234043,0.060136,0.311068,0.003916,0.387882,0.669298
089438530255319,0.05287,0.408361,0.003488,0.472294,0.522368
089438530276596,0.06527,0.517852,0.00392,0.551528,0.429386
089438530297872,0.055963,0.569473,0.003808,0.609011,0.378509
089438530319149,0.074186,0.65665,0.005071,0.690057,0.372368
089438530340426,0.07902,0.682089,0.005393,0.74029,0.341228
089438530361702,0.0783,0.679113,0.005355,0.741326,0.341228
089438530382979,0.082833,0.719578,0.005646,0.768255,0.323246
089438530404255,0.082142,0.725528,0.005607,0.757897,0.354386
089438530425532,0.080281,0.708866,0.00549,0.758415,0.307018
089438530446809,0.076588,0.678965,0.005245,0.744692,0.325
089438530468085,0.075237,0.659774,0.005135,0.737442,0.360965
089438530489362,0.075597,0.646683,0.005152,0.730709,0.363158
089438530510638,0.075507,0.633889,0.005133,0.71595,0.347807
089438530531915,0.074667,0.61931,0.005079,0.702745,0.361404
089438530553191,0.074367,0.612913,0.005062,0.726308,0.371491
089438530574468,0.072715,0.606665,0.004952,0.707664,0.409211
089438530595745,0.072565,0.59402,0.004952,0.692128,0.391667
089438530617021,0.071875,0.580928,0.004892,0.674003,0.398684
089438530638298,0.071424,0.569176,0.004865,0.653806,0.38114
089438530659574,0.0662,0.582416,0.004491,0.644485,0.441667
089438530680851,0.073256,0.610384,0.004996,0.640083,0.484649
089438530702128,0.074667,0.657989,0.005102,0.66028,0.466228
089438530723404,0.073166,0.746058,0.004994,0.709218,0.420175
089438530744681,0.100997,0.847367,0.006934,0.792595,0.337281
089438530765957,0.09253,0.862987,0.006336,0.78405,0.379825
089438530787234,0.085925,0.844689,0.005843,0.755049,0.415351
089438530808511,0.075657,0.803481,0.005131,0.71362,0.45307
089438530829787,0.073526,0.774621,0.004985,0.671673,0.491228
089438530851064,0.073706,0.751711,0.004981,0.651735,0.500439
08943853087234,0.071755,0.721958,0.004805,0.615484,0.539474
089438530893617,0.06605,0.67346,0.004416,0.587519,0.453509
089438530914894,0.060136,0.6205,0.004049,0.542724,0.476754
08943853093617,0.060916,0.635971,0.004115,0.510875,0.525
089438530957447,0.057103,0.622285,0.003816,0.470482,0.567105
089438530978723,0.064759,0.60726,0.004358,0.533402,0.529386
0894385310,0.063258,0.588515,0.00419,0.506991,0.571491
0894429400,0.063528,0.577804,0.004173,0.488089,0.609211
089442940021277,0.061096,0.558167,0.003978,0.464008,0.611842
089442940042553,0.066471,0.530497,0.004373,0.519938,0.510526
08944294006383,0.063108,0.477239,0.004144,0.508545,0.548246
089442940085106,0.062267,0.420262,0.004051,0.468669,0.595175
089442940106383,0.058184,0.366558,0.003783,0.433713,0.693421
08944294012766,0.059145,0.318209,0.003828,0.401864,0.668421
089442940148936,0.038069,0.27834,0.002468,0.37856,0.652193
089442940170213,0.037829,0.259595,0.002449,0.35681,0.704825
089442940191489,0.03954,0.257661,0.002366,0.350596,0.728509
089442940212766,0.060736,0.287861,0.002208,0.343863,0.640789
089442940234043,0.060736,0.341565,0.002293,0.368721,0.567105
089442940255319,0.060406,0.447932,0.003388,0.441999,0.561404
089442940276596,0.071424,0.567539,0.004439,0.534956,0.509211
089442940297872,0.054912,0.619905,0.003718,0.589073,0.457456
089442940319149,0.074066,0.693246,0.005031,0.67478,0.433772
089442940340426,0.074817,0.702172,0.005089,0.709477,0.402193
089442940361702,0.073886,0.688039,0.005044,0.709218,0.372807
089442940382979,0.072835,0.676882,0.005004,0.719057,0.369737
089442940404255,0.064549,0.676287,0.004427,0.709477,0.382456
089442940425532,0.070343,0.671526,0.004807,0.697825,0.402632
089442940446809,0.06602,0.640583,0.004501,0.684878,0.397807
089442940468085,0.064549,0.616483,0.004391,0.673226,0.382018
089442940489362,0.061577,0.597441,0.004173,0.657172,0.368421
089442940510638,0.061337,0.583904,0.004152,0.639306,0.354386
089442940531915,0.060136,0.566349,0.004067,0.637235,0.385088
089442940553191,0.060916,0.564267,0.004123,0.66261,0.337281
089442940574468,0.060136,0.551175,0.004073,0.648887,0.360965
089442940595745,0.060136,0.540315,0.004092,0.630761,0.388596
089442940617021,0.060136,0.532282,0.004113,0.633868,0.404386
089442940638298,0.060136,0.527968,0.004117,0.624806,0.432018
089442940659574,0.060136,0.540315,0.004128,0.626618,0.401754
089442940680851,0.060136,0.565903,0.004123,0.622734,0.381579
089442940702128,0.064129,0.611425,0.004391,0.653806,0.394737
089442940723404,0.073226,0.695031,0.005044,0.711031,0.367105
089442940744681,0.087877,0.805118,0.006032,0.777835,0.354386
089442940765957,0.088087,0.832639,0.006009,0.784309,0.383772
089442940787234,0.087607,0.819548,0.005966,0.743915,0.417544
089442940808511,0.077459,0.787414,0.00528,0.69653,0.472368
089442940829787,0.074817,0.763314,0.00511,0.671932,0.466667
089442940851064,0.070343,0.735942,0.004769,0.634127,0.517544
08944294087234,0.06575,0.707825,0.004408,0.601243,0.506579
089442940893617,0.061307,0.663642,0.004098,0.573537,0.454825
089442940914894,0.054581,0.606813,0.003673,0.539358,0.509211
08944294093617,0.060136,0.620202,0.004026,0.506214,0.564474
089442940957447,0.056083,0.616186,0.003729,0.473589,0.567544
089442940978723,0.068692,0.606218,0.004599,0.545831,0.54693
0894429410,0.064549,0.591639,0.004283,0.526929,0.575
0894474500,0.062928,0.579887,0.004136,0.505955,0.567982
089447450021277,0.060196,0.56501,0.003943,0.490419,0.542544
089447450042553,0.067431,0.537191,0.00447,0.552046,0.52193
08944745006383,0.062838,0.488843,0.004148,0.537027,0.502632
089447450085106,0.064609,0.427998,0.004244,0.49275,0.545175
089447450106383,0.064579,0.375335,0.003995,0.459606,0.575
08944745012766,0.062928,0.322226,0.003606,0.423097,0.62193
089447450148936,0.060826,0.291729,0.002811,0.400311,0.59693
089447450170213,0.060766,0.26391,0.002532,0.377007,0.59693
089447450191489,0.060136,0.261678,0.002027,0.368721,0.61886
089447450212766,0.060136,0.294258,0.002376,0.382444,0.61886
089447450234043,0.059115,0.339631,0.002794,0.397204,0.61886
089447450255319,0.062357,0.448825,0.004119,0.48291,0.49693
089447450276596,0.085895,0.5723,0.005818,0.565769,0.388596
089447450297872,0.068152,0.622731,0.004678,0.622475,0.410526
089447450319149,0.081932,0.709908,0.005609,0.700932,0.423684
089447450340426,0.087066,0.719429,0.005958,0.741067,0.392105
089447450361702,0.083854,0.702172,0.005758,0.739254,0.403509
089447450382979,0.077999,0.701428,0.005336,0.743397,0.457018
089447450404255,0.07878,0.717197,0.005363,0.73304,0.465351
089447450425532,0.068062,0.67956,0.004628,0.716986,0.407456
089447450446809,0.06602,0.644154,0.004487,0.693682,0.408772
089447450468085,0.06626,0.620649,0.004487,0.685655,0.413158
089447450489362,0.057073,0.602946,0.003864,0.674003,0.422807
089447450510638,0.058454,0.594912,0.003951,0.659503,0.410088
089447450531915,0.044043,0.58435,0.002983,0.660021,0.402193
089447450553191,0.067101,0.578846,0.00456,0.680476,0.385965
089447450574468,0.061367,0.570217,0.004159,0.668824,0.330702
089447450595745,0.060136,0.555787,0.004061,0.658726,0.366228
089447450617021,0.061307,0.557423,0.00414,0.64319,0.397807
089447450638298,0.060136,0.555936,0.004059,0.625842,0.449561
089447450659574,0.060136,0.574531,0.004057,0.611341,0.45307
089447450680851,0.061187,0.599078,0.004111,0.607198,0.492982
089447450702128,0.067491,0.64817,0.004555,0.619109,0.472807
089447450723404,0.072655,0.726718,0.004923,0.665976,0.450439
089447450744681,0.087006,0.834276,0.005897,0.75246,0.475
089447450765957,0.095352,0.856144,0.006537,0.785603,0.385088
089447450787234,0.088087,0.840672,0.006012,0.752978,0.455702
089447450808511,0.086135,0.80839,0.005816,0.719057,0.481579
089447450829787,0.076918,0.775513,0.005191,0.686691,0.530702
089447450851064,0.077249,0.761976,0.005172,0.663387,0.542544
08944745087234,0.070974,0.735495,0.004707,0.627136,0.567982
089447450893617,0.061126,0.681345,0.004061,0.593993,0.538596
089447450914894,0.056683,0.626748,0.00383,0.566805,0.466667
08944745093617,0.058695,0.642666,0.003826,0.52667,0.543421
089447450957447,0.056503,0.638947,0.003594,0.495339,0.55307
089447450978723,0.064549,0.627194,0.004325,0.576903,0.551316
0894474510,0.064819,0.605921,0.004285,0.55593,0.557456
0894518600,0.064189,0.587325,0.004225,0.534697,0.598246
089451860021277,0.06611,0.56992,0.004188,0.511134,0.602632
089451860042553,0.068242,0.540613,0.004493,0.568876,0.555702
08945186006383,0.070343,0.491967,0.004653,0.553081,0.493421
089451860085106,0.06539,0.42889,0.004302,0.504661,0.592105
089451860106383,0.061457,0.376376,0.004005,0.477732,0.620614
08945186012766,0.063558,0.327284,0.004094,0.443553,0.665789
089451860148936,0.054371,0.291431,0.003336,0.423615,0.662719
089451860170213,0.049598,0.26986,0.002991,0.398757,0.722807
089451860191489,0.050588,0.266439,0.002792,0.394355,0.728509
089451860212766,0.05311,0.290985,0.002665,0.39332,0.713596
089451860234043,0.040561,0.331747,0.002644,0.420766,0.661404
089451860255319,0.057554,0.440196,0.003833,0.496116,0.558333
089451860276596,0.072745,0.560101,0.004877,0.583894,0.492982
089451860297872,0.068002,0.611574,0.004607,0.638011,0.410965
089451860319149,0.083043,0.698007,0.005631,0.702227,0.439912
089451860340426,0.086105,0.725974,0.00585,0.766183,0.374561
089451860361702,0.086075,0.717048,0.005866,0.773175,0.374561
089451860382979,0.087216,0.735198,0.005941,0.78638,0.364035
089451860404255,0.087456,0.746653,0.005916,0.775505,0.392544
089451860425532,0.084424,0.728652,0.005717,0.759969,0.415789
089451860446809,0.083734,0.700684,0.005661,0.741326,0.412719
089451860468085,0.082443,0.675394,0.005519,0.726567,0.470614
089451860489362,0.080791,0.663939,0.005372,0.705593,0.49386
089451860510638,0.073346,0.647575,0.004884,0.6797,0.538158
089451860531915,0.071574,0.644749,0.004761,0.644744,0.520614
089451860553191,0.074457,0.63612,0.004987,0.668824,0.500439
089451860574468,0.071274,0.621392,0.004788,0.652253,0.499123
089451860595745,0.068242,0.607111,0.004568,0.634645,0.479386
089451860617021,0.066891,0.588664,0.004497,0.608493,0.446491
089451860638298,0.061847,0.582565,0.004119,0.59477,0.465351
089451860659574,0.062748,0.597888,0.004173,0.578975,0.513158
089451860680851,0.068782,0.624517,0.004566,0.581564,0.55
089451860702128,0.074667,0.671526,0.004954,0.592439,0.640789
089451860723404,0.076708,0.738322,0.005093,0.644744,0.590789
089451860744681,0.086886,0.811068,0.005775,0.718281,0.510526
089451860765957,0.087036,0.814043,0.005796,0.738736,0.497807
089451860787234,0.084935,0.789646,0.005673,0.719834,0.504825
089451860808511,0.07938,0.754537,0.005301,0.677628,0.484211
089451860829787,0.066591,0.721363,0.004445,0.642931,0.509211
089451860851064,0.063738,0.694882,0.004258,0.613154,0.535088
08945186087234,0.062898,0.67837,0.004186,0.588555,0.488596
089451860893617,0.060586,0.637905,0.004032,0.547903,0.548246
089451860914894,0.055272,0.600565,0.003247,0.515536,0.544298
08945186093617,0.058845,0.628384,0.003747,0.496893,0.622368
089451860957447,0.061187,0.63136,0.00398,0.486535,0.607018
089451860978723,0.068872,0.619458,0.004576,0.576903,0.524561
0894518610,0.067311,0.604433,0.00446,0.559814,0.58114
0894562700,0.080371,0.577507,0.005278,0.534438,0.621053
089456270021277,0.074216,0.560845,0.004317,0.498705,0.623684
089456270042553,0.069833,0.513686,0.004595,0.545831,0.554825
08945627006383,0.060556,0.457453,0.003965,0.521233,0.609211
089456270085106,0.056023,0.39765,0.003571,0.488348,0.61886
089456270106383,0.050168,0.342011,0.003257,0.451321,0.689035
08945627012766,0.045154,0.287414,0.002904,0.410668,0.752193
089456270148936,0.042873,0.246058,0.002734,0.387882,0.744737
089456270170213,0.02579,0.220173,0.001647,0.357069,0.791228
089456270191489,0.025459,0.212883,0.001631,0.336354,0.770614
089456270212766,0.024829,0.214371,0.001593,0.315122,0.796491
089456270234043,0.029122,0.227313,0.001608,0.315381,0.80307
089456270255319,0.038129,0.261976,0.002202,0.33972,0.794737
089456270276596,0.049538,0.297977,0.002678,0.35914,0.816228
089456270297872,0.053771,0.356293,0.002073,0.347488,0.80307
089456270319149,0.061727,0.445552,0.003224,0.394614,0.814035
089456270340426,0.068212,0.527819,0.004323,0.435785,0.795175
089456270361702,0.079771,0.589705,0.005089,0.475401,0.797807
089456270382979,0.087216,0.645641,0.005573,0.515018,0.72807
089456270404255,0.087577,0.657394,0.005548,0.522009,0.774123
089456270425532,0.086496,0.631955,0.005492,0.53392,0.800439
089456270446809,0.07896,0.604433,0.005008,0.518384,0.828509
089456270468085,0.07836,0.57468,0.004958,0.509581,0.822368
089456270489362,0.07866,0.554894,0.004954,0.491973,0.823246
089456270510638,0.074246,0.531389,0.004672,0.481616,0.862281
089456270531915,0.076678,0.511157,0.004803,0.468928,0.876754
089456270553191,0.076918,0.494347,0.00483,0.485241,0.82193
089456270574468,0.074246,0.488099,0.004672,0.469446,0.840351
089456270595745,0.06524,0.471883,0.00408,0.458312,0.821053
089456270617021,0.066471,0.475305,0.004167,0.440445,0.820175
089456270638298,0.066561,0.474412,0.004173,0.451062,0.825
089456270659574,0.066471,0.481999,0.004182,0.46349,0.824561
089456270680851,0.06581,0.505356,0.00413,0.429052,0.824123
089456270702128,0.070313,0.563374,0.004429,0.453651,0.830702
089456270723404,0.074727,0.621541,0.00478,0.497929,0.789474
089456270744681,0.093401,0.707676,0.006022,0.582082,0.707018
089456270765957,0.096493,0.718982,0.006248,0.607457,0.646491
089456270787234,0.09193,0.695478,0.005943,0.586743,0.676316
089456270808511,0.0789,0.646831,0.00511,0.549715,0.672807
089456270829787,0.069203,0.605623,0.004483,0.508545,0.699561
089456270851064,0.071875,0.584052,0.004618,0.494045,0.760088
08945627087234,0.071424,0.56382,0.004557,0.4855,0.764912
089456270893617,0.069173,0.537935,0.004341,0.465821,0.746053
089456270914894,0.068812,0.501488,0.004159,0.425168,0.675877
08945627093617,0.081602,0.515769,0.004173,0.404972,0.657456
089456270957447,0.062958,0.511604,0.003469,0.394614,0.605702
089456270978723,0.083373,0.504612,0.004979,0.464785,0.629386
0894562710,0.06566,0.466974,0.00388,0.45624,0.61886
0894606100,0.060136,0.431419,0.002925,0.429311,0.640789
089460610021277,0.059986,0.385451,0.002852,0.414034,0.640789
089460610042553,0.059835,0.346325,0.003247,0.455463,0.59693
08946061006383,0.059805,0.30601,0.00274,0.431383,0.59693
089460610085106,0.055752,0.260042,0.002009,0.396168,0.59693
089460610106383,0.041431,0.221958,0.002451,0.358881,0.662719
08946061012766,0.027771,0.191312,0.001799,0.325738,0.67807
089460610148936,0.032455,0.171378,0.002092,0.295702,0.75614
089460610170213,0.024409,0.160369,0.001577,0.268255,0.733772
089460610191489,0.024198,0.145641,0.001577,0.232004,0.707895
089460610212766,0.024499,0.152336,0.001602,0.229156,0.748246
089460610234043,0.02621,0.159774,0.001701,0.230709,0.782018
089460610255319,0.02633,0.177031,0.001689,0.236147,0.789035
089460610276596,0.031284,0.201428,0.002019,0.253237,0.828509
089460610297872,0.029693,0.233561,0.001884,0.246504,0.854386
089460610319149,0.032545,0.299911,0.002056,0.211548,0.859649
089460610340426,0.044013,0.385153,0.002881,0.262299,0.866228
089460610361702,0.056023,0.461916,0.002661,0.324702,0.861404
089460610382979,0.064849,0.541059,0.00366,0.362765,0.873246
089460610404255,0.087066,0.590449,0.002717,0.376489,0.789474
089460610425532,0.097694,0.611871,0.006043,0.374676,0.701754
089460610446809,0.110544,0.61202,0.006697,0.370016,0.67807
089460610468085,0.101327,0.615739,0.00619,0.386587,0.826754
089460610489362,0.096493,0.612318,0.003903,0.396168,0.845175
089460610510638,0.097154,0.603243,0.004196,0.390989,0.867105
089460610531915,0.096673,0.585986,0.004179,0.382185,0.847807
089460610553191,0.093341,0.556233,0.004948,0.400311,0.854386
089460610574468,0.090219,0.536299,0.004568,0.388659,0.847368
089460610595745,0.089138,0.515025,0.004387,0.378301,0.847807
089460610617021,0.087216,0.498512,0.004408,0.378301,0.869737
089460610638298,0.086316,0.490181,0.003828,0.405748,0.863596
089460610659574,0.085625,0.499851,0.004258,0.399793,0.863596
089460610680851,0.087577,0.52172,0.002962,0.425945,0.775877
089460610702128,0.087186,0.565605,0.005411,0.443035,0.778947
089460610723404,0.079891,0.62645,0.005104,0.469964,0.839474
089460610744681,0.090729,0.702618,0.005864,0.557742,0.825
089460610765957,0.091029,0.728801,0.005935,0.576385,0.764474
089460610787234,0.086706,0.710205,0.005436,0.566546,0.791228
089460610808511,0.088297,0.685213,0.005486,0.539358,0.777632
089460610829787,0.089378,0.663642,0.004898,0.511134,0.770175
089460610851064,0.084604,0.629426,0.005139,0.493527,0.789035
08946061087234,0.072655,0.612467,0.004647,0.488089,0.766228
089460610893617,0.07869,0.565457,0.00494,0.477991,0.773684
089460610914894,0.084844,0.520827,0.002096,0.441481,0.688158
08946061093617,0.088657,0.522464,0.002032,0.385293,0.650439
089460610957447,0.070554,0.491669,0.00205,0.367167,0.650439
089460610978723,0.069803,0.468908,0.003479,0.408079,0.635088
0894606110,0.059926,0.434692,0.003103,0.418695,0.678947
0894651200,0.048787,0.405088,0.002594,0.414034,0.672368
089465120021277,0.046295,0.366706,0.002781,0.403159,0.694298
089465120042553,0.051159,0.33368,0.003189,0.450803,0.639035
08946512006383,0.053771,0.299911,0.002119,0.407561,0.650439
089465120085106,0.050198,0.268968,0.002748,0.39798,0.666228
089465120106383,0.0399,0.235049,0.002603,0.363542,0.671053
08946512012766,0.028191,0.212139,0.00183,0.315381,0.646491
089465120148936,0.025129,0.196073,0.001641,0.293112,0.632895
089465120170213,0.024168,0.183428,0.001585,0.286898,0.611404
089465120191489,0.025009,0.193395,0.001639,0.273692,0.644737
089465120212766,0.029693,0.227908,0.00193,0.284309,0.734211
089465120234043,0.030323,0.282803,0.001973,0.310202,0.72807
089465120255319,0.05245,0.397947,0.002881,0.390471,0.688158
089465120276596,0.057554,0.518001,0.003257,0.472812,0.613596
089465120297872,0.060136,0.563225,0.003833,0.551528,0.468421
089465120319149,0.072835,0.647575,0.004913,0.625842,0.435088
089465120340426,0.081332,0.668402,0.005461,0.666753,0.482895
089465120361702,0.082413,0.673312,0.005532,0.679959,0.463158
089465120382979,0.084754,0.717644,0.00569,0.696271,0.450439
089465120404255,0.087547,0.72895,0.005829,0.692905,0.453509
089465120425532,0.084905,0.710949,0.005661,0.684619,0.508333
089465120446809,0.082593,0.694585,0.005486,0.681771,0.496053
089465120468085,0.084364,0.681642,0.005573,0.676075,0.47807
089465120489362,0.084064,0.680006,0.005507,0.665458,0.494737
089465120510638,0.083193,0.672716,0.005442,0.651994,0.591228
089465120531915,0.082743,0.668997,0.005386,0.642672,0.629386
089465120553191,0.083614,0.678518,0.00538,0.666753,0.600877
089465120574468,0.084814,0.681047,0.005501,0.681771,0.588596
089465120595745,0.087216,0.685808,0.005573,0.688244,0.602632
089465120617021,0.087066,0.682237,0.005548,0.680994,0.596491
089465120638298,0.087697,0.68075,0.00558,0.669601,0.614035
089465120659574,0.119611,0.70961,0.007432,0.661574,0.653509
089465120680851,0.090579,0.739066,0.0057,0.662869,0.700877
089465120702128,0.107482,0.78801,0.006764,0.687727,0.671491
089465120723404,0.135343,0.849598,0.008602,0.741067,0.628947
089465120744681,0.161042,0.917882,0.010264,0.785603,0.659649
089465120765957,0.154137,0.911187,0.009884,0.767996,0.657018
089465120787234,0.128888,0.878012,0.008247,0.725272,0.762719
089465120808511,0.087066,0.829961,0.00555,0.687468,0.707456
089465120829787,0.086346,0.788456,0.005561,0.650699,0.682895
089465120851064,0.085985,0.761381,0.005559,0.618332,0.723684
08946512087234,0.076738,0.731181,0.004996,0.583118,0.614912
089465120893617,0.061967,0.675989,0.00409,0.544019,0.533772
089465120914894,0.033956,0.613954,0.002246,0.511393,0.514474
08946512093617,0.070614,0.620649,0.004375,0.490419,0.55307
089465120957447,0.060856,0.608747,0.003496,0.463749,0.57193
089465120978723,0.069473,0.594615,0.004609,0.519679,0.498246
0894651210,0.061006,0.576763,0.003986,0.504402,0.571491
0894695300,0.063678,0.564564,0.004169,0.489125,0.574561
089469530021277,0.060136,0.547307,0.003758,0.468151,0.588596
089469530042553,0.062237,0.518298,0.00409,0.527965,0.524123
08946953006383,0.057494,0.466082,0.003783,0.506732,0.549561
089469530085106,0.058965,0.409997,0.002889,0.472553,0.53114
089469530106383,0.060136,0.361797,0.002871,0.441999,0.53114
08946953012766,0.060136,0.310771,0.002526,0.40782,0.53114
089469530148936,0.029542,0.280125,0.00194,0.362506,0.442544
089469530170213,0.034676,0.262868,0.002281,0.343863,0.572368
089469530191489,0.042813,0.253794,0.002777,0.351631,0.65307
089469530212766,0.049808,0.278489,0.003205,0.363801,0.691228
089469530234043,0.02642,0.324457,0.00173,0.367426,0.528947
089469530255319,0.054792,0.432609,0.00365,0.439927,0.535526
089469530276596,0.078209,0.536001,0.005174,0.539099,0.465351
089469530297872,0.073766,0.590449,0.004921,0.60202,0.419737
089469530319149,0.110544,0.671973,0.00737,0.687985,0.348684
089469530340426,0.107061,0.680303,0.007173,0.726567,0.306579
089469530361702,0.088387,0.671973,0.005926,0.73304,0.314035
089469530382979,0.145551,0.70961,0.009719,0.741067,0.372807
089469530404255,0.132581,0.717644,0.009055,0.68928,0.391667
089469530425532,0.096764,0.692056,0.00645,0.734076,0.317982
089469530446809,0.089258,0.680452,0.005912,0.714397,0.350877
089469530468085,0.087607,0.656799,0.005858,0.698861,0.367982
089469530489362,0.087246,0.647575,0.005785,0.687727,0.36886
089469530510638,0.083884,0.634781,0.005613,0.674262,0.385965
089469530531915,0.085895,0.627492,0.005744,0.664164,0.396053
089469530553191,0.089168,0.620351,0.005933,0.693941,0.380702
089469530574468,0.085445,0.615293,0.005702,0.69653,0.370175
089469530595745,0.080401,0.609938,0.005422,0.68695,0.329386
089469530617021,0.074967,0.59878,0.005085,0.66986,0.34693
089469530638298,0.065059,0.596846,0.004427,0.657431,0.322807
089469530659574,0.080491,0.616483,0.005461,0.668566,0.345175
089469530680851,0.087306,0.644451,0.005887,0.677887,0.373246
089469530702128,0.088267,0.691758,0.005877,0.685914,0.396491
089469530723404,0.129518,0.784142,0.008614,0.738477,0.438596
089469530744681,0.187883,0.900922,0.01232,0.812015,0.427193
089469530765957,0.206497,0.926807,0.013369,0.832729,0.370614
089469530787234,0.186352,0.908361,0.012073,0.790264,0.473684
089469530808511,0.156059,0.869979,0.010154,0.752719,0.497807
089469530829787,0.128528,0.848706,0.008421,0.712066,0.47807
089469530851064,0.099285,0.818953,0.00657,0.685396,0.45307
08946953087234,0.09199,0.792026,0.006072,0.648887,0.479386
089469530893617,0.086346,0.737876,0.005717,0.615225,0.479386
089469530914894,0.076558,0.682535,0.005112,0.579234,0.472368
08946953093617,0.148493,0.690122,0.009898,0.539099,0.652193
089469530957447,0.108442,0.666022,0.007021,0.502848,0.586404
089469530978723,0.141648,0.643707,0.009456,0.567064,0.54693
0894695310,0.156419,0.631657,0.010573,0.562662,0.585526
0894739400,0.181608,0.619161,0.012208,0.542206,0.600439
089473940021277,0.147952,0.599673,0.009863,0.520197,0.628509
089473940042553,0.168188,0.572597,0.01129,0.577162,0.533772
08947394006383,0.121052,0.517257,0.008124,0.561885,0.573246
089473940085106,0.122433,0.462214,0.008135,0.529001,0.547807
089473940106383,0.14414,0.399732,0.009483,0.489384,0.644298
08947394012766,0.093941,0.353764,0.006072,0.460642,0.723246
089473940148936,0.077609,0.314936,0.004967,0.438115,0.730702
089473940170213,0.074787,0.289795,0.00388,0.417141,0.750439
089473940191489,0.074847,0.286076,0.003523,0.392284,0.772368
089473940212766,0.077219,0.311663,0.004009,0.400052,0.780263
089473940234043,0.074847,0.363136,0.004813,0.423874,0.690351
089473940255319,0.07902,0.474412,0.005158,0.49275,0.582456
089473940276596,0.096493,0.602946,0.006404,0.577421,0.451316
089473940297872,0.084454,0.653228,0.005656,0.629208,0.416228
089473940319149,0.122403,0.742041,0.008203,0.709218,0.335965
089473940340426,0.143329,0.765695,0.00957,0.753755,0.342982
089473940361702,0.120391,0.754686,0.008062,0.761781,0.368421
089473940382979,0.142819,0.782803,0.009449,0.773433,0.391228
089473940404255,0.153176,0.78429,0.010066,0.763594,0.438158
089473940425532,0.103218,0.763612,0.006809,0.751424,0.450439
089473940446809,0.090189,0.727908,0.005928,0.735888,0.439912
089473940468085,0.093131,0.705891,0.006128,0.725013,0.43114
089473940489362,0.089258,0.687891,0.005868,0.725013,0.402193
089473940510638,0.088027,0.668105,0.005798,0.709477,0.416228
089473940531915,0.083674,0.654567,0.005548,0.712843,0.427193
089473940553191,0.084064,0.647873,0.00558,0.746763,0.39693
089473940574468,0.084064,0.641922,0.00559,0.75479,0.412719
089473940595745,0.084064,0.629277,0.00559,0.745987,0.389912
089473940617021,0.083884,0.618715,0.005584,0.745728,0.424123
089473940638298,0.082623,0.617822,0.005488,0.74521,0.444298
089473940659574,0.083223,0.632847,0.005519,0.739254,0.485526
089473940680851,0.086796,0.661262,0.005704,0.741585,0.506579
089473940702128,0.094962,0.717346,0.006186,0.755049,0.548684
089473940723404,0.122343,0.80363,0.007991,0.796737,0.511404
089473940744681,0.192807,0.927849,0.01243,0.850078,0.532456
089473940765957,0.270986,0.956561,0.017401,0.842569,0.522368
089473940787234,0.193887,0.941684,0.01243,0.798032,0.528947
089473940808511,0.152006,0.905683,0.009744,0.741067,0.573684
089473940829787,0.114027,0.871318,0.007387,0.711807,0.585965
089473940851064,0.100727,0.844243,0.0065,0.677369,0.605263
08947394087234,0.089618,0.814341,0.005762,0.648887,0.535965
089473940893617,0.11826,0.767182,0.007692,0.613413,0.607895
089473940914894,0.081752,0.701874,0.00532,0.58001,0.547807
08947394093617,0.082112,0.701428,0.005382,0.548679,0.655263
089473940957447,0.076168,0.673758,0.003868,0.498964,0.59693
089473940978723,0.095653,0.651294,0.006246,0.576126,0.597807
0894739410,0.097364,0.6385,0.0064,0.561626,0.639912
0894783500,0.134893,0.631806,0.008968,0.544537,0.675
089478350021277,0.120331,0.606367,0.005536,0.523563,0.657895
089478350042553,0.132311,0.574085,0.008255,0.578975,0.586842
08947835006383,0.093731,0.523207,0.006223,0.560073,0.581579
089478350085106,0.077069,0.469354,0.005062,0.52434,0.63114
089478350106383,0.089468,0.411187,0.005752,0.484723,0.725877
08947835012766,0.080401,0.360607,0.005164,0.457276,0.708333
089478350148936,0.074787,0.321482,0.004103,0.426981,0.750439
089478350170213,0.074787,0.298274,0.003668,0.418436,0.72807
089478350191489,0.075207,0.297977,0.00484,0.398239,0.700877
089478350212766,0.085535,0.323862,0.005552,0.392543,0.734211
089478350234043,0.076618,0.379798,0.004998,0.411704,0.612281
089478350255319,0.083764,0.496132,0.005538,0.485759,0.546053
089478350276596,0.132431,0.630913,0.008758,0.575867,0.526316
089478350297872,0.090669,0.689676,0.006009,0.613413,0.510088
089478350319149,0.13129,0.774621,0.008697,0.700673,0.417982
089478350340426,0.152276,0.794406,0.010064,0.753755,0.393421
089478350361702,0.137715,0.777596,0.009186,0.750129,0.327193
089478350382979,0.151915,0.803332,0.01017,0.754531,0.37193
089478350404255,0.143569,0.800357,0.00958,0.74521,0.350439
089478350425532,0.088357,0.762124,0.005931,0.726567,0.370175
089478350446809,0.087997,0.727908,0.005901,0.718281,0.373246
089478350468085,0.085685,0.703213,0.005762,0.704816,0.369737
089478350489362,0.084154,0.687147,0.005685,0.700673,0.37807
089478350510638,0.084094,0.674204,0.005704,0.683843,0.364912
089478350531915,0.086766,0.655311,0.005904,0.673744,0.286842
089478350553191,0.085895,0.645195,0.005872,0.697307,0.290351
089478350574468,0.084514,0.638054,0.005742,0.696789,0.32807
089478350595745,0.081422,0.625409,0.005555,0.685914,0.328509
089478350617021,0.067792,0.611276,0.004643,0.676334,0.291228
089478350638298,0.062988,0.603243,0.004287,0.660798,0.282895
089478350659574,0.063829,0.619607,0.004312,0.661574,0.356579
089478350680851,0.069623,0.653972,0.004678,0.66028,0.464035
089478350702128,0.07905,0.712586,0.005295,0.682289,0.46886
089478350723404,0.089798,0.79634,0.006022,0.723459,0.453509
089478350744681,0.145611,0.899137,0.009651,0.795961,0.399123
089478350765957,0.158671,0.92889,0.010368,0.813309,0.428509
089478350787234,0.151795,0.917584,0.009896,0.781719,0.534649
089478350808511,0.096013,0.884261,0.006317,0.738736,0.496491
089478350829787,0.086946,0.857483,0.005742,0.7087,0.539912
089478350851064,0.090038,0.842458,0.005918,0.673744,0.546053
08947835087234,0.087486,0.822969,0.005727,0.652771,0.550877
089478350893617,0.080972,0.773728,0.005374,0.608752,0.51886
089478350914894,0.075447,0.708718,0.004763,0.561108,0.53114
08947835093617,0.075718,0.714668,0.003706,0.523304,0.535526
089478350957447,0.069683,0.692056,0.00295,0.491455,0.527632
089478350978723,0.080311,0.665724,0.005457,0.566287,0.505702
0894783510,0.080251,0.648914,0.005436,0.552305,0.537719
0894828600,0.077219,0.63255,0.005189,0.531331,0.607456
089482860021277,0.099676,0.612467,0.005515,0.510616,0.630702
089482860042553,0.11814,0.573193,0.007424,0.573019,0.560526
08948286006383,0.082713,0.526034,0.005498,0.556965,0.566228
089482860085106,0.075988,0.473073,0.005008,0.514241,0.62807
089482860106383,0.083013,0.416691,0.005399,0.4855,0.730263
08948286012766,0.076798,0.36388,0.003702,0.444847,0.750439
089482860148936,0.074787,0.328622,0.003259,0.423874,0.750439
089482860170213,0.073346,0.308688,0.003174,0.399016,0.794298
089482860191489,0.074787,0.301398,0.002964,0.398757,0.794298
089482860212766,0.074787,0.338887,0.003423,0.396168,0.794298
089482860234043,0.05218,0.39155,0.003367,0.424909,0.765789
089482860255319,0.062808,0.50476,0.004092,0.486018,0.644737
089482860276596,0.087096,0.641029,0.005617,0.564733,0.535088
089482860297872,0.080461,0.693841,0.005318,0.609529,0.540789
089482860319149,0.09181,0.787861,0.006068,0.690316,0.477632
089482860340426,0.113426,0.805266,0.007543,0.736406,0.381579
089482860361702,0.088777,0.787712,0.005908,0.745987,0.402632
089482860382979,0.099886,0.808688,0.006674,0.762817,0.411404
089482860404255,0.100667,0.808242,0.00673,0.750647,0.383333
089482860425532,0.085625,0.768075,0.005746,0.731745,0.414474
089482860446809,0.083704,0.738173,0.005604,0.719057,0.442544
089482860468085,0.081302,0.706635,0.005444,0.70378,0.425877
089482860489362,0.073256,0.675543,0.004948,0.690057,0.40614
089482860510638,0.05281,0.65055,0.003569,0.67711,0.360088
089482860531915,0.068242,0.631955,0.004645,0.675557,0.384211
089482860553191,0.081362,0.610979,0.005467,0.701191,0.424123
089482860574468,0.069773,0.597292,0.004682,0.682289,0.417544
089482860595745,0.06575,0.583309,0.004427,0.668307,0.437281
089482860617021,0.075177,0.570068,0.005041,0.643708,0.475439
089482860638298,0.072805,0.553704,0.004892,0.625583,0.492105
089482860659574,0.067521,0.568581,0.004564,0.601243,0.496053
089482860680851,0.067011,0.592681,0.004576,0.605904,0.426316
089482860702128,0.068542,0.641773,0.004678,0.622993,0.427193
089482860723404,0.077519,0.727016,0.005268,0.671932,0.476316
089482860744681,0.094061,0.834276,0.00628,0.726049,0.46886
089482860765957,0.105951,0.859268,0.007015,0.732263,0.480702
089482860787234,0.098325,0.846474,0.006483,0.697825,0.509211
089482860808511,0.086466,0.809729,0.005681,0.66028,0.546053
089482860829787,0.083854,0.788753,0.005501,0.623511,0.611842
089482860851064,0.080191,0.767926,0.005272,0.599689,0.58114
08948286087234,0.076318,0.74219,0.005023,0.573019,0.607895
089482860893617,0.06623,0.703362,0.004408,0.539876,0.601316
089482860914894,0.059175,0.653823,0.002941,0.491973,0.552193
08948286093617,0.055332,0.684171,0.002946,0.475142,0.557456
089482860957447,0.044824,0.677179,0.002943,0.457535,0.524123
089482860978723,0.070794,0.664088,0.004852,0.548679,0.504386
0894828610,0.059715,0.649212,0.004053,0.539617,0.532895
0897925700,0.112015,0.612169,0.005156,0.506214,0.551316
089792570021277,0.113066,0.605326,0.005189,0.462455,0.595175
089792570042553,0.084995,0.568581,0.005667,0.52667,0.600439
08979257006383,0.060526,0.506694,0.003982,0.497152,0.641667
089792570085106,0.046325,0.448974,0.003039,0.459347,0.626754
089792570106383,0.035937,0.393335,0.002345,0.417141,0.616667
08979257012766,0.028852,0.337102,0.001892,0.373382,0.630702
089792570148936,0.030173,0.294555,0.001978,0.338426,0.627632
089792570170213,0.027381,0.262422,0.001797,0.318747,0.668421
089792570191489,0.025339,0.247397,0.001658,0.3058,0.680702
089792570212766,0.02633,0.252603,0.001718,0.27913,0.72193
089792570234043,0.02681,0.268075,0.001747,0.274987,0.69693
089792570255319,0.031674,0.313002,0.002056,0.291041,0.685088
089792570276596,0.03921,0.366111,0.002555,0.308648,0.722368
089792570297872,0.059085,0.438411,0.003413,0.306836,0.830702
089792570319149,0.07953,0.545671,0.004398,0.355256,0.832456
089792570340426,0.086286,0.639244,0.005145,0.394355,0.840789
089792570361702,0.090459,0.697411,0.005642,0.440186,0.835088
089792570382979,0.09208,0.734454,0.005814,0.459347,0.831579
089792570404255,0.09202,0.730437,0.005835,0.467633,0.794737
089792570425532,0.089348,0.689527,0.00565,0.465562,0.803947
089792570446809,0.087486,0.634335,0.00527,0.452874,0.835526
089792570468085,0.084154,0.593276,0.004902,0.443035,0.835088
089792570489362,0.082923,0.558316,0.005089,0.437079,0.825439
089792570510638,0.082263,0.531687,0.004869,0.426722,0.834649
089792570531915,0.073646,0.49643,0.004636,0.414552,0.770614
089792570553191,0.068152,0.469801,0.004285,0.426722,0.750439
089792570574468,0.057344,0.440643,0.003066,0.410668,0.711842
089792570595745,0.035967,0.414906,0.001888,0.401346,0.636842
089792570617021,0.044404,0.40003,0.002916,0.391766,0.635526
089792570638298,0.044584,0.392889,0.002925,0.389694,0.657895
089792570659574,0.047826,0.402856,0.002935,0.38581,0.662719
089792570680851,0.063468,0.430229,0.002927,0.38581,0.662719
089792570702128,0.064639,0.49881,0.003334,0.420508,0.637719
089792570723404,0.080371,0.590449,0.004946,0.467115,0.616228
089792570744681,0.103819,0.733413,0.006832,0.550492,0.607018
089792570765957,0.093161,0.774918,0.006165,0.574314,0.624561
089792570787234,0.089528,0.770158,0.00587,0.548162,0.655702
089792570808511,0.088958,0.731627,0.005669,0.519938,0.675439
089792570829787,0.088147,0.694734,0.005555,0.47333,0.675439
089792570851064,0.087517,0.669146,0.005604,0.469187,0.74693
08979257087234,0.087006,0.644005,0.005444,0.453392,0.747807
089792570893617,0.085115,0.605921,0.005029,0.419213,0.745614
089792570914894,0.083133,0.573936,0.004726,0.406007,0.789035
08979257093617,0.088267,0.58554,0.005343,0.391507,0.804825
089792570957447,0.127687,0.573788,0.005374,0.394614,0.792105
089792570978723,0.107121,0.553555,0.006909,0.463231,0.751316
0897925710,0.080671,0.511455,0.005185,0.46608,0.719737
0897969100,0.084424,0.477834,0.005376,0.464008,0.773684
089796910021277,0.086436,0.438857,0.005374,0.430347,0.767544
089796910042553,0.087066,0.396162,0.00565,0.484464,0.705263
08979691006383,0.081812,0.356144,0.004886,0.454169,0.750439
089796910085106,0.072835,0.311663,0.003083,0.418436,0.750439
089796910106383,0.055782,0.275216,0.003245,0.38115,0.771053
08979691012766,0.045034,0.23981,0.002902,0.35189,0.761404
089796910148936,0.044614,0.21928,0.002883,0.308389,0.757018
089796910170213,0.055752,0.201428,0.002773,0.290005,0.794298
089796910191489,0.043533,0.187593,0.001884,0.246763,0.794298
089796910212766,0.049117,0.194287,0.002083,0.240549,0.816228
089796910234043,0.05317,0.207528,0.001938,0.220611,0.816228
089796910255319,0.060886,0.234752,0.0027,0.224495,0.816228
089796910276596,0.063468,0.269563,0.002019,0.21854,0.816228
089796910297872,0.068392,0.314639,0.003047,0.195495,0.853947
089796910319149,0.080191,0.399583,0.004404,0.208959,0.854386
089796910340426,0.085955,0.482297,0.004404,0.255826,0.855263
089796910361702,0.088687,0.546861,0.004682,0.290523,0.88114
089796910382979,0.1058,0.600863,0.006068,0.330917,0.902193
089796910404255,0.107091,0.617971,0.006068,0.355774,0.902193
089796910425532,0.10583,0.598036,0.006257,0.380891,0.878509
089796910446809,0.088357,0.564564,0.004852,0.388141,0.857456
089796910468085,0.086586,0.536001,0.004404,0.396168,0.826316
089796910489362,0.087877,0.508926,0.004626,0.398239,0.738596
089796910510638,0.094662,0.484082,0.005712,0.399275,0.689912
089796910531915,0.087637,0.454032,0.004643,0.397204,0.70307
089796910553191,0.086376,0.416989,0.004541,0.420249,0.707018
089796910574468,0.084154,0.391401,0.004404,0.407302,0.707018
089796910595745,0.083013,0.376227,0.004404,0.394873,0.710965
089796910617021,0.083133,0.361648,0.004404,0.398757,0.706579
089796910638298,0.083433,0.364029,0.004404,0.40523,0.684649
089796910659574,0.084214,0.375781,0.004404,0.403936,0.671491
089796910680851,0.086015,0.395864,0.004404,0.401088,0.65
089796910702128,0.097184,0.457156,0.005457,0.424909,0.688596
089796910723404,0.097544,0.546564,0.006334,0.480062,0.709211
089796910744681,0.112225,0.682981,0.007353,0.550492,0.621053
089796910765957,0.115768,0.747099,0.007624,0.577939,0.612719
089796910787234,0.108803,0.742041,0.007144,0.559814,0.645175
089796910808511,0.110514,0.729396,0.007204,0.535215,0.690789
089796910829787,0.096944,0.697411,0.006265,0.516572,0.70614
089796910851064,0.107091,0.679857,0.0065,0.493009,0.752632
08979691087234,0.109283,0.672865,0.006213,0.475401,0.752632
089796910893617,0.089078,0.616781,0.0056,0.448731,0.792544
089796910914894,0.090639,0.567093,0.005428,0.417659,0.767105
08979691093617,0.087036,0.570366,0.004865,0.396945,0.760965
089796910957447,0.0786,0.546564,0.004198,0.375194,0.706579
089796910978723,0.084604,0.518744,0.005091,0.448472,0.660526
0897969110,0.06614,0.476644,0.00381,0.439669,0.662719
0898013200,0.045124,0.445701,0.002966,0.421284,0.627193
089801320021277,0.044524,0.410741,0.002931,0.399793,0.659211
089801320042553,0.05212,0.380839,0.003378,0.457535,0.6
08980132006383,0.044914,0.346325,0.002958,0.445624,0.576754
089801320085106,0.044164,0.311366,0.002906,0.409632,0.587281
089801320106383,0.041642,0.272389,0.002725,0.377266,0.580702
08980132012766,0.041852,0.233561,0.002719,0.339461,0.673684
089801320148936,0.02585,0.231181,0.001689,0.315898,0.633772
089801320170213,0.031284,0.225826,0.002038,0.295184,0.685088
089801320191489,0.031644,0.234008,0.002054,0.287157,0.708772
089801320212766,0.029482,0.27105,0.001919,0.297773,0.679386
089801320234043,0.040411,0.326093,0.002644,0.316675,0.671053
089801320255319,0.069383,0.441535,0.004578,0.404195,0.64693
089801320276596,0.075357,0.562333,0.00499,0.487053,0.563158
089801320297872,0.073136,0.61321,0.004921,0.556189,0.419298
089801320319149,0.0786,0.707081,0.005326,0.629984,0.47807
089801320340426,0.077549,0.729991,0.005245,0.674521,0.442544
089801320361702,0.075117,0.723743,0.005081,0.675557,0.45307
089801320382979,0.084274,0.751562,0.005704,0.686173,0.455702
089801320404255,0.080761,0.748884,0.005459,0.680476,0.441228
089801320425532,0.067431,0.715412,0.004553,0.657172,0.466667
089801320446809,0.055602,0.677328,0.003747,0.660021,0.403947
089801320468085,0.063889,0.655013,0.00431,0.63594,0.449123
089801320489362,0.067641,0.645641,0.004578,0.626359,0.482895
089801320510638,0.07875,0.631955,0.005278,0.614966,0.542544
089801320531915,0.076408,0.627789,0.00505,0.613154,0.525439
089801320553191,0.086286,0.620351,0.005654,0.616002,0.624561
089801320574468,0.080071,0.603243,0.005201,0.612636,0.555702
089801320595745,0.077729,0.590152,0.005035,0.600725,0.520175
089801320617021,0.075477,0.578251,0.004917,0.596841,0.505702
089801320638298,0.073466,0.572449,0.004821,0.574832,0.544737
089801320659574,0.073436,0.588218,0.00483,0.561626,0.516667
089801320680851,0.068332,0.620797,0.004555,0.576126,0.509211
089801320702128,0.073466,0.676287,0.004911,0.582341,0.495175
089801320723404,0.072265,0.74695,0.004823,0.625842,0.527632
089801320744681,0.116549,0.8374,0.00775,0.715432,0.558333
089801320765957,0.14426,0.855103,0.009576,0.737442,0.494737
089801320787234,0.100216,0.83011,0.006691,0.707923,0.540351
089801320808511,0.089528,0.792026,0.005924,0.658985,0.584211
089801320829787,0.075237,0.755132,0.004952,0.624806,0.626754
089801320851064,0.078119,0.729545,0.005127,0.595287,0.550877
08980132087234,0.075537,0.709908,0.004944,0.571207,0.530263
089801320893617,0.072775,0.664386,0.004817,0.534956,0.562719
089801320914894,0.055422,0.594168,0.003695,0.503884,0.567105
08980132093617,0.067942,0.616632,0.002935,0.466339,0.629825
089801320957447,0.050799,0.610533,0.002927,0.439669,0.614474
089801320978723,0.073496,0.600417,0.00489,0.515018,0.572368
0898013210,0.069743,0.580631,0.004142,0.501554,0.59693
0898058300,0.076858,0.559804,0.00501,0.477473,0.685965
089805830021277,0.073166,0.542696,0.004695,0.439151,0.694298
089805830042553,0.077999,0.520232,0.005031,0.496116,0.634649
08980583006383,0.076918,0.472627,0.004913,0.473589,0.688158
089805830085106,0.073646,0.418625,0.004684,0.445106,0.713158
089805830106383,0.065029,0.369979,0.004128,0.405489,0.783333
08980583012766,0.046776,0.31449,0.00297,0.373382,0.751754
089805830148936,0.03912,0.279232,0.002501,0.337649,0.723246
089805830170213,0.027921,0.256471,0.001801,0.310461,0.702193
089805830191489,0.029753,0.253645,0.001928,0.294666,0.697368
089805830212766,0.041161,0.282356,0.002659,0.300363,0.774123
089805830234043,0.050078,0.343499,0.003216,0.326256,0.789035
089805830255319,0.082293,0.456561,0.005245,0.41507,0.779825
089805830276596,0.087727,0.575424,0.005571,0.497152,0.687719
089805830297872,0.073856,0.612764,0.004809,0.558519,0.582895
089805830319149,0.086286,0.688932,0.005669,0.619627,0.560526
089805830340426,0.089708,0.704701,0.005933,0.661574,0.510526
089805830361702,0.082773,0.677328,0.005498,0.658985,0.505702
089805830382979,0.089558,0.705296,0.00596,0.674521,0.53114
089805830404255,0.086796,0.712586,0.005748,0.658208,0.531579
089805830425532,0.083734,0.694287,0.005534,0.654065,0.568421
089805830446809,0.06593,0.65427,0.004381,0.644744,0.513596
089805830468085,0.072145,0.643856,0.004778,0.634127,0.564912
089805830489362,0.082623,0.635823,0.005415,0.629984,0.577632
089805830510638,0.07896,0.625855,0.005133,0.598136,0.560088
089805830531915,0.07851,0.613805,0.005033,0.595546,0.634211
089805830553191,0.07872,0.610533,0.00505,0.604609,0.580263
089805830574468,0.0783,0.606218,0.005029,0.603832,0.567544
089805830595745,0.073346,0.580333,0.00474,0.593216,0.603947
089805830617021,0.072775,0.567539,0.004726,0.596841,0.592982
089805830638298,0.072775,0.561738,0.004726,0.579751,0.574123
089805830659574,0.072775,0.577358,0.00473,0.570948,0.608772
089805830680851,0.072775,0.599821,0.004742,0.569394,0.563596
089805830702128,0.077039,0.646831,0.004996,0.590109,0.659649
089805830723404,0.074997,0.724784,0.004911,0.625065,0.683772
089805830744681,0.089648,0.80244,0.005874,0.687468,0.582456
089805830765957,0.089018,0.807051,0.005837,0.70637,0.578509
089805830787234,0.085445,0.782059,0.005638,0.67478,0.574561
089805830808511,0.069803,0.736537,0.004632,0.637494,0.522807
089805830829787,0.06569,0.706932,0.004393,0.611341,0.506579
089805830851064,0.054672,0.675989,0.003635,0.577939,0.495175
08980583087234,0.053711,0.644302,0.003546,0.558778,0.517105
089805830893617,0.051099,0.603243,0.003386,0.527965,0.579386
089805830914894,0.043353,0.555341,0.002896,0.498446,0.570175
08980583093617,0.05239,0.581523,0.00345,0.458571,0.673684
089805830957447,0.046505,0.576763,0.003035,0.430865,0.658772
089805830978723,0.080491,0.577358,0.005368,0.508804,0.658772
0898058310,0.083854,0.568283,0.003978,0.493527,0.600439
0898102400,0.070704,0.552663,0.00381,0.467374,0.676754
089810240021277,0.086135,0.540167,0.004576,0.436302,0.644298
089810240042553,0.074066,0.507885,0.004842,0.49767,0.627632
08981024006383,0.06551,0.449866,0.004258,0.487571,0.663158
089810240085106,0.06563,0.399137,0.004254,0.444847,0.688596
089810240106383,0.045334,0.346921,0.002933,0.412481,0.712719
08981024012766,0.045214,0.293365,0.002919,0.382185,0.688158
089810240148936,0.03942,0.256918,0.002551,0.342569,0.671053
089810240170213,0.030413,0.241595,0.001944,0.323149,0.690789
089810240191489,0.034226,0.241297,0.002221,0.31797,0.709649
089810240212766,0.041251,0.277447,0.002665,0.329363,0.728509
089810240234043,0.047676,0.323267,0.003103,0.363283,0.717982
089810240255319,0.068032,0.432609,0.004464,0.438633,0.622368
089810240276596,0.076888,0.534662,0.005085,0.540653,0.582456
089810240297872,0.072445,0.569176,0.004828,0.587778,0.455702
089810240319149,0.075447,0.64936,0.005021,0.656914,0.527193
089810240340426,0.080221,0.65903,0.005359,0.690057,0.482018
089810240361702,0.075958,0.635525,0.005056,0.680994,0.445614
089810240382979,0.084664,0.689973,0.005625,0.673485,0.530263
089810240404255,0.077969,0.687742,0.005154,0.660798,0.514912
089810240425532,0.058815,0.67227,0.003882,0.636458,0.514474
089810240446809,0.068032,0.647724,0.004485,0.622734,0.514912
089810240468085,0.076588,0.634633,0.005044,0.612377,0.577632
089810240489362,0.071274,0.6205,0.004672,0.603314,0.54386
089810240510638,0.069323,0.609491,0.004524,0.584671,0.583333
089810240531915,0.069353,0.598929,0.00453,0.581823,0.550877
089810240553191,0.072025,0.588367,0.00474,0.609788,0.504825
089810240574468,0.066531,0.580036,0.004381,0.598912,0.52193
089810240595745,0.070494,0.580184,0.004641,0.58985,0.538596
089810240617021,0.063348,0.572151,0.004161,0.578198,0.528509
089810240638298,0.056773,0.554002,0.003727,0.569394,0.535088
089810240659574,0.0659,0.582565,0.004319,0.56784,0.525877
089810240680851,0.063889,0.605028,0.004173,0.565251,0.600877
089810240702128,0.075027,0.650402,0.004923,0.58001,0.625
089810240723404,0.073586,0.711395,0.004809,0.610564,0.703509
089810240744681,0.090969,0.788753,0.005895,0.689539,0.596491
089810240765957,0.095022,0.803779,0.006219,0.727861,0.517105
089810240787234,0.089318,0.77715,0.00586,0.710772,0.554386
089810240808511,0.073946,0.739512,0.004879,0.669342,0.548684
089810240829787,0.06572,0.712586,0.004346,0.642413,0.509649
089810240851064,0.064969,0.688634,0.004317,0.618074,0.512281
08981024087234,0.055272,0.65903,0.003668,0.589332,0.538158
089810240893617,0.044254,0.618566,0.00295,0.562144,0.503509
089810240914894,0.042662,0.569771,0.002852,0.514759,0.48114
08981024093617,0.06545,0.595061,0.004312,0.489125,0.659649
089810240957447,0.063168,0.601309,0.002277,0.450803,0.577193
089810240978723,0.075808,0.587325,0.005021,0.529777,0.548684
0898102410,0.061367,0.582713,0.004044,0.526411,0.626316
0898146500,0.071604,0.560696,0.003465,0.503366,0.598684
089814650021277,0.069143,0.546861,0.002919,0.483687,0.598684
089814650042553,0.077279,0.516662,0.005102,0.54609,0.55307
08981465006383,0.055362,0.458494,0.003623,0.527447,0.638158
089814650085106,0.051309,0.404641,0.003307,0.494562,0.687281
089814650106383,0.051669,0.353169,0.003307,0.458571,0.721053
08981465012766,0.047346,0.301547,0.003029,0.422061,0.716228
089814650148936,0.044644,0.272389,0.002877,0.393578,0.69693
089814650170213,0.034346,0.252603,0.002221,0.369757,0.673246
089814650191489,0.02663,0.251265,0.001722,0.350337,0.687281
089814650212766,0.041612,0.275216,0.002692,0.36406,0.688158
089814650234043,0.031704,0.32535,0.002056,0.381926,0.682456
089814650255319,0.069503,0.425915,0.004514,0.469964,0.600439
089814650276596,0.085505,0.536894,0.005582,0.556706,0.566667
089814650297872,0.05278,0.577209,0.003486,0.607716,0.432456
089814650319149,0.083073,0.659774,0.00553,0.685396,0.438158
089814650340426,0.090609,0.688188,0.005997,0.730709,0.426316
089814650361702,0.090579,0.686998,0.005995,0.726308,0.459649
089814650382979,0.099255,0.731627,0.006572,0.743915,0.491667
089814650404255,0.100817,0.743677,0.006624,0.726567,0.543421
089814650425532,0.097244,0.729545,0.006348,0.707664,0.580702
089814650446809,0.094962,0.707974,0.006232,0.697307,0.571053
089814650468085,0.096223,0.695478,0.006261,0.675816,0.594298
089814650489362,0.097274,0.691907,0.006321,0.659244,0.593421
089814650510638,0.098655,0.687295,0.006352,0.633351,0.635088
089814650531915,0.125796,0.684915,0.008114,0.613154,0.655702
089814650553191,0.107572,0.687295,0.006986,0.634127,0.603509
089814650574468,0.114687,0.686254,0.007424,0.631279,0.648684
089814650595745,0.140717,0.682237,0.008988,0.617038,0.728947
089814650617021,0.153447,0.669741,0.009784,0.607457,0.705702
089814650638298,0.147292,0.683725,0.009375,0.588555,0.719298
089814650659574,0.138976,0.707379,0.008841,0.582082,0.764474
089814650680851,0.149814,0.739512,0.009489,0.578975,0.764912
089814650702128,0.121893,0.768521,0.007775,0.593216,0.743421
089814650723404,0.124054,0.812407,0.00791,0.625065,0.755263
089814650744681,0.169089,0.895269,0.010814,0.711031,0.621053
089814650765957,0.272877,0.900327,0.017655,0.75479,0.637719
089814650787234,0.551579,0.877715,0.035536,0.737442,0.695614
089814650808511,0.138045,0.837251,0.008756,0.700673,0.68114
089814650829787,0.133932,0.785481,0.008477,0.66494,0.663158
089814650851064,0.156389,0.750372,0.009879,0.646815,0.735526
08981465087234,0.117119,0.718685,0.007441,0.610306,0.680702
089814650893617,0.07905,0.670039,0.005087,0.584153,0.654825
089814650914894,0.054341,0.626599,0.003519,0.54376,0.574561
08981465093617,0.085265,0.653675,0.005528,0.516572,0.754825
089814650957447,0.073826,0.644005,0.004734,0.485759,0.712281
089814650978723,0.085205,0.623624,0.005521,0.563956,0.718421
0898146510,0.075688,0.603987,0.004865,0.542724,0.732895
089819600,0.058575,0.566647,0.003781,0.517607,0.691667
08981960021277,0.05239,0.536596,0.003382,0.488607,0.684649
08981960042553,0.079801,0.522761,0.005199,0.545572,0.634649
0898196006383,0.076258,0.476495,0.00495,0.524081,0.639912
08981960085106,0.050528,0.41684,0.00327,0.483169,0.644298
08981960106383,0.045004,0.365219,0.002921,0.445365,0.667105
0898196012766,0.044734,0.315085,0.002896,0.404454,0.707895
08981960148936,0.03936,0.284885,0.002547,0.381926,0.732018
08981960170213,0.030833,0.263166,0.001955,0.353703,0.772368
08981960191489,0.02696,0.258852,0.001735,0.347488,0.764035
08981960212766,0.041492,0.282505,0.002663,0.358364,0.787719
08981960234043,0.044494,0.332193,0.002875,0.383221,0.764035
08981960255319,0.050408,0.43499,0.003305,0.467892,0.639035
08981960276596,0.066951,0.547605,0.004387,0.547126,0.590351
08981960297872,0.055692,0.591937,0.003691,0.600207,0.488158
08981960319149,0.093521,0.672865,0.006128,0.681512,0.571053
08981960340426,0.091029,0.701428,0.005881,0.727861,0.544298
08981960361702,0.095623,0.715263,0.006211,0.732004,0.542544
08981960382979,0.127747,0.770158,0.008282,0.741844,0.559211
08981960404255,0.140026,0.787861,0.009007,0.733299,0.579386
08981960425532,0.112766,0.784737,0.007235,0.683584,0.591228
08981960446809,0.133902,0.771794,0.008673,0.717763,0.574123
08981960468085,0.150174,0.757066,0.009676,0.704816,0.607456
08981960489362,0.155578,0.754389,0.009944,0.696271,0.657018
08981960510638,0.140357,0.751265,0.008884,0.659762,0.688158
08981960531915,0.140507,0.744273,0.008853,0.649146,0.713596
08981960553191,0.14414,0.737876,0.009096,0.669601,0.67807
08981960574468,0.130449,0.730437,0.008265,0.658208,0.718421
08981960595745,0.138525,0.740107,0.008727,0.635681,0.732456
08981960617021,0.127147,0.731181,0.008024,0.622734,0.701316
08981960638298,0.100937,0.720768,0.006383,0.605645,0.746053
08981960659574,0.112105,0.748735,0.007071,0.590886,0.785088
08981960680851,0.100216,0.778191,0.006323,0.587778,0.752193
08981960702128,0.095292,0.805861,0.006074,0.603573,0.735088
08981960723404,0.094542,0.831895,0.006088,0.629726,0.673246
08981960744681,0.112345,0.880244,0.007239,0.685396,0.598246
08981960765957,0.104509,0.867301,0.006739,0.717504,0.546053
08981960787234,0.095773,0.848408,0.006136,0.698602,0.592105
08981960808511,0.087667,0.801547,0.005644,0.650699,0.635526
08981960829787,0.07845,0.767777,0.005098,0.618591,0.654825
08981960851064,0.06599,0.733859,0.004294,0.580528,0.672807
0898196087234,0.066921,0.71199,0.004339,0.562144,0.661404
08981960893617,0.056293,0.667956,0.003641,0.520974,0.571053
08981960914894,0.061637,0.614549,0.004036,0.494045,0.589035
0898196093617,0.086766,0.638798,0.003752,0.470482,0.662719
08981960957447,0.086466,0.642368,0.004387,0.457535,0.706579
08981960978723,0.089498,0.620946,0.005748,0.542983,0.632895
089819610,0.085625,0.600565,0.005498,0.531849,0.692982
0898235700,0.080641,0.557126,0.00522,0.503884,0.724123
089823570021277,0.084064,0.545076,0.005422,0.477732,0.74693
089823570042553,0.083944,0.509075,0.005434,0.522786,0.681579
08982357006383,0.056143,0.450015,0.003612,0.497411,0.698684
089823570085106,0.053771,0.391104,0.003448,0.460901,0.673684
089823570106383,0.049117,0.329217,0.002933,0.422838,0.717105
08982357012766,0.049658,0.271645,0.002902,0.378042,0.78114
089823570148936,0.06626,0.235049,0.002939,0.334542,0.778947
089823570170213,0.031494,0.207676,0.002,0.309425,0.748246
089823570191489,0.046836,0.208123,0.002179,0.286121,0.779825
089823570212766,0.06566,0.212586,0.002432,0.274987,0.794298
089823570234043,0.05281,0.212883,0.002324,0.269291,0.794298
089823570255319,0.050859,0.247992,0.002646,0.295443,0.794298
089823570276596,0.06635,0.29039,0.002665,0.3203,0.794298
089823570297872,0.076648,0.333383,0.002661,0.316675,0.809649
089823570319149,0.080491,0.420857,0.003546,0.351631,0.787719
089823570340426,0.080221,0.508182,0.005062,0.397462,0.755702
089823570361702,0.099225,0.567391,0.006128,0.43682,0.787719
089823570382979,0.096223,0.63136,0.005715,0.457535,0.757456
089823570404255,0.096223,0.650997,0.005771,0.453133,0.772368
089823570425532,0.096703,0.64222,0.005796,0.454687,0.754825
089823570446809,0.09244,0.627938,0.004817,0.43682,0.794298
089823570468085,0.09244,0.610533,0.005559,0.428534,0.784649
089823570489362,0.09244,0.58435,0.004497,0.415588,0.794298
089823570510638,0.09244,0.556382,0.004221,0.399016,0.816228
089823570531915,0.09244,0.53377,0.003415,0.385293,0.816228
089823570553191,0.09244,0.506694,0.004117,0.388659,0.794298
089823570574468,0.069383,0.48676,0.002993,0.374158,0.760526
089823570595745,0.073796,0.473222,0.002964,0.357328,0.750439
089823570617021,0.084574,0.458197,0.00339,0.332988,0.728509
089823570638298,0.089138,0.45537,0.002914,0.329363,0.728509
089823570659574,0.089138,0.46266,0.002912,0.328845,0.728509
089823570680851,0.086946,0.474115,0.003336,0.324443,0.772368
089823570702128,0.089138,0.519191,0.003884,0.352926,0.772368
089823570723404,0.086796,0.566944,0.005021,0.397721,0.770614
089823570744681,0.093371,0.682535,0.005928,0.481357,0.751754
089823570765957,0.094512,0.711247,0.006026,0.548162,0.70307
089823570787234,0.090819,0.697263,0.005756,0.541947,0.697807
089823570808511,0.086826,0.658435,0.005486,0.509322,0.720175
089823570829787,0.086826,0.619458,0.005403,0.484723,0.772368
089823570851064,0.086826,0.587771,0.004923,0.459347,0.787719
08982357087234,0.086826,0.569027,0.004639,0.436561,0.787719
089823570893617,0.088237,0.534514,0.002902,0.403677,0.634211
089823570914894,0.086826,0.505058,0.002455,0.387364,0.640789
08982357093617,0.086826,0.522464,0.002711,0.386069,0.649561
089823570957447,0.090008,0.525439,0.005442,0.387364,0.706579
089823570978723,0.089468,0.519488,0.005841,0.47825,0.655702
0898235710,0.070554,0.483041,0.004574,0.466857,0.681579
0898279100,0.083614,0.441238,0.004518,0.457794,0.611404
089827910021277,0.058034,0.39393,0.003247,0.42465,0.640351
089827910042553,0.071334,0.3554,0.004614,0.490419,0.545175
08982791006383,0.051219,0.311217,0.003365,0.460383,0.547368
089827910085106,0.071154,0.272092,0.003054,0.424392,0.592544
089827910106383,0.057103,0.229098,0.003382,0.386846,0.664474
08982791012766,0.044704,0.201428,0.002898,0.344122,0.654386
089827910148936,0.038699,0.178965,0.00252,0.312273,0.655263
089827910170213,0.023778,0.164386,0.001554,0.28146,0.657895
089827910191489,0.023838,0.158286,0.001556,0.256085,0.681579
089827910212766,0.024739,0.162005,0.001618,0.231745,0.666228
089827910234043,0.022127,0.166022,0.001448,0.223718,0.649123
089827910255319,0.029422,0.193544,0.001928,0.218799,0.653947
089827910276596,0.027921,0.222404,0.00183,0.220093,0.67193
089827910297872,0.030263,0.251562,0.001973,0.189798,0.745614
089827910319149,0.044254,0.323416,0.002403,0.211548,0.816228
089827910340426,0.062748,0.389467,0.002835,0.257121,0.816228
089827910361702,0.082503,0.460131,0.002605,0.296479,0.794298
089827910382979,0.089528,0.518596,0.003176,0.328068,0.816228
089827910404255,0.087967,0.548795,0.003479,0.350854,0.816228
089827910425532,0.080491,0.543737,0.002725,0.350596,0.772368
089827910446809,0.056053,0.533026,0.002939,0.338426,0.877632
089827910468085,0.075868,0.518893,0.002929,0.339461,0.879825
089827910489362,0.076258,0.497025,0.002921,0.32755,0.879825
089827910510638,0.078119,0.482594,0.003027,0.327033,0.860965
089827910531915,0.078119,0.462957,0.002916,0.323925,0.860965
089827910553191,0.075778,0.43975,0.003099,0.322372,0.860965
089827910574468,0.075117,0.41446,0.002914,0.304247,0.860965
089827910595745,0.071634,0.394823,0.002914,0.281719,0.860965
089827910617021,0.06536,0.385302,0.002914,0.271362,0.860965
089827910638298,0.06548,0.390509,0.002914,0.261781,0.860965
089827910659574,0.068752,0.401071,0.002914,0.272916,0.860965
089827910680851,0.074246,0.420411,0.00291,0.274469,0.860965
089827910702128,0.069353,0.467867,0.002933,0.304247,0.873246
089827910723404,0.063438,0.520827,0.003986,0.357587,0.814035
089827910744681,0.077189,0.6385,0.004846,0.454687,0.740351
089827910765957,0.079651,0.693692,0.004998,0.52175,0.649123
089827910787234,0.082863,0.693841,0.005189,0.537804,0.665789
089827910808511,0.078119,0.671526,0.004896,0.514759,0.688158
089827910829787,0.078119,0.651294,0.004128,0.497152,0.712719
089827910851064,0.078119,0.635079,0.004684,0.490678,0.706579
08982791087234,0.078119,0.612615,0.003571,0.469705,0.717105
089827910893617,0.077429,0.576019,0.003398,0.434749,0.739035
089827910914894,0.080371,0.527075,0.003808,0.399534,0.688596
08982791093617,0.078119,0.531836,0.002914,0.381409,0.701754
089827910957447,0.078119,0.509372,0.002808,0.350854,0.688596
089827910978723,0.078119,0.48795,0.005008,0.426463,0.720175
0898279110,0.077009,0.458941,0.00354,0.434231,0.70614
0898323200,0.072085,0.429039,0.003968,0.423097,0.706579
089832320021277,0.070524,0.393633,0.003004,0.409373,0.732895
089832320042553,0.075027,0.365963,0.004877,0.465821,0.662281
08983232006383,0.068422,0.327284,0.004427,0.456499,0.67193
089832320085106,0.074246,0.29515,0.002929,0.419213,0.680263
089832320106383,0.049718,0.263612,0.003191,0.392284,0.737281
08983232012766,0.045184,0.234454,0.002904,0.360176,0.725
089832320148936,0.045094,0.219875,0.0029,0.341274,0.705702
089832320170213,0.041642,0.217644,0.002692,0.304505,0.71886
089832320191489,0.044464,0.228652,0.002871,0.300363,0.742544
089832320212766,0.045515,0.267034,0.002925,0.31797,0.772807
089832320234043,0.047166,0.31925,0.003043,0.35448,0.759649
089832320255319,0.061096,0.444213,0.003951,0.435008,0.755263
089832320276596,0.07839,0.565754,0.005037,0.528742,0.679386
089832320297872,0.060466,0.595656,0.003941,0.564992,0.561404
089832320319149,0.079711,0.67346,0.005212,0.645262,0.628509
089832320340426,0.081272,0.692205,0.005274,0.67711,0.617982
089832320361702,0.076048,0.676584,0.004952,0.684619,0.572368
089832320382979,0.082773,0.701874,0.005403,0.691611,0.60307
089832320404255,0.07959,0.70366,0.005187,0.691093,0.584649
089832320425532,0.074967,0.676882,0.004859,0.669601,0.539474
089832320446809,0.071304,0.6385,0.004668,0.641378,0.579386
089832320468085,0.066831,0.615591,0.004358,0.635163,0.59693
089832320489362,0.059986,0.595805,0.003907,0.622993,0.573246
089832320510638,0.055212,0.576465,0.003598,0.607198,0.511404
089832320531915,0.071664,0.569325,0.004715,0.601502,0.532895
089832320553191,0.064339,0.551026,0.004256,0.612118,0.490351
089832320574468,0.054942,0.536894,0.003635,0.60668,0.485965
089832320595745,0.055872,0.529009,0.003704,0.595287,0.433772
089832320617021,0.05239,0.512645,0.003457,0.58985,0.474561
089832320638298,0.05239,0.512199,0.00345,0.57535,0.533333
089832320659574,0.05239,0.515323,0.003454,0.565769,0.542982
089832320680851,0.05239,0.533175,0.003471,0.562403,0.531579
089832320702128,0.053561,0.567837,0.003554,0.575608,0.468421
089832320723404,0.056353,0.63136,0.003749,0.606422,0.561404
089832320744681,0.083163,0.752306,0.00548,0.671673,0.534211
089832320765957,0.088747,0.799911,0.005823,0.708959,0.50307
089832320787234,0.087547,0.796043,0.00571,0.685655,0.547807
089832320808511,0.077969,0.768373,0.005104,0.637752,0.515351
089832320829787,0.075087,0.741148,0.004911,0.607457,0.610965
089832320851064,0.075447,0.719875,0.004923,0.580269,0.609211
08983232087234,0.074607,0.700089,0.004855,0.550492,0.610088
089832320893617,0.068992,0.660964,0.004524,0.525375,0.637281
089832320914894,0.055632,0.604582,0.003515,0.488866,0.601316
08983232093617,0.080101,0.622285,0.004682,0.458053,0.697807
089832320957447,0.076828,0.603094,0.00436,0.418954,0.677193
089832320978723,0.077789,0.60607,0.005041,0.516054,0.627193
0898323210,0.075477,0.594317,0.004861,0.498446,0.667105
0898367300,0.075627,0.574829,0.004859,0.479285,0.687719
089836730021277,0.077699,0.556233,0.004412,0.440186,0.692544
089836730042553,0.076738,0.529753,0.004969,0.505697,0.616228
08983673006383,0.066471,0.475007,0.004312,0.489902,0.634649
089836730085106,0.056083,0.418625,0.003629,0.455722,0.699123
089836730106383,0.051429,0.369087,0.003255,0.419472,0.763158
08983673012766,0.048607,0.3133,0.002692,0.375194,0.770614
089836730148936,0.045244,0.286968,0.00268,0.350337,0.770614
089836730170213,0.028312,0.264951,0.001799,0.321854,0.765351
089836730191489,0.031434,0.264356,0.002007,0.304505,0.777193
089836730212766,0.048667,0.291282,0.002462,0.307872,0.794298
089836730234043,0.045845,0.343053,0.002875,0.342051,0.794298
089836730255319,0.059055,0.46742,0.00372,0.444329,0.718421
089836730276596,0.07923,0.582565,0.00512,0.5145,0.638596
089836730297872,0.061637,0.612467,0.004038,0.561367,0.541667
089836730319149,0.080371,0.682237,0.005301,0.639824,0.551754
089836730340426,0.083343,0.688188,0.005496,0.668824,0.518421
089836730361702,0.079921,0.665576,0.005293,0.673226,0.465789
089836730382979,0.077699,0.652336,0.005177,0.68203,0.471053
089836730404255,0.077729,0.64698,0.005183,0.674262,0.429386
089836730425532,0.066981,0.611723,0.004487,0.654842,0.351754
089836730446809,0.054191,0.59997,0.003612,0.644226,0.388596
089836730468085,0.054612,0.580928,0.003652,0.643449,0.39693
089836730489362,0.067401,0.576019,0.004497,0.624029,0.433772
089836730510638,0.061727,0.560547,0.004078,0.612118,0.479825
089836730531915,0.055482,0.539572,0.003635,0.603573,0.435088
089836730553191,0.055152,0.534811,0.003635,0.62144,0.411404
089836730574468,0.053771,0.522017,0.003542,0.612118,0.420175
089836730595745,0.0529,0.51681,0.003467,0.611859,0.403947
089836730617021,0.053351,0.504314,0.003511,0.602538,0.432456
089836730638298,0.05239,0.497769,0.003446,0.577421,0.46886
089836730659574,0.05239,0.510562,0.003444,0.58985,0.453509
089836730680851,0.05323,0.528414,0.003527,0.595805,0.435965
089836730702128,0.058004,0.55906,0.00386,0.62144,0.439912
089836730723404,0.071544,0.62288,0.004794,0.66028,0.423684
089836730744681,0.090579,0.735495,0.006003,0.72579,0.464035
089836730765957,0.09262,0.771199,0.006107,0.741067,0.466228
089836730787234,0.091119,0.760637,0.00597,0.699896,0.490789
089836730808511,0.080041,0.723148,0.005291,0.665199,0.490789
089836730829787,0.071394,0.696519,0.004755,0.635422,0.460526
089836730851064,0.064459,0.677179,0.004302,0.608234,0.460088
08983673087234,0.060496,0.648468,0.004005,0.574055,0.464035
089836730893617,0.05326,0.60488,0.003523,0.54609,0.479386
089836730914894,0.045274,0.552514,0.003031,0.503625,0.470614
08983673093617,0.071304,0.588218,0.004705,0.483428,0.642544
089836730957447,0.053531,0.580036,0.003303,0.446142,0.61886
089836730978723,0.073106,0.571407,0.00478,0.517349,0.617105
0898367310,0.071094,0.558911,0.004612,0.506214,0.660088
0898412400,0.074847,0.54701,0.004836,0.481357,0.670175
089841240021277,0.06554,0.533026,0.004034,0.451579,0.670614
089841240042553,0.076558,0.503868,0.004985,0.516054,0.57193
08984124006383,0.060436,0.448825,0.003928,0.486794,0.587281
089841240085106,0.05296,0.389914,0.003436,0.453133,0.660965
089841240106383,0.045965,0.338292,0.002964,0.413516,0.650877
08984124012766,0.044734,0.289051,0.002904,0.36406,0.689912
089841240148936,0.036838,0.252306,0.002389,0.345417,0.690789
089841240170213,0.027801,0.231925,0.001801,0.310461,0.710088
089841240191489,0.027771,0.228206,0.001799,0.301139,0.713596
089841240212766,0.043053,0.252008,0.002781,0.3058,0.726754
089841240234043,0.047226,0.306308,0.003074,0.337131,0.680263
089841240255319,0.056323,0.420411,0.003675,0.417659,0.648246
089841240276596,0.07851,0.520976,0.005147,0.511134,0.594298
089841240297872,0.056863,0.549241,0.003749,0.562403,0.507018
089841240319149,0.087036,0.621988,0.005939,0.644744,0.451754
089841240340426,0.084694,0.624814,0.005596,0.671673,0.499561
089841240361702,0.074006,0.604582,0.004896,0.686432,0.485965
089841240382979,0.09244,0.632252,0.006074,0.699379,0.517105
089841240404255,0.084364,0.635079,0.005557,0.684878,0.493421
089841240425532,0.088747,0.610979,0.005854,0.677369,0.482895
089841240446809,0.083854,0.590152,0.005544,0.686432,0.459211
089841240468085,0.085835,0.567539,0.005669,0.678405,0.453947
089841240489362,0.088838,0.554746,0.005847,0.685396,0.482895
089841240510638,0.082112,0.534067,0.005399,0.670378,0.485965
089841240531915,0.079981,0.526183,0.005266,0.675039,0.464474
089841240553191,0.087216,0.523059,0.005758,0.700414,0.446053
089841240574468,0.083764,0.517703,0.005519,0.70145,0.418421
089841240595745,0.085415,0.506992,0.00564,0.681253,0.45307
089841240617021,0.075748,0.492115,0.004987,0.673485,0.424561
089841240638298,0.078089,0.484975,0.005139,0.658467,0.466228
089841240659574,0.077909,0.496727,0.005139,0.655878,0.496491
089841240680851,0.075027,0.505356,0.004948,0.657172,0.441228
089841240702128,0.075027,0.533323,0.004994,0.678923,0.448684
089841240723404,0.071064,0.596251,0.004765,0.714915,0.403947
089841240744681,0.094332,0.692056,0.006296,0.752201,0.414912
089841240765957,0.094722,0.724784,0.00625,0.751942,0.446053
089841240787234,0.089588,0.705742,0.005926,0.714915,0.477632
089841240808511,0.059175,0.673907,0.003947,0.670896,0.377193
089841240829787,0.053951,0.650699,0.003581,0.64319,0.414035
089841240851064,0.05239,0.624665,0.003488,0.602279,0.476316
08984124087234,0.049748,0.606962,0.00333,0.583118,0.520175
089841240893617,0.042362,0.566052,0.002846,0.544278,0.46886
089841240914894,0.037438,0.519488,0.002536,0.510875,0.439035
08984124093617,0.078089,0.558614,0.005185,0.47566,0.627193
089841240957447,0.06641,0.557721,0.00441,0.447437,0.6
089841240978723,0.083734,0.554151,0.005557,0.522786,0.500877
0898412410,0.082383,0.546117,0.005434,0.506214,0.661842
0898456500,0.087186,0.533472,0.005715,0.48291,0.544298
089845650021277,0.087426,0.515472,0.00571,0.453133,0.576316
089845650042553,0.089408,0.486611,0.005895,0.510875,0.525439
08984565006383,0.078239,0.430527,0.00512,0.488348,0.590789
089845650085106,0.054371,0.375335,0.003565,0.447437,0.616667
089845650106383,0.044194,0.328474,0.002894,0.40057,0.605263
08984565012766,0.058815,0.279976,0.003864,0.364578,0.642982
089845650148936,0.053321,0.253347,0.003486,0.336354,0.654825
089845650170213,0.034106,0.231627,0.002227,0.306836,0.667105
089845650191489,0.033415,0.232074,0.002185,0.291818,0.682895
089845650212766,0.06518,0.257215,0.004238,0.295184,0.730263
089845650234043,0.054281,0.307051,0.003527,0.323925,0.673684
089845650255319,0.071574,0.419667,0.004736,0.403418,0.574123
089845650276596,0.084364,0.523505,0.0056,0.494045,0.533772
089845650297872,0.083794,0.557721,0.005619,0.550492,0.403947
089845650319149,0.080551,0.62526,0.005403,0.627395,0.416667
089845650340426,0.097124,0.63731,0.006531,0.662092,0.407018
089845650361702,0.088567,0.623921,0.005966,0.666494,0.377632
089845650382979,0.126306,0.657542,0.008546,0.670637,0.410088
089845650404255,0.106791,0.659476,0.007164,0.661833,0.385526
089845650425532,0.093221,0.628831,0.006248,0.648628,0.364912
089845650446809,0.090068,0.600119,0.006051,0.642672,0.345175
089845650468085,0.088207,0.576763,0.005862,0.632056,0.274123
089845650489362,0.088928,0.560845,0.005879,0.625842,0.326316
089845650510638,0.088447,0.5482,0.005823,0.611341,0.330702
089845650531915,0.089258,0.538381,0.005858,0.609788,0.342982
089845650553191,0.088958,0.530794,0.005879,0.629726,0.352193
089845650574468,0.088898,0.523059,0.005868,0.620145,0.282895
089845650595745,0.086826,0.513538,0.005781,0.61419,0.351316
089845650617021,0.086526,0.498512,0.005791,0.600725,0.378947
089845650638298,0.085475,0.490925,0.005708,0.578975,0.428947
089845650659574,0.084724,0.49762,0.005658,0.567064,0.447807
089845650680851,0.085415,0.506546,0.005712,0.571983,0.40614
089845650702128,0.085535,0.533323,0.005719,0.589591,0.359211
089845650723404,0.084544,0.581821,0.005688,0.621958,0.339474
089845650744681,0.090068,0.678816,0.005999,0.68695,0.341228
089845650765957,0.093251,0.714519,0.006226,0.712843,0.292982
089845650787234,0.093461,0.704255,0.006265,0.689021,0.259211
089845650808511,0.088868,0.675097,0.005924,0.645779,0.269298
089845650829787,0.088507,0.650997,0.005879,0.613672,0.273684
089845650851064,0.087126,0.643558,0.00576,0.58001,0.352632
08984565087234,0.086045,0.62407,0.005685,0.553858,0.429825
089845650893617,0.080671,0.582862,0.005401,0.517607,0.462281
089845650914894,0.059565,0.531687,0.004009,0.482393,0.478947
08984565093617,0.083343,0.568878,0.00553,0.447178,0.637281
089845650957447,0.059926,0.569027,0.003268,0.42465,0.584211
089845650978723,0.083824,0.563523,0.005559,0.504143,0.519298
0898456510,0.084784,0.558762,0.005571,0.489643,0.583772
08985600,0.085085,0.539274,0.005565,0.460901,0.633772
0898560021277,0.086135,0.51681,0.005598,0.430865,0.613158
0898560042553,0.087847,0.492562,0.005754,0.48783,0.626316
089856006383,0.074847,0.440791,0.004873,0.467892,0.649561
0898560085106,0.059325,0.383814,0.003855,0.424909,0.638158
0898560106383,0.057794,0.331151,0.003772,0.381409,0.661842
089856012766,0.047166,0.275811,0.003068,0.340497,0.682895
0898560148936,0.042212,0.249777,0.002744,0.314604,0.667105
0898560170213,0.042993,0.232966,0.0028,0.287675,0.670175
0898560191489,0.042032,0.228206,0.002746,0.271103,0.666228
0898560212766,0.044944,0.261678,0.002931,0.293371,0.710088
0898560234043,0.045334,0.315977,0.002968,0.316934,0.691667
0898560255319,0.056623,0.427105,0.003752,0.406266,0.625877
0898560276596,0.07902,0.529307,0.005222,0.479544,0.54693
0898560297872,0.056143,0.551026,0.003714,0.527188,0.497368
0898560319149,0.089348,0.615888,0.005901,0.595287,0.389474
0898560340426,0.09157,0.622731,0.006047,0.628949,0.353509
0898560361702,0.090189,0.598929,0.00598,0.633351,0.345614
0898560382979,0.093491,0.629277,0.006203,0.638788,0.389474
0898560404255,0.090309,0.626004,0.005989,0.623252,0.36886
0898560425532,0.090699,0.603243,0.006007,0.613931,0.352193
0898560446809,0.088507,0.575573,0.00587,0.610564,0.345175
0898560468085,0.09157,0.551919,0.006072,0.603573,0.351754
0898560489362,0.088777,0.543291,0.005879,0.599689,0.301316
0898560510638,0.087126,0.523802,0.00576,0.5826,0.317105
0898560531915,0.087907,0.517108,0.005802,0.56059,0.289474
0898560553191,0.087697,0.507736,0.005789,0.591144,0.292982
0898560574468,0.087216,0.493454,0.005766,0.593993,0.294737
0898560595745,0.086826,0.482743,0.00576,0.588037,0.275877
0898560617021,0.086616,0.457602,0.005754,0.568099,0.327632
0898560638298,0.084995,0.445552,0.005667,0.551787,0.340789
0898560659574,0.084995,0.45418,0.005661,0.536769,0.351316
0898560680851,0.085535,0.465338,0.005717,0.532108,0.274123
0898560702128,0.084995,0.483041,0.005717,0.536769,0.298246
0898560723404,0.084784,0.525439,0.005781,0.578457,0.230263
0898560744681,0.086466,0.612913,0.005889,0.625583,0.228509
0898560765957,0.087847,0.634484,0.005972,0.673744,0.198246
0898560787234,0.087366,0.623475,0.005928,0.656655,0.280263
0898560808511,0.085295,0.588515,0.005787,0.622216,0.286842
0898560829787,0.084724,0.561738,0.005783,0.588296,0.304825
0898560851064,0.083223,0.545076,0.005698,0.564992,0.308333
089856087234,0.075838,0.52767,0.00517,0.533143,0.337281
0898560893617,0.075027,0.501339,0.00511,0.504402,0.34693
0898560914894,0.042272,0.459238,0.002914,0.467374,0.272807
089856093617,0.076318,0.510265,0.005216,0.445106,0.44693
0898560957447,0.084935,0.527373,0.005667,0.436044,0.466667
0898560978723,0.086946,0.53258,0.005806,0.530813,0.365351
08985610,0.086676,0.52053,0.005777,0.52667,0.432018
0898544700,0.088898,0.493008,0.005893,0.495598,0.469298
089854470021277,0.090038,0.481404,0.005874,0.468669,0.517105
089854470042553,0.089918,0.448974,0.005904,0.517349,0.480702
08985447006383,0.086796,0.394228,0.005737,0.494821,0.475439
089854470085106,0.077909,0.330854,0.005143,0.452356,0.488158
089854470106383,0.061277,0.277596,0.004055,0.413257,0.530263
08985447012766,0.043983,0.228057,0.002904,0.37131,0.574123
089854470148936,0.036838,0.195329,0.002437,0.33739,0.554386
089854470170213,0.034196,0.171526,0.002258,0.310461,0.614912
089854470191489,0.033896,0.162303,0.002229,0.289228,0.630263
089854470212766,0.035037,0.172865,0.002304,0.280684,0.642982
089854470234043,0.042062,0.194139,0.002752,0.28405,0.685526
089854470255319,0.044794,0.223445,0.002921,0.302952,0.69386
089854470276596,0.049898,0.268819,0.003261,0.323149,0.674123
089854470297872,0.055572,0.321928,0.003621,0.313309,0.689474
089854470319149,0.077669,0.40717,0.005079,0.348265,0.699123
089854470340426,0.087847,0.476644,0.005623,0.389177,0.669298
089854470361702,0.089168,0.519488,0.005638,0.415847,0.661842
089854470382979,0.090068,0.560399,0.005642,0.429829,0.636842
089854470404255,0.090068,0.571705,0.005617,0.426981,0.652632
089854470425532,0.09226,0.555043,0.005754,0.416106,0.651754
089854470446809,0.09229,0.542249,0.005733,0.401864,0.672807
089854470468085,0.094212,0.515323,0.00585,0.39073,0.70307
089854470489362,0.09256,0.505504,0.005715,0.380373,0.733772
089854470510638,0.09184,0.491074,0.005663,0.363542,0.729825
089854470531915,0.090068,0.476941,0.005544,0.35448,0.716228
089854470553191,0.090849,0.461321,0.005602,0.366649,0.763596
089854470574468,0.090038,0.447932,0.005357,0.353703,0.825877
089854470595745,0.090038,0.442874,0.005353,0.352149,0.832456
089854470617021,0.087426,0.432312,0.005212,0.345158,0.832456
089854470638298,0.087426,0.442577,0.005206,0.352926,0.858333
089854470659574,0.089618,0.459685,0.005206,0.346453,0.858333
089854470680851,0.089168,0.480958,0.005206,0.341533,0.858333
089854470702128,0.090459,0.535555,0.005465,0.359917,0.796053
089854470723404,0.091089,0.579143,0.005557,0.399534,0.760526
089854470744681,0.097514,0.664088,0.00602,0.467374,0.648246
089854470765957,0.099225,0.692205,0.006282,0.539876,0.498246
089854470787234,0.099195,0.670931,0.006427,0.534438,0.521491
089854470808511,0.097484,0.631508,0.006234,0.501813,0.508333
089854470829787,0.096703,0.593573,0.006134,0.474366,0.575439
089854470851064,0.095352,0.569325,0.006005,0.453651,0.590789
08985447087234,0.093191,0.546564,0.005831,0.425686,0.628947
089854470893617,0.090068,0.515025,0.005625,0.40782,0.659649
089854470914894,0.090038,0.487801,0.005627,0.386328,0.690351
08985447093617,0.090038,0.504612,0.005629,0.375194,0.698684
089854470957447,0.091269,0.499405,0.005756,0.371051,0.675
089854470978723,0.094332,0.491818,0.006032,0.451579,0.557895
0898544710,0.090849,0.451205,0.00585,0.460901,0.57807
0898589100,0.090068,0.420708,0.005802,0.439927,0.587281
089858910021277,0.088687,0.376079,0.005748,0.414552,0.590351
089858910042553,0.089288,0.336209,0.00585,0.469705,0.557456
08985891006383,0.081992,0.298274,0.005345,0.44899,0.576754
089858910085106,0.070223,0.254984,0.004555,0.410668,0.638596
089858910106383,0.044674,0.214371,0.00291,0.371828,0.626754
08985891012766,0.044314,0.184618,0.002904,0.333506,0.59693
089858910148936,0.036478,0.161113,0.002397,0.294666,0.621491
089858910170213,0.024168,0.140583,0.001581,0.268255,0.642544
089858910191489,0.024108,0.139244,0.001583,0.237183,0.652193
089858910212766,0.023718,0.14222,0.001556,0.218281,0.673246
089858910234043,0.024949,0.151592,0.001624,0.207147,0.730263
089858910255319,0.02582,0.177923,0.001672,0.211548,0.780263
089858910276596,0.02627,0.2108,0.001689,0.218022,0.768421
089858910297872,0.030323,0.240702,0.001708,0.181512,0.838158
089858910319149,0.05311,0.309432,0.002248,0.208959,0.838158
089858910340426,0.073256,0.381137,0.003525,0.251942,0.863596
089858910361702,0.081632,0.455222,0.004533,0.279907,0.869298
089858910382979,0.089258,0.529307,0.004132,0.304505,0.876316
089858910404255,0.090068,0.565903,0.005345,0.309166,0.777632
089858910425532,0.090459,0.579441,0.005571,0.304505,0.810526
089858910446809,0.090789,0.576614,0.005575,0.296996,0.804386
089858910468085,0.091209,0.574829,0.005577,0.291559,0.812281
089858910489362,0.090068,0.570217,0.005503,0.290523,0.825439
089858910510638,0.093191,0.567986,0.005685,0.291818,0.832018
089858910531915,0.09265,0.554448,0.00564,0.28638,0.84386
089858910553191,0.09253,0.534365,0.005636,0.288452,0.838596
089858910574468,0.090459,0.512943,0.005521,0.281978,0.860088
089858910595745,0.090068,0.505653,0.005245,0.277059,0.865351
089858910617021,0.090068,0.501934,0.004855,0.267996,0.865351
089858910638298,0.090068,0.50357,0.005087,0.269549,0.846053
089858910659574,0.090068,0.508033,0.004921,0.26463,0.861404
089858910680851,0.090999,0.526927,0.005083,0.27188,0.842105
089858910702128,0.093521,0.572002,0.005544,0.29622,0.775
089858910723404,0.097394,0.610235,0.005945,0.35189,0.782456
089858910744681,0.119941,0.692056,0.007447,0.422838,0.685965
089858910765957,0.130689,0.732966,0.008369,0.506732,0.496491
089858910787234,0.120992,0.723297,0.007877,0.513465,0.527193
089858910808511,0.102288,0.689527,0.006618,0.486018,0.475439
089858910829787,0.096223,0.662898,0.00618,0.468669,0.491228
089858910851064,0.096403,0.638203,0.006186,0.455981,0.482456
08985891087234,0.096463,0.613062,0.006151,0.445365,0.493421
089858910893617,0.094122,0.562184,0.005972,0.407302,0.504386
089858910914894,0.097244,0.513538,0.006194,0.378301,0.548246
08985891093617,0.099766,0.52291,0.006342,0.356551,0.643421
089858910957447,0.095052,0.494496,0.005989,0.348006,0.564912
089858910978723,0.099045,0.475156,0.006369,0.426463,0.44386
0898589110,0.094452,0.437965,0.006086,0.421284,0.489035
0898633200,0.090609,0.402559,0.005922,0.402382,0.490351
089863320021277,0.09172,0.368343,0.006064,0.38115,0.448684
089863320042553,0.090459,0.33859,0.006072,0.441481,0.334649
08986332006383,0.089168,0.305564,0.005976,0.428017,0.414912
089863320085106,0.081002,0.275216,0.005386,0.401088,0.504386
089863320106383,0.069953,0.235793,0.004643,0.365873,0.51886
08986332012766,0.073376,0.213478,0.004865,0.334024,0.604386
089863320148936,0.056023,0.193692,0.003689,0.306318,0.627632
089863320170213,0.047376,0.189676,0.002856,0.291818,0.557456
089863320191489,0.033596,0.191312,0.002208,0.266183,0.655702
089863320212766,0.051129,0.232371,0.003359,0.277059,0.667544
089863320234043,0.05326,0.291729,0.003515,0.302693,0.542544
089863320255319,0.103819,0.399137,0.00693,0.378042,0.572368
089863320276596,0.172121,0.51443,0.011539,0.467374,0.486842
089863320297872,0.077309,0.555043,0.00522,0.515795,0.373684
089863320319149,0.10463,0.634037,0.007017,0.601502,0.307456
089863320340426,0.126966,0.656947,0.00738,0.651735,0.29693
089863320361702,0.108082,0.650104,0.007285,0.655619,0.294298
089863320382979,0.151735,0.695626,0.010284,0.671673,0.371491
089863320404255,0.139156,0.709461,0.009408,0.668048,0.34693
089863320425532,0.138525,0.702618,0.009343,0.660798,0.368421
089863320446809,0.10499,0.671973,0.007067,0.658467,0.312281
089863320468085,0.10583,0.664683,0.007113,0.63827,0.257895
089863320489362,0.138135,0.658137,0.009267,0.628431,0.306579
089863320510638,0.161223,0.644154,0.010822,0.602279,0.320614
089863320531915,0.135853,0.627194,0.009094,0.5971,0.365789
089863320553191,0.128408,0.620946,0.008521,0.612118,0.367544
089863320574468,0.137414,0.6205,0.009136,0.60668,0.387719
089863320595745,0.107812,0.604433,0.007127,0.596323,0.391667
089863320617021,0.106491,0.591639,0.007061,0.593475,0.358333
089863320638298,0.104389,0.588218,0.006899,0.579492,0.415351
089863320659574,0.103759,0.603094,0.00684,0.573537,0.442105
089863320680851,0.097394,0.616632,0.006404,0.583635,0.42807
089863320702128,0.095923,0.654567,0.006338,0.602279,0.370614
089863320723404,0.096433,0.70247,0.00641,0.636199,0.33114
089863320744681,0.114807,0.787414,0.007665,0.685396,0.339035
089863320765957,0.135643,0.807498,0.00908,0.718281,0.274123
089863320787234,0.119161,0.781166,0.00801,0.687209,0.208333
089863320808511,0.100246,0.741595,0.006743,0.64319,0.299561
089863320829787,0.093221,0.701726,0.006207,0.604091,0.375
089863320851064,0.092771,0.673163,0.006174,0.578457,0.432456
08986332087234,0.088327,0.649955,0.00585,0.544278,0.411842
089863320893617,0.064789,0.599673,0.004317,0.507768,0.386842
089863320914894,0.047076,0.550431,0.00317,0.468928,0.428509
08986332093617,0.077669,0.587176,0.00517,0.435785,0.588158
089863320957447,0.075027,0.586581,0.004412,0.416106,0.665789
089863320978723,0.085985,0.577358,0.005694,0.507509,0.545614
0898633210,0.078149,0.559357,0.005154,0.496634,0.610088
0898677300,0.081542,0.546564,0.005336,0.474625,0.627193
089867730021277,0.083163,0.522464,0.00542,0.447178,0.62807
089867730042553,0.080761,0.488843,0.005291,0.496116,0.571491
08986773006383,0.077729,0.434692,0.005089,0.480062,0.625877
089867730085106,0.066681,0.376822,0.00435,0.435267,0.605702
089867730106383,0.034346,0.328771,0.002241,0.394614,0.605702
08986773012766,0.035757,0.278786,0.002335,0.354997,0.640351
089867730148936,0.02693,0.246206,0.001764,0.317193,0.605263
089867730170213,0.029092,0.230735,0.001903,0.304247,0.651316
089867730191489,0.027831,0.22895,0.001813,0.290782,0.700877
089867730212766,0.034856,0.253496,0.002268,0.3058,0.667105
089867730234043,0.037258,0.306308,0.002364,0.329622,0.662719
089867730255319,0.057584,0.410295,0.003484,0.414811,0.623246
089867730276596,0.086165,0.520232,0.005694,0.509322,0.549561
089867730297872,0.058184,0.549241,0.003895,0.554117,0.427193
089867730319149,0.090969,0.603838,0.006111,0.62377,0.409211
089867730340426,0.096013,0.614252,0.006444,0.66261,0.392105
089867730361702,0.093311,0.602202,0.006284,0.674521,0.366667
089867730382979,0.096043,0.628236,0.006452,0.669601,0.386404
089867730404255,0.096223,0.64579,0.006325,0.656137,0.436404
089867730425532,0.094332,0.646831,0.005904,0.626359,0.484211
089867730446809,0.087517,0.620946,0.005096,0.626359,0.461404
089867730468085,0.089168,0.603243,0.005872,0.618332,0.465351
089867730489362,0.090429,0.596251,0.005035,0.602796,0.458772
089867730510638,0.090909,0.584499,0.005781,0.586225,0.478947
089867730531915,0.09205,0.579292,0.005802,0.580528,0.499561
089867730553191,0.089858,0.554002,0.005868,0.592957,0.497368
089867730574468,0.087426,0.540464,0.005758,0.589073,0.527632
089867730595745,0.089168,0.54939,0.005839,0.578457,0.527193
089867730617021,0.080311,0.537043,0.005274,0.567323,0.512719
089867730638298,0.057704,0.525439,0.003783,0.557483,0.556579
089867730659574,0.087937,0.53734,0.005779,0.553858,0.536404
089867730680851,0.058184,0.538381,0.003833,0.552563,0.476754
089867730702128,0.083463,0.578548,0.005498,0.571983,0.468421
089867730723404,0.059625,0.619756,0.003949,0.604091,0.529825
089867730744681,0.09208,0.719726,0.006093,0.655878,0.434211
089867730765957,0.096373,0.763017,0.006342,0.700155,0.392982
089867730787234,0.097514,0.754091,0.006369,0.674003,0.382895
089867730808511,0.09166,0.718536,0.006036,0.636717,0.415351
089867730829787,0.09193,0.690866,0.006078,0.61419,0.425
089867730851064,0.087126,0.667956,0.005762,0.582082,0.474561
08986773087234,0.081752,0.645492,0.005405,0.555671,0.455263
089867730893617,0.055032,0.600268,0.003635,0.523304,0.453947
089867730914894,0.083283,0.55058,0.005532,0.49508,0.502193
08986773093617,0.089738,0.58673,0.005858,0.463231,0.572368
089867730957447,0.088297,0.584052,0.005667,0.436044,0.570175
089867730978723,0.090068,0.577358,0.005864,0.527706,0.42807
0898677310,0.089258,0.562184,0.005858,0.514759,0.490789
0898721400,0.087336,0.547456,0.005679,0.49275,0.504386
089872140021277,0.085445,0.523207,0.005571,0.450026,0.512281
089872140042553,0.087847,0.489586,0.005773,0.513465,0.465789
08987214006383,0.085925,0.434097,0.005634,0.491455,0.52193
089872140085106,0.084724,0.378905,0.005555,0.457017,0.597368
089872140106383,0.067311,0.326391,0.004395,0.416365,0.636842
08987214012766,0.044164,0.280422,0.002719,0.379078,0.658772
089872140148936,0.037198,0.244124,0.00242,0.348524,0.688596
089872140170213,0.055632,0.224189,0.003606,0.332211,0.704825
089872140191489,0.06575,0.223892,0.00424,0.328327,0.747807
089872140212766,0.050048,0.250223,0.003243,0.329363,0.714474
089872140234043,0.058094,0.305713,0.003797,0.355515,0.646053
089872140255319,0.089258,0.414014,0.005866,0.443035,0.580702
089872140276596,0.088958,0.520976,0.00591,0.526411,0.487281
089872140297872,0.05239,0.537638,0.003542,0.566287,0.365351
089872140319149,0.090429,0.603094,0.006103,0.649663,0.312719
089872140340426,0.095983,0.602202,0.006493,0.679182,0.247368
089872140361702,0.093881,0.588813,0.006358,0.682289,0.287719
089872140382979,0.096764,0.622434,0.006537,0.697825,0.289912
089872140404255,0.096223,0.633442,0.006448,0.687209,0.299561
089872140425532,0.096223,0.622285,0.006396,0.674521,0.323246
089872140446809,0.091239,0.606962,0.00607,0.658726,0.332456
089872140468085,0.090068,0.590896,0.005955,0.648628,0.337281
089872140489362,0.09145,0.584499,0.006047,0.641895,0.355702
089872140510638,0.09169,0.574234,0.005991,0.617297,0.39386
089872140531915,0.090459,0.562481,0.005914,0.606163,0.413158
089872140553191,0.090849,0.562481,0.005937,0.619627,0.434211
089872140574468,0.090068,0.558316,0.005883,0.600984,0.442105
089872140595745,0.088537,0.55058,0.005336,0.58001,0.468421
089872140617021,0.07854,0.538679,0.004815,0.56784,0.468421
089872140638298,0.080041,0.542101,0.00517,0.554117,0.522368
089872140659574,0.087426,0.560547,0.005052,0.549197,0.529386
089872140680851,0.088597,0.582267,0.005766,0.549974,0.564912
089872140702128,0.089198,0.625558,0.005798,0.562921,0.527632
089872140723404,0.086886,0.671973,0.005719,0.592439,0.504386
089872140744681,0.091209,0.753942,0.005989,0.659503,0.451754
089872140765957,0.093071,0.780571,0.006076,0.707405,0.404386
089872140787234,0.09229,0.762422,0.006051,0.694718,0.442982
089872140808511,0.075808,0.726272,0.005006,0.65769,0.46886
089872140829787,0.074877,0.694436,0.004931,0.63102,0.527632
089872140851064,0.056503,0.663344,0.003683,0.599171,0.500877
08987214087234,0.054161,0.633889,0.003517,0.576903,0.537281
089872140893617,0.05239,0.58911,0.003407,0.55101,0.555263
089872140914894,0.055542,0.532728,0.002966,0.515277,0.562281
08987214093617,0.084905,0.564267,0.004383,0.4855,0.662719
089872140957447,0.084724,0.560399,0.001668,0.44666,0.640789
089872140978723,0.086496,0.562928,0.005226,0.539099,0.595614
0898721410,0.084844,0.555489,0.004823,0.524858,0.61886
0898766500,0.084724,0.543439,0.003612,0.498705,0.61886
089876650021277,0.084724,0.520232,0.002935,0.474625,0.61886
089876650042553,0.083644,0.482148,0.005486,0.528483,0.544737
08987665006383,0.069083,0.433948,0.004429,0.507509,0.618421
089876650085106,0.055392,0.369087,0.002715,0.464008,0.654386
089876650106383,0.036568,0.313151,0.002366,0.421543,0.673246
08987665012766,0.036268,0.279381,0.002339,0.382444,0.740789
089876650148936,0.029482,0.246504,0.001894,0.354738,0.742105
089876650170213,0.032815,0.231776,0.001992,0.342828,0.764474
089876650191489,0.041672,0.224487,0.00194,0.319006,0.772368
089876650212766,0.050829,0.252455,0.002071,0.33014,0.750439
089876650234043,0.046265,0.306456,0.001919,0.357069,0.706579
089876650255319,0.077909,0.419072,0.005127,0.438115,0.662281
089876650276596,0.084844,0.526331,0.005534,0.530813,0.614035
089876650297872,0.051249,0.552217,0.003132,0.573796,0.535526
089876650319149,0.059986,0.612913,0.004001,0.643708,0.473246
089876650340426,0.072565,0.612467,0.00485,0.680218,0.410088
089876650361702,0.054311,0.595359,0.003635,0.677369,0.37807
089876650382979,0.082503,0.626897,0.005498,0.678923,0.449123
089876650404255,0.068362,0.627492,0.00453,0.666753,0.439474
089876650425532,0.055212,0.607855,0.003635,0.639047,0.433772
089876650446809,0.059655,0.580333,0.003945,0.631538,0.489912
089876650468085,0.058004,0.562928,0.003803,0.62144,0.545614
089876650489362,0.075297,0.549539,0.004923,0.60668,0.589474
089876650510638,0.072865,0.538381,0.004726,0.587778,0.619737
089876650531915,0.058544,0.517108,0.003787,0.578975,0.564474
089876650553191,0.067071,0.505504,0.004368,0.592698,0.54386
089876650574468,0.058364,0.493603,0.00377,0.595287,0.552632
089876650595745,0.061817,0.493306,0.004013,0.580269,0.565789
089876650617021,0.061697,0.488991,0.003995,0.573278,0.567982
089876650638298,0.056443,0.486165,0.003635,0.567582,0.580702
089876650659574,0.056503,0.500298,0.003635,0.558001,0.632895
089876650680851,0.062057,0.525736,0.004019,0.557224,0.657895
089876650702128,0.058575,0.561291,0.003781,0.563698,0.600877
089876650723404,0.058364,0.614252,0.003824,0.595287,0.577193
089876650744681,0.088717,0.701428,0.005854,0.645262,0.535526
089876650765957,0.091269,0.73133,0.00597,0.688244,0.52807
089876650787234,0.089378,0.720619,0.00585,0.668566,0.575
089876650808511,0.06623,0.687147,0.004354,0.63827,0.519737
089876650829787,0.064309,0.659625,0.004221,0.60202,0.498684
089876650851064,0.054762,0.632847,0.003587,0.573796,0.481579
08987665087234,0.05323,0.610533,0.003484,0.541429,0.554386
089876650893617,0.05239,0.566201,0.003288,0.519161,0.575
089876650914894,0.045695,0.519935,0.00297,0.482393,0.532895
08987665093617,0.069293,0.560994,0.003631,0.459347,0.694298
089876650957447,0.054882,0.559506,0.003413,0.44407,0.640789
089876650978723,0.074847,0.555192,0.004896,0.531849,0.621053
0898766510,0.068962,0.546415,0.004325,0.517607,0.649123
089881600,0.056203,0.52767,0.003635,0.4855,0.649123
08988160021277,0.056263,0.506099,0.003635,0.448213,0.635088
08988160042553,0.062598,0.471735,0.004067,0.493527,0.59693
0898816006383,0.055572,0.413716,0.0034,0.470482,0.645175
08988160085106,0.047496,0.358078,0.003029,0.428534,0.630702
08988160106383,0.044314,0.306903,0.002881,0.375712,0.684649
0898816012766,0.027051,0.25781,0.001743,0.347747,0.754825
08988160148936,0.025249,0.227908,0.001626,0.300363,0.707895
08988160170213,0.02612,0.213776,0.001689,0.272139,0.748684
08988160191489,0.02687,0.212734,0.001732,0.275764,0.745175
08988160212766,0.041702,0.235942,0.002127,0.287157,0.750439
08988160234043,0.046986,0.288605,0.00264,0.304505,0.750439
08988160255319,0.072985,0.391848,0.004495,0.39073,0.684211
08988160276596,0.084724,0.483487,0.0044,0.474625,0.634211
08988160297872,0.049868,0.506843,0.003292,0.516831,0.527193
08988160319149,0.053951,0.563523,0.003569,0.588296,0.454825
08988160340426,0.054732,0.577507,0.003635,0.620922,0.410526
08988160361702,0.055572,0.569473,0.003687,0.632833,0.444298
08988160382979,0.082172,0.598036,0.005436,0.633868,0.569298
08988160404255,0.072295,0.60235,0.00473,0.626359,0.496053
08988160425532,0.057644,0.580184,0.003793,0.612895,0.490351
08988160446809,0.054972,0.551473,0.003635,0.612118,0.444737
08988160468085,0.059085,0.534514,0.003899,0.608493,0.50307
08988160489362,0.058605,0.525588,0.003845,0.600725,0.539912
08988160510638,0.064099,0.515174,0.004192,0.590109,0.493421
08988160531915,0.055752,0.50119,0.003635,0.581823,0.492982
08988160553191,0.056563,0.495835,0.003706,0.600466,0.465789
08988160574468,0.079921,0.480214,0.005264,0.586743,0.492982
08988160595745,0.060946,0.473669,0.004005,0.57535,0.53114
08988160617021,0.055362,0.461619,0.003635,0.562921,0.44693
08988160638298,0.055392,0.455519,0.003623,0.549974,0.49693
08988160659574,0.055842,0.471437,0.003635,0.539358,0.558772
08988160680851,0.056833,0.487652,0.003706,0.535474,0.595614
08988160702128,0.056323,0.522166,0.003687,0.554117,0.55
08988160723404,0.053351,0.554299,0.003525,0.573537,0.419737
08988160744681,0.056443,0.603838,0.003791,0.603314,0.449123
08988160765957,0.061156,0.612467,0.00413,0.630502,0.381579
08988160787234,0.053741,0.594615,0.003635,0.613931,0.323246
08988160808511,0.05239,0.562035,0.003529,0.568617,0.399123
08988160829787,0.05239,0.532282,0.003546,0.539617,0.395614
08988160851064,0.05239,0.509967,0.003579,0.513982,0.391228
0898816087234,0.049117,0.484975,0.003351,0.477214,0.427193
08988160893617,0.045935,0.455073,0.003122,0.445106,0.410088
08988160914894,0.04002,0.416245,0.002736,0.406007,0.339474
0898816093617,0.05296,0.471437,0.00361,0.389694,0.521053
08988160957447,0.05296,0.493901,0.003521,0.395132,0.523684
08988160978723,0.077639,0.498661,0.005197,0.494562,0.481579
089881610,0.086316,0.494049,0.005764,0.491973,0.511842
0898854700,0.07848,0.464743,0.005201,0.435785,0.561842
089885470021277,0.064459,0.454775,0.004204,0.402382,0.615351
089885470042553,0.074036,0.420262,0.004869,0.43449,0.530702
08988547006383,0.054642,0.363434,0.003592,0.409632,0.520175
089885470085106,0.049778,0.312258,0.00327,0.372087,0.536842
089885470106383,0.044704,0.254835,0.002973,0.329104,0.506579
08988547012766,0.034406,0.207528,0.002281,0.281201,0.521053
089885470148936,0.028372,0.173609,0.001878,0.250129,0.552632
089885470170213,0.024108,0.151889,0.001606,0.214656,0.520175
089885470191489,0.027531,0.14341,0.00184,0.20145,0.517544
089885470212766,0.025039,0.147278,0.001666,0.197825,0.544737
089885470234043,0.02624,0.154716,0.001739,0.205593,0.570175
089885470255319,0.03894,0.184023,0.002574,0.230451,0.636842
089885470276596,0.044404,0.217495,0.002916,0.256603,0.667544
089885470297872,0.057314,0.274174,0.003747,0.251942,0.738596
089885470319149,0.075688,0.351681,0.004923,0.296479,0.682895
089885470340426,0.079651,0.421303,0.00516,0.334283,0.709211
089885470361702,0.086105,0.470098,0.005492,0.366132,0.686842
089885470382979,0.089618,0.519488,0.005694,0.397462,0.700439
089885470404255,0.090068,0.546415,0.005683,0.389953,0.741228
089885470425532,0.090849,0.550134,0.005694,0.392284,0.742982
089885470446809,0.09244,0.541506,0.005787,0.381409,0.742982
089885470468085,0.09244,0.522166,0.005781,0.375453,0.766667
089885470489362,0.092981,0.512348,0.005808,0.363801,0.74693
089885470510638,0.094872,0.507587,0.005922,0.369757,0.750877
089885470531915,0.09244,0.498215,0.005775,0.358364,0.809211
089885470553191,0.090849,0.472627,0.005683,0.370274,0.80307
089885470574468,0.086976,0.436477,0.005449,0.358364,0.832018
089885470595745,0.072625,0.40598,0.004582,0.358364,0.780702
089885470617021,0.069052,0.38679,0.004377,0.355515,0.771053
089885470638298,0.06563,0.375335,0.00415,0.346712,0.730263
089885470659574,0.062057,0.369087,0.003909,0.349042,0.715351
089885470680851,0.069563,0.39036,0.00441,0.363024,0.773684
089885470702128,0.076738,0.416096,0.004877,0.381926,0.760526
089885470723404,0.066591,0.433502,0.004254,0.392802,0.748246
089885470744681,0.084514,0.529902,0.005399,0.449249,0.664474
089885470765957,0.091269,0.577507,0.005839,0.504661,0.55
089885470787234,0.091119,0.570663,0.005879,0.513206,0.593421
089885470808511,0.088597,0.527522,0.005727,0.496375,0.639912
089885470829787,0.087426,0.487206,0.005648,0.46116,0.655702
089885470851064,0.087727,0.46385,0.005619,0.446401,0.662719
08988547087234,0.081812,0.450759,0.005239,0.431383,0.668421
089885470893617,0.071064,0.42294,0.004562,0.401346,0.686404
089885470914894,0.072655,0.399137,0.00467,0.384775,0.671491
08988547093617,0.065029,0.420857,0.004194,0.371828,0.7
089885470957447,0.068572,0.423832,0.004425,0.376748,0.660088
089885470978723,0.089288,0.429783,0.005825,0.470741,0.531579
0898854710,0.083013,0.403154,0.005447,0.473071,0.577632
0898898100,0.088777,0.375781,0.00581,0.455722,0.602632
089889810021277,0.069173,0.3313,0.004522,0.428017,0.575877
089889810042553,0.075868,0.30482,0.004998,0.482393,0.500439
08988981006383,0.061667,0.261083,0.004057,0.457276,0.547368
089889810085106,0.050168,0.221809,0.003301,0.414293,0.553947
089889810106383,0.044284,0.188188,0.00291,0.367685,0.594298
08988981012766,0.043803,0.155757,0.002879,0.333247,0.552632
089889810148936,0.043413,0.136864,0.002856,0.29622,0.565789
089889810170213,0.02624,0.119161,0.001724,0.259192,0.592982
089889810191489,0.023208,0.115293,0.001527,0.232004,0.597807
089889810212766,0.025189,0.120351,0.001651,0.217245,0.641667
089889810234043,0.025099,0.128533,0.001645,0.207923,0.630263
089889810255319,0.035847,0.154567,0.002339,0.208182,0.691667
089889810276596,0.031044,0.180006,0.002015,0.214397,0.702193
089889810297872,0.029272,0.211395,0.001894,0.180218,0.771491
089889810319149,0.060526,0.273431,0.002522,0.201709,0.693421
089889810340426,0.061997,0.340077,0.003949,0.239513,0.848684
089889810361702,0.05311,0.391848,0.003328,0.282237,0.740789
089889810382979,0.055902,0.439155,0.003484,0.297773,0.743421
089889810404255,0.056113,0.461619,0.003467,0.308907,0.769298
089889810425532,0.055482,0.45418,0.003388,0.31564,0.760088
089889810446809,0.0532,0.442874,0.003288,0.316934,0.739912
089889810468085,0.053981,0.425766,0.003338,0.317711,0.740351
089889810489362,0.05239,0.403303,0.003253,0.305282,0.797807
089889810510638,0.05239,0.384558,0.003261,0.317193,0.752632
089889810531915,0.05239,0.354805,0.003286,0.309684,0.758333
089889810553191,0.05239,0.329961,0.003301,0.325738,0.729825
089889810574468,0.05239,0.308688,0.003311,0.310979,0.772807
089889810595745,0.051519,0.300506,0.003257,0.304505,0.774561
089889810617021,0.046265,0.293068,0.002937,0.2913,0.759649
089889810638298,0.048187,0.283547,0.003074,0.295961,0.755702
089889810659574,0.049267,0.289795,0.003137,0.313568,0.742105
089889810680851,0.05239,0.298274,0.003324,0.313568,0.747368
089889810702128,0.05239,0.326837,0.003332,0.345158,0.637719
089889810723404,0.05317,0.372211,0.003398,0.382703,0.611842
089889810744681,0.071664,0.495835,0.004578,0.441222,0.666228
089889810765957,0.088387,0.585838,0.005615,0.510875,0.598246
089889810787234,0.088387,0.600565,0.005648,0.520715,0.621491
089889810808511,0.087426,0.582565,0.005565,0.491196,0.682018
089889810829787,0.086346,0.563076,0.005505,0.479026,0.662719
089889810851064,0.087036,0.549241,0.005542,0.469964,0.681579
08988981087234,0.083253,0.543439,0.00526,0.450544,0.736842
089889810893617,0.068482,0.497471,0.004323,0.418954,0.716667
089889810914894,0.062598,0.46028,0.003936,0.382185,0.707456
08988981093617,0.058124,0.473222,0.003635,0.368462,0.75
089889810957447,0.058244,0.463999,0.003619,0.364319,0.675
089889810978723,0.070734,0.453734,0.004491,0.442776,0.632895
0898898110,0.055482,0.421601,0.003529,0.432936,0.585088
0898943200,0.051429,0.390062,0.003319,0.417918,0.595175
089894320021277,0.048427,0.351681,0.00318,0.406784,0.584211
089894320042553,0.05239,0.331003,0.003459,0.467892,0.466667
08989432006383,0.05305,0.293663,0.003484,0.450026,0.489912
089894320085106,0.05239,0.263612,0.003438,0.41999,0.540789
089894320106383,0.047706,0.236686,0.003128,0.390471,0.589474
08989432012766,0.045965,0.208569,0.003008,0.349819,0.662719
089894320148936,0.044584,0.193395,0.002896,0.325738,0.643421
089894320170213,0.044704,0.184618,0.002894,0.304505,0.645175
089894320191489,0.034947,0.190866,0.002268,0.294407,0.653509
089894320212766,0.049868,0.224933,0.003245,0.307095,0.661842
089894320234043,0.05209,0.282059,0.003384,0.340497,0.631579
089894320255319,0.091359,0.397501,0.006012,0.428534,0.550439
089894320276596,0.116819,0.517703,0.007698,0.513465,0.52193
089894320297872,0.064819,0.539869,0.004271,0.54117,0.451754
089894320319149,0.095593,0.604731,0.006361,0.614966,0.344737
089894320340426,0.098715,0.624814,0.006545,0.661056,0.342105
089894320361702,0.096223,0.617525,0.006385,0.666235,0.347807
089894320382979,0.099796,0.642368,0.006635,0.667789,0.375439
089894320404255,0.097784,0.6446,0.006462,0.647592,0.404386
089894320425532,0.096223,0.623029,0.006373,0.630243,0.397368
089894320446809,0.092981,0.599226,0.00618,0.617815,0.430263
089894320468085,0.09205,0.580482,0.006128,0.602796,0.443421
089894320489362,0.089198,0.567391,0.005943,0.598395,0.453509
089894320510638,0.090038,0.562481,0.005935,0.581046,0.478509
089894320531915,0.09232,0.549241,0.00608,0.580269,0.459211
089894320553191,0.089528,0.541506,0.005949,0.5971,0.42807
089894320574468,0.089528,0.531836,0.005945,0.592698,0.469298
089894320595745,0.089798,0.516364,0.005976,0.58985,0.446053
089894320617021,0.088507,0.497025,0.005528,0.577421,0.467544
089894320638298,0.086256,0.484826,0.00386,0.554894,0.463596
089894320659574,0.086646,0.490181,0.003635,0.550233,0.463596
089894320680851,0.069803,0.504463,0.003947,0.542206,0.503947
089894320702128,0.057884,0.53615,0.00386,0.557224,0.44693
089894320723404,0.064819,0.587028,0.004368,0.582859,0.433772
089894320744681,0.09232,0.696519,0.006196,0.638529,0.439912
089894320765957,0.101177,0.764058,0.006722,0.692646,0.422368
089894320787234,0.100817,0.764951,0.006678,0.682807,0.439035
089894320808511,0.095803,0.731181,0.0063,0.646038,0.464474
089894320829787,0.094962,0.706784,0.006232,0.622216,0.47807
089894320851064,0.095382,0.68313,0.006267,0.588814,0.544298
08989432087234,0.094152,0.657989,0.006199,0.574573,0.516667
089894320893617,0.075117,0.602797,0.004965,0.54117,0.529825
089894320914894,0.053921,0.56144,0.003567,0.508804,0.424561
08989432093617,0.092831,0.587325,0.006101,0.47566,0.665789
089894320957447,0.082112,0.58197,0.005359,0.459089,0.617982
089894320978723,0.098655,0.577358,0.006535,0.551528,0.517982
0898943210,0.090579,0.569176,0.005935,0.53159,0.630702
0898987300,0.091359,0.555341,0.005966,0.512429,0.648684
089898730021277,0.087486,0.540315,0.005661,0.480321,0.707456
089898730042553,0.100667,0.510414,0.006579,0.542724,0.573684
08989873006383,0.083824,0.45418,0.005461,0.516054,0.608772
089898730085106,0.073496,0.399881,0.004747,0.479026,0.634211
089898730106383,0.057644,0.345879,0.003722,0.432418,0.595175
08989873012766,0.054792,0.299762,0.003544,0.400052,0.620614
089898730148936,0.05239,0.26629,0.003384,0.360435,0.675439
089898730170213,0.046776,0.242339,0.003022,0.350337,0.688596
089898730191489,0.045455,0.245463,0.002939,0.328586,0.723246
089898730212766,0.051939,0.272687,0.003351,0.342828,0.687719
089898730234043,0.057073,0.329366,0.003668,0.369498,0.719298
089898730255319,0.113366,0.448825,0.007318,0.45391,0.673684
089898730276596,0.658791,0.56263,0.014175,0.542724,0.510526
089898730297872,0.089198,0.590598,0.004954,0.577162,0.482018
089898730319149,0.095593,0.650253,0.006342,0.645003,0.421053
089898730340426,0.096223,0.663493,0.006388,0.688244,0.389474
089898730361702,0.096283,0.64222,0.006394,0.694718,0.369737
089898730382979,0.099346,0.661113,0.006639,0.70145,0.367982
089898730404255,0.096373,0.65546,0.006429,0.68436,0.425
089898730425532,0.096223,0.626748,0.0064,0.676075,0.437281
089898730446809,0.093761,0.601458,0.006242,0.661833,0.449123
089898730468085,0.087276,0.58078,0.005798,0.652512,0.504825
089898730489362,0.130659,0.567093,0.008685,0.649404,0.465789
089898730510638,0.106041,0.554894,0.006236,0.639047,0.491667
089898730531915,0.087577,0.539572,0.004936,0.637752,0.491667
089898730553191,0.082533,0.52648,0.005471,0.664423,0.451316
089898730574468,0.090008,0.527224,0.005964,0.665717,0.465351
089898730595745,0.083854,0.518149,0.005552,0.653806,0.435526
089898730617021,0.051249,0.49643,0.003405,0.633868,0.392105
089898730638298,0.044824,0.488843,0.002975,0.627395,0.417544
089898730659574,0.05287,0.50476,0.003519,0.616002,0.462281
089898730680851,0.064339,0.531092,0.003833,0.618332,0.485088
089898730702128,0.081302,0.566052,0.005268,0.636717,0.481579
089898730723404,0.076979,0.623326,0.005164,0.671673,0.456579
089898730744681,0.094602,0.726421,0.006325,0.707664,0.45614
089898730765957,0.096884,0.770158,0.006396,0.744951,0.422368
089898730787234,0.095082,0.759149,0.006267,0.722683,0.477632
089898730808511,0.093071,0.707825,0.006182,0.686173,0.49693
089898730829787,0.091209,0.6928,0.006074,0.649922,0.540789
089898730851064,0.090038,0.673312,0.006005,0.617556,0.508333
08989873087234,0.087456,0.647724,0.005804,0.588555,0.562281
089898730893617,0.076588,0.601458,0.005062,0.547903,0.554825
089898730914894,0.05254,0.5482,0.003523,0.514241,0.513596
08989873093617,0.073136,0.576912,0.004809,0.476178,0.70614
089898730957447,0.068632,0.568283,0.004456,0.456499,0.644737
089898730978723,0.089138,0.562779,0.00586,0.532108,0.587719
0898987310,0.080821,0.556977,0.005307,0.522786,0.638158
0899031400,0.074066,0.539125,0.004867,0.506473,0.642544
089903140021277,0.057674,0.522612,0.00376,0.474107,0.641228
089903140042553,0.072145,0.495537,0.004732,0.532367,0.570175
08990314006383,0.070524,0.44213,0.00463,0.513465,0.584649
089903140085106,0.06578,0.384558,0.004298,0.475401,0.582895
089903140106383,0.060196,0.332193,0.003909,0.430865,0.616228
08990314012766,0.050709,0.27834,0.003278,0.387882,0.669737
089903140148936,0.049958,0.245463,0.003236,0.371051,0.632895
089903140170213,0.040411,0.225677,0.002651,0.338944,0.601316
089903140191489,0.035577,0.223297,0.002345,0.328586,0.590789
089903140212766,0.047286,0.254091,0.003099,0.34231,0.67807
089903140234043,0.050228,0.303332,0.003288,0.377007,0.623246
089903140255319,0.062117,0.420411,0.004096,0.460383,0.598246
089903140276596,0.085925,0.533175,0.005652,0.556706,0.451754
089903140297872,0.058605,0.560845,0.003791,0.590886,0.469737
089903140319149,0.095172,0.627938,0.006304,0.654583,0.439912
089903140340426,0.097124,0.635971,0.006371,0.690057,0.43114
089903140361702,0.095833,0.623029,0.006313,0.691093,0.421491
089903140382979,0.095893,0.651592,0.006309,0.690057,0.458772
089903140404255,0.094962,0.654567,0.006223,0.664423,0.486404
089903140425532,0.093941,0.633442,0.006159,0.646556,0.490351
089903140446809,0.085025,0.611574,0.005206,0.632833,0.479386
089903140468085,0.088417,0.58435,0.005866,0.617815,0.383772
089903140489362,0.088387,0.561291,0.005883,0.593216,0.492982
089903140510638,0.090068,0.570217,0.005879,0.580269,0.485088
089903140531915,0.090849,0.563672,0.005879,0.559814,0.483772
089903140553191,0.094902,0.551473,0.00625,0.573537,0.482895
089903140574468,0.095352,0.547754,0.005814,0.578457,0.472807
089903140595745,0.094362,0.539572,0.005814,0.564992,0.468421
089903140617021,0.095953,0.528563,0.00625,0.550233,0.46886
089903140638298,0.096223,0.519488,0.00625,0.542983,0.482018
089903140659574,0.093551,0.534365,0.006095,0.543242,0.609211
089903140680851,0.083794,0.562333,0.005432,0.549456,0.682456
089903140702128,0.068332,0.594912,0.004468,0.555412,0.566228
089903140723404,0.061967,0.646236,0.00409,0.561367,0.595614
089903140744681,0.089228,0.746504,0.005312,0.546608,0.63114
089903140765957,0.095232,0.793365,0.006246,0.677628,0.482018
089903140787234,0.094782,0.783249,0.006215,0.679959,0.497368
089903140808511,0.085445,0.745016,0.005661,0.639047,0.562281
089903140829787,0.081242,0.717495,0.005384,0.616002,0.57193
089903140851064,0.082653,0.695775,0.005492,0.586484,0.528947
08990314087234,0.066771,0.664981,0.004447,0.566546,0.448684
089903140893617,0.05323,0.6205,0.003533,0.528483,0.49386
089903140914894,0.046986,0.564267,0.003162,0.506732,0.502193
08990314093617,0.071845,0.586879,0.004763,0.479285,0.657456
089903140957447,0.053351,0.580631,0.003513,0.458312,0.551316
089903140978723,0.075357,0.570663,0.005035,0.532108,0.543421
0899031410,0.064939,0.565457,0.004319,0.53392,0.525877
0899075500,0.056413,0.543737,0.003727,0.500518,0.570175
089907550021277,0.054431,0.524695,0.003569,0.469446,0.592105
089907550042553,0.060196,0.493603,0.00398,0.523563,0.506579
08990755006383,0.068242,0.439304,0.004493,0.504402,0.562281
089907550085106,0.064639,0.38679,0.004254,0.458053,0.537281
089907550106383,0.05287,0.331747,0.003469,0.416882,0.568421
08990755012766,0.049778,0.285629,0.003261,0.379337,0.589474
089907550148936,0.044314,0.252901,0.002923,0.352408,0.569737
089907550170213,0.043323,0.234157,0.002856,0.330399,0.635088
089907550191489,0.031554,0.235644,0.002021,0.314345,0.657456
089907550212766,0.049628,0.259447,0.003241,0.335318,0.680702
089907550234043,0.049147,0.319399,0.003209,0.367167,0.632018
089907550255319,0.067041,0.431419,0.004418,0.457276,0.600439
089907550276596,0.06533,0.538084,0.004344,0.545313,0.545175
089907550297872,0.05299,0.564415,0.003556,0.588555,0.492982
089907550319149,0.084364,0.629723,0.005638,0.668048,0.464035
089907550340426,0.094812,0.641476,0.006309,0.700155,0.456579
089907550361702,0.096854,0.62645,0.006466,0.696012,0.434649
089907550382979,0.096223,0.653526,0.006425,0.683325,0.460965
089907550404255,0.096553,0.667658,0.006421,0.667012,0.487281
089907550425532,0.089708,0.636269,0.005941,0.647851,0.495175
089907550446809,0.064549,0.607855,0.004294,0.626359,0.516667
089907550468085,0.089198,0.605326,0.005874,0.616002,0.535526
089907550489362,0.086586,0.59283,0.005688,0.601761,0.557895
089907550510638,0.078119,0.578399,0.005112,0.573278,0.575
089907550531915,0.068872,0.560547,0.00451,0.566287,0.548684
089907550553191,0.082353,0.546861,0.005388,0.596064,0.564035
089907550574468,0.080101,0.539423,0.005243,0.593993,0.567105
089907550595745,0.076558,0.526629,0.005006,0.576385,0.6
089907550617021,0.076678,0.51562,0.005004,0.569135,0.575
089907550638298,0.059505,0.512943,0.003884,0.554635,0.599561
089907550659574,0.081812,0.529604,0.005324,0.551787,0.611404
089907550680851,0.085025,0.546415,0.005517,0.542983,0.644737
089907550702128,0.062688,0.576019,0.004071,0.555671,0.639912
089907550723404,0.06623,0.623773,0.00436,0.57043,0.591228
089907550744681,0.086376,0.712288,0.005681,0.616779,0.606579
089907550765957,0.097964,0.767926,0.006483,0.681512,0.464035
089907550787234,0.127627,0.764505,0.008521,0.685914,0.48114
089907550808511,0.112495,0.738471,0.007536,0.662092,0.477632
089907550829787,0.089918,0.712883,0.00598,0.635681,0.470175
089907550851064,0.090969,0.68551,0.006072,0.60927,0.516228
08990755087234,0.080521,0.658584,0.005388,0.585966,0.453509
089907550893617,0.054221,0.611128,0.003635,0.552046,0.409211
089907550914894,0.05239,0.557721,0.003529,0.51709,0.46886
08990755093617,0.088417,0.596697,0.005906,0.498187,0.632018
089907550957447,0.088537,0.593573,0.005796,0.474107,0.538158
089907550978723,0.093641,0.586433,0.006242,0.563956,0.525
0899075510,0.089288,0.568878,0.005879,0.540394,0.523246
089912600,0.088417,0.543439,0.00582,0.5145,0.553509
08991260021277,0.086946,0.522166,0.005706,0.47566,0.563596
08991260042553,0.090489,0.489438,0.006026,0.537286,0.481579
0899126006383,0.086226,0.435287,0.005692,0.50233,0.560088
08991260085106,0.086045,0.380839,0.005702,0.472035,0.55614
08991260106383,0.077849,0.334871,0.005137,0.427758,0.596491
0899126012766,0.059025,0.281315,0.004003,0.391766,0.607895
08991260148936,0.043713,0.252603,0.002881,0.354221,0.617105
08991260170213,0.045515,0.231776,0.002987,0.33972,0.652632
08991260191489,0.045965,0.231925,0.003016,0.328586,0.654825
08991260212766,0.071004,0.261678,0.004674,0.33972,0.63114
08991260234043,0.080972,0.312853,0.005361,0.366908,0.582018
08991260255319,0.090549,0.422196,0.005976,0.452097,0.490789
08991260276596,0.099225,0.525885,0.006685,0.542465,0.483333
08991260297872,0.086105,0.543737,0.005791,0.570171,0.455263
08991260319149,0.09172,0.600417,0.00624,0.636976,0.375877
08991260340426,0.096523,0.605326,0.006558,0.663387,0.323246
08991260361702,0.0916,0.592978,0.006211,0.662351,0.386842
08991260382979,0.091119,0.621244,0.00618,0.659503,0.385965
08991260404255,0.09169,0.628831,0.006182,0.634386,0.458333
08991260425532,0.085775,0.60235,0.005758,0.613154,0.462719
08991260446809,0.063378,0.578548,0.004258,0.592698,0.436404
08991260468085,0.082263,0.564118,0.005474,0.584671,0.50307
08991260489362,0.07881,0.548795,0.00522,0.562921,0.532895
08991260510638,0.061217,0.529307,0.004051,0.557483,0.524561
08991260531915,0.080911,0.516067,0.005353,0.542206,0.523246
08991260553191,0.061487,0.494198,0.004198,0.544278,0.448684
08991260574468,0.058454,0.480958,0.003903,0.542206,0.425439
08991260595745,0.075657,0.469949,0.005033,0.530036,0.464912
08991260617021,0.071544,0.455668,0.00478,0.516572,0.477632
08991260638298,0.054281,0.453436,0.003635,0.50492,0.47807
08991260659574,0.061757,0.459536,0.00413,0.487571,0.537719
08991260680851,0.074246,0.470991,0.004944,0.486794,0.546053
08991260702128,0.083674,0.489586,0.00554,0.483428,0.563596
08991260723404,0.075057,0.522464,0.005019,0.49767,0.525
08991260744681,0.076979,0.60235,0.005183,0.52175,0.563158
08991260765957,0.084844,0.652038,0.005764,0.584671,0.424123
08991260787234,0.085805,0.648468,0.005806,0.597877,0.382018
08991260808511,0.085085,0.622285,0.005762,0.569135,0.388158
08991260829787,0.084724,0.591491,0.005733,0.55101,0.383333
08991260851064,0.084064,0.573788,0.005708,0.51942,0.418421
0899126087234,0.084724,0.558167,0.005771,0.502848,0.39386
08991260893617,0.081752,0.524844,0.005555,0.459606,0.476754
08991260914894,0.074637,0.485123,0.00506,0.426204,0.483333
0899126093617,0.087396,0.536447,0.005879,0.406266,0.591228
08991260957447,0.085415,0.549093,0.00571,0.409632,0.495614
08991260978723,0.094061,0.550431,0.006373,0.527188,0.410965
089912610,0.094152,0.541506,0.00634,0.517349,0.469298
0899164700,0.094362,0.509223,0.00629,0.479285,0.526754
089916470021277,0.102738,0.501488,0.006803,0.450803,0.544737
089916470042553,0.140717,0.463255,0.009364,0.494562,0.505702
08991647006383,0.086105,0.409253,0.005708,0.464267,0.570175
089916470085106,0.083163,0.356144,0.00549,0.425427,0.568421
089916470106383,0.070013,0.290985,0.004607,0.381926,0.599561
08991647012766,0.063318,0.245314,0.0042,0.343345,0.55
089916470148936,0.050318,0.207528,0.003349,0.310202,0.571491
089916470170213,0.044374,0.182535,0.002902,0.290782,0.682895
089916470191489,0.045665,0.178072,0.002973,0.274987,0.675439
089916470212766,0.046806,0.183428,0.003045,0.269549,0.705702
089916470234043,0.047436,0.195924,0.003074,0.27188,0.7
089916470255319,0.070824,0.235347,0.004614,0.302175,0.688158
089916470276596,0.082052,0.281464,0.005301,0.32522,0.707456
089916470297872,0.084844,0.345582,0.005428,0.314345,0.773246
089916470319149,0.089678,0.42651,0.005696,0.349301,0.705702
089916470340426,0.087937,0.477536,0.005555,0.38348,0.658333
089916470361702,0.089768,0.514877,0.005683,0.407561,0.615789
089916470382979,0.089468,0.546415,0.005671,0.40523,0.632895
089916470404255,0.088117,0.537489,0.005598,0.406784,0.655263
089916470425532,0.085415,0.511752,0.005453,0.389177,0.665351
089916470446809,0.084364,0.478578,0.00539,0.380114,0.681579
089916470468085,0.082202,0.445552,0.005274,0.36406,0.704825
089916470489362,0.082593,0.41922,0.005289,0.357328,0.717544
089916470510638,0.078239,0.401815,0.005023,0.337131,0.677632
089916470531915,0.070584,0.376971,0.004535,0.33014,0.741667
089916470553191,0.073076,0.356293,0.004697,0.332211,0.758333
089916470574468,0.055993,0.333383,0.003585,0.326256,0.714474
089916470595745,0.059535,0.317019,0.003835,0.307613,0.668421
089916470617021,0.05206,0.306754,0.003365,0.292336,0.708772
089916470638298,0.049988,0.301398,0.003234,0.281719,0.711842
089916470659574,0.048307,0.300803,0.003132,0.275246,0.732018
089916470680851,0.050799,0.312556,0.003284,0.279648,0.75307
089916470702128,0.05326,0.338292,0.003438,0.299845,0.690789
089916470723404,0.05326,0.357037,0.003463,0.317711,0.708333
089916470744681,0.078149,0.459238,0.005054,0.3739,0.699561
089916470765957,0.089318,0.560845,0.00569,0.453133,0.579825
089916470787234,0.091149,0.566349,0.005845,0.474625,0.545614
089916470808511,0.088357,0.524546,0.005665,0.454428,0.559649
089916470829787,0.086556,0.499851,0.005563,0.435526,0.565351
089916470851064,0.086346,0.47471,0.005567,0.416624,0.599123
08991647087234,0.084544,0.460577,0.005455,0.391507,0.65614
089916470893617,0.083944,0.443618,0.005405,0.369239,0.682456
089916470914894,0.077849,0.41327,0.005052,0.346453,0.683333
08991647093617,0.077939,0.439453,0.005068,0.345935,0.659649
089916470957447,0.07926,0.440048,0.005143,0.348265,0.634649
089916470978723,0.085865,0.432758,0.005621,0.433972,0.555702
0899164710,0.082953,0.412824,0.00543,0.426463,0.560526
0995575100,0.080911,0.383368,0.005316,0.404454,0.595175
099557510021277,0.080461,0.346474,0.005258,0.371569,0.60614
099557510042553,0.083433,0.312853,0.005471,0.423874,0.564912
09955751006383,0.077369,0.271199,0.005077,0.40057,0.569737
099557510085106,0.069563,0.229991,0.00457,0.353703,0.614035
099557510106383,0.056623,0.194585,0.003714,0.314086,0.621491
09955751012766,0.043173,0.164832,0.002829,0.2768,0.630263
099557510148936,0.041942,0.145939,0.002736,0.248317,0.675877
099557510170213,0.032154,0.131806,0.002083,0.217763,0.714474
099557510191489,0.024078,0.122136,0.001556,0.184878,0.689035
099557510212766,0.029272,0.130021,0.001901,0.174521,0.736404
099557510234043,0.030413,0.139393,0.001967,0.167012,0.736842
099557510255319,0.035607,0.161559,0.002295,0.176075,0.779386
099557510276596,0.031374,0.195031,0.002009,0.185914,0.814035
099557510297872,0.034796,0.234752,0.002113,0.181771,0.852193
099557510319149,0.048337,0.302886,0.003078,0.200932,0.860088
099557510340426,0.06545,0.365516,0.003342,0.222165,0.831579
099557510361702,0.081152,0.406129,0.00376,0.243397,0.809649
099557510382979,0.081902,0.443172,0.003934,0.260228,0.831579
099557510404255,0.083704,0.458494,0.003909,0.273951,0.809649
099557510425532,0.084394,0.441535,0.00343,0.270844,0.765789
099557510446809,0.081902,0.412229,0.002948,0.255308,0.765789
099557510468085,0.079621,0.391848,0.003141,0.267478,0.74386
099557510489362,0.077579,0.364326,0.003139,0.253237,0.765789
099557510510638,0.073706,0.349896,0.004034,0.267478,0.753509
099557510531915,0.073166,0.324606,0.003338,0.250906,0.765789
099557510553191,0.078119,0.302142,0.00302,0.259451,0.72193
099557510574468,0.067641,0.281018,0.002946,0.257897,0.765789
099557510595745,0.056713,0.267926,0.003243,0.249612,0.809649
099557510617021,0.053981,0.254835,0.002937,0.224236,0.787719
099557510638298,0.05263,0.249628,0.002948,0.232781,0.787719
099557510659574,0.069773,0.261678,0.003143,0.274469,0.809649
099557510680851,0.056893,0.273579,0.003405,0.274987,0.809649
099557510702128,0.068332,0.292026,0.004169,0.303211,0.792105
099557510723404,0.057223,0.324011,0.003311,0.314345,0.734649
099557510744681,0.072355,0.431866,0.004271,0.355515,0.675877
099557510765957,0.085625,0.530051,0.005501,0.437856,0.602193
099557510787234,0.087336,0.546117,0.005582,0.467115,0.560088
099557510808511,0.086976,0.524993,0.005573,0.454946,0.588596
099557510829787,0.086045,0.508777,0.005532,0.449508,0.566228
099557510851064,0.086526,0.501339,0.005555,0.433195,0.6
09955751087234,0.085175,0.48557,0.005484,0.414552,0.675
099557510893617,0.078119,0.449866,0.005037,0.38115,0.724123
099557510914894,0.070253,0.412824,0.004314,0.357587,0.727632
09955751093617,0.069113,0.421749,0.004217,0.334283,0.75
099557510957447,0.068362,0.408063,0.00441,0.324961,0.697807
099557510978723,0.081302,0.406427,0.005312,0.401864,0.608333
0995575110,0.069863,0.378756,0.00456,0.406007,0.624561
10200,0.066831,0.359863,0.004375,0.387105,0.590351
1020021277,0.054011,0.331003,0.003577,0.368721,0.590789
1020042553,0.06596,0.306903,0.004416,0.42957,0.498684
102006383,0.053471,0.271943,0.003577,0.413257,0.524123
1020085106,0.054732,0.237578,0.00366,0.385293,0.51886
1020106383,0.050108,0.208866,0.003328,0.34956,0.571053
102012766,0.044043,0.17956,0.002906,0.309166,0.609211
1020148936,0.041762,0.165129,0.002744,0.282496,0.607895
1020170213,0.035277,0.156352,0.002324,0.26204,0.617105
1020191489,0.031554,0.167063,0.002079,0.24262,0.655263
1020212766,0.043113,0.204106,0.002829,0.267737,0.640351
1020234043,0.050228,0.256769,0.003313,0.3058,0.569737
1020255319,0.080071,0.369979,0.005334,0.398239,0.517982
1020276596,0.102078,0.471288,0.006818,0.480839,0.554386
1020297872,0.05305,0.48557,0.003571,0.522009,0.348246
1020319149,0.081632,0.543737,0.005565,0.595805,0.366667
1020340426,0.083764,0.555787,0.005679,0.620922,0.349123
1020361702,0.055152,0.549985,0.003756,0.627395,0.342982
1020382979,0.079771,0.581226,0.005422,0.622216,0.403947
1020404255,0.068272,0.581375,0.004622,0.605645,0.420614
1020425532,0.078119,0.564564,0.005249,0.584412,0.464474
1020446809,0.075027,0.539274,0.005029,0.578716,0.440789
1020468085,0.076108,0.523802,0.005091,0.567064,0.422368
1020489362,0.075027,0.518001,0.005004,0.558001,0.482018
1020510638,0.075027,0.508331,0.005002,0.535474,0.484649
1020531915,0.075027,0.501339,0.004994,0.536251,0.517544
1020553191,0.075027,0.497173,0.005,0.541947,0.486404
1020574468,0.075027,0.487355,0.005019,0.549974,0.417982
1020595745,0.075027,0.480958,0.005012,0.533661,0.473684
1020617021,0.077369,0.46742,0.005199,0.530813,0.407456
1020638298,0.060856,0.463255,0.004076,0.449249,0.514474
1020659574,0.074997,0.469206,0.005052,0.511652,0.464035
1020680851,0.075177,0.478875,0.005044,0.511652,0.453947
1020702128,0.06602,0.491074,0.004489,0.516831,0.395175
1020723404,0.054371,0.521273,0.003745,0.537027,0.335965
1020744681,0.070584,0.595656,0.004869,0.569394,0.375439
1020765957,0.081662,0.645195,0.005594,0.628431,0.349123
1020787234,0.081422,0.635823,0.005582,0.62869,0.277193
1020808511,0.074787,0.600714,0.005135,0.597359,0.320614
1020829787,0.067071,0.567837,0.004641,0.57043,0.316228
1020851064,0.072355,0.540315,0.00499,0.541429,0.339912
102087234,0.054431,0.517108,0.003747,0.505179,0.353947
1020893617,0.05236,0.477536,0.003569,0.477991,0.41886
1020914894,0.051369,0.434543,0.003471,0.452615,0.462281
102093617,0.07842,0.475156,0.005206,0.423874,0.59693
1020957447,0.072415,0.47947,0.00479,0.397462,0.55307
1020978723,0.077789,0.495388,0.005179,0.497152,0.527193
10210,0.076018,0.496727,0.005029,0.484982,0.563158
0867307300,0.07854,0.481702,0.005152,0.462196,0.627632
086730730021277,0.075447,0.477685,0.004828,0.435526,0.678509
086730730042553,0.081032,0.448527,0.005343,0.496116,0.527632
08673073006383,0.074336,0.397352,0.004867,0.474107,0.604825
086730730085106,0.066621,0.339631,0.004364,0.43216,0.628947
086730730106383,0.063288,0.290539,0.004138,0.388918,0.659649
08673073012766,0.045394,0.24576,0.002956,0.351113,0.627632
086730730148936,0.042572,0.218536,0.002781,0.315122,0.637719
086730730170213,0.044584,0.199345,0.002908,0.292077,0.697368
086730730191489,0.042933,0.197411,0.002777,0.279648,0.748684
086730730212766,0.05203,0.219131,0.003357,0.296996,0.770614
086730730234043,0.048637,0.280274,0.003157,0.327033,0.697807
086730730255319,0.069563,0.390062,0.004616,0.410409,0.569737
086730730276596,0.073946,0.487504,0.004917,0.478767,0.525
086730730297872,0.045755,0.491372,0.003047,0.513206,0.465789
086730730319149,0.073106,0.544035,0.004902,0.576126,0.453947
086730730340426,0.071664,0.550878,0.004813,0.604868,0.432456
086730730361702,0.051309,0.532282,0.003473,0.605904,0.407895
086730730382979,0.06596,0.569027,0.004443,0.598136,0.523246
086730730404255,0.071785,0.571556,0.004794,0.591662,0.476316
086730730425532,0.066561,0.555638,0.004454,0.581823,0.498246
086730730446809,0.070734,0.541208,0.004736,0.57535,0.474123
086730730468085,0.059535,0.494347,0.004017,0.568876,0.473246
086730730489362,0.074156,0.51324,0.004942,0.56551,0.499123
086730730510638,0.068722,0.502529,0.004574,0.549974,0.50614
086730730531915,0.071544,0.495686,0.004765,0.545572,0.490351
086730730553191,0.072235,0.486909,0.004823,0.56059,0.480263
086730730574468,0.074847,0.480065,0.004992,0.562144,0.486404
086730730595745,0.074997,0.478727,0.004973,0.551787,0.500877
086730730617021,0.061066,0.464743,0.004069,0.540911,0.52193
086730730638298,0.056083,0.463999,0.003747,0.527188,0.511842
086730730659574,0.05326,0.469057,0.003556,0.52175,0.518421
086730730680851,0.05308,0.473073,0.003556,0.520197,0.516667
086730730702128,0.072055,0.482297,0.004817,0.525634,0.519298
086730730723404,0.055242,0.505802,0.003702,0.53392,0.495175
086730730744681,0.061096,0.568581,0.004086,0.562144,0.493421
086730730765957,0.078179,0.624368,0.005208,0.607198,0.454825
086730730787234,0.074547,0.617078,0.005014,0.618591,0.377193
086730730808511,0.063618,0.581672,0.004306,0.580787,0.437719
086730730829787,0.044374,0.550431,0.002993,0.548938,0.505702
086730730851064,0.057494,0.526927,0.003878,0.524858,0.489474
08673073087234,0.045124,0.513091,0.00306,0.494045,0.491228
086730730893617,0.043833,0.47352,0.002958,0.460124,0.482456
086730730914894,0.042542,0.437072,0.002858,0.430088,0.478509
08673073093617,0.055152,0.476941,0.003673,0.401346,0.61886
086730730957447,0.053621,0.485719,0.003544,0.390212,0.592982
086730730978723,0.07881,0.493752,0.005197,0.480839,0.642105
0867307310,0.075567,0.493901,0.004923,0.481098,0.649123
0871731400,0.077639,0.479917,0.005058,0.448472,0.684211
087173140021277,0.063108,0.468313,0.004109,0.415329,0.696053
087173140042553,0.075327,0.438114,0.004917,0.470223,0.631579
08717314006383,0.069953,0.386492,0.00457,0.450026,0.67193
087173140085106,0.063408,0.336953,0.004136,0.404713,0.639035
087173140106383,0.064999,0.282356,0.004236,0.359399,0.677193
08717314012766,0.051609,0.237876,0.003342,0.322372,0.701754
087173140148936,0.048337,0.208569,0.003118,0.292336,0.702193
087173140170213,0.040621,0.190122,0.002619,0.274987,0.694737
087173140191489,0.041101,0.187147,0.002767,0.264112,0.736842
087173140212766,0.049508,0.216007,0.00311,0.276541,0.757018
087173140234043,0.051189,0.275067,0.003324,0.319265,0.719737
087173140255319,0.073886,0.379649,0.004803,0.391766,0.619737
087173140276596,0.082683,0.484231,0.005463,0.461678,0.587281
087173140297872,0.05218,0.484528,0.003463,0.500518,0.541228
087173140319149,0.066951,0.527968,0.004479,0.564992,0.454825
087173140340426,0.073616,0.536001,0.004948,0.607975,0.413596
087173140361702,0.073436,0.520083,0.004933,0.608493,0.466228
087173140382979,0.074427,0.55058,0.004977,0.612636,0.450439
087173140404255,0.074667,0.556084,0.004967,0.598912,0.456579
087173140425532,0.073706,0.532282,0.004919,0.595546,0.423684
087173140446809,0.074547,0.516067,0.004985,0.587778,0.444737
087173140468085,0.074096,0.505058,0.004954,0.583118,0.444298
087173140489362,0.102048,0.505207,0.006863,0.583894,0.496053
087173140510638,0.093491,0.497322,0.006261,0.557742,0.524561
087173140531915,0.093101,0.48795,0.006221,0.559814,0.529825
087173140553191,0.097844,0.483636,0.006554,0.576903,0.511404
087173140574468,0.091059,0.473222,0.006109,0.577162,0.488596
087173140595745,0.073106,0.464743,0.0049,0.570171,0.47807
087173140617021,0.072055,0.458643,0.004823,0.556706,0.475877
087173140638298,0.053741,0.4518,0.003606,0.541947,0.495175
087173140659574,0.049117,0.455817,0.00329,0.531072,0.517982
087173140680851,0.050648,0.460577,0.003394,0.531849,0.504386
087173140702128,0.056473,0.468759,0.003779,0.540394,0.527193
087173140723404,0.044284,0.486165,0.002958,0.554376,0.554386
087173140744681,0.061577,0.550431,0.004111,0.593734,0.49386
087173140765957,0.075838,0.60116,0.005054,0.62869,0.44386
087173140787234,0.072235,0.58673,0.004821,0.63594,0.434211
087173140808511,0.059865,0.549539,0.004032,0.603573,0.409211
087173140829787,0.05275,0.520083,0.003583,0.566805,0.419737
087173140851064,0.049267,0.497173,0.003359,0.546608,0.410965
08717314087234,0.043773,0.477239,0.002983,0.525375,0.407895
087173140893617,0.042062,0.435138,0.00285,0.48783,0.4
087173140914894,0.040231,0.40717,0.002738,0.459089,0.401754
08717314093617,0.048547,0.447932,0.003278,0.437856,0.573684
087173140957447,0.044254,0.464891,0.00295,0.4174,0.54693
087173140978723,0.075057,0.480065,0.005006,0.517607,0.533772
0871731410,0.07953,0.4759,0.005249,0.509322,0.567544
0876156500,0.081032,0.468611,0.005332,0.488607,0.595175
087615650021277,0.07956,0.455073,0.005226,0.452874,0.602193
087615650042553,0.082022,0.421749,0.00543,0.503366,0.529825
08761565006383,0.073886,0.369235,0.004915,0.476437,0.523684
087615650085106,0.070283,0.315382,0.004655,0.429311,0.550877
087615650106383,0.06623,0.265397,0.004381,0.383221,0.618421
08761565012766,0.064699,0.219429,0.004254,0.341274,0.652193
087615650148936,0.055332,0.189527,0.003627,0.320041,0.625439
087615650170213,0.0529,0.176882,0.003459,0.298032,0.692982
087615650191489,0.054702,0.176733,0.003565,0.288711,0.688596
087615650212766,0.063018,0.203808,0.004121,0.293112,0.671053
087615650234043,0.067401,0.250669,0.004433,0.325479,0.595175
087615650255319,0.080731,0.344094,0.005355,0.407302,0.505263
087615650276596,0.086376,0.434097,0.005723,0.483946,0.499123
087615650297872,0.053291,0.438411,0.003569,0.515795,0.444298
087615650319149,0.068842,0.493752,0.004655,0.578198,0.386404
087615650340426,0.071304,0.506397,0.00484,0.596064,0.351754
087615650361702,0.071995,0.503273,0.004892,0.589073,0.402632
087615650382979,0.074186,0.539869,0.005021,0.5971,0.414912
087615650404255,0.074427,0.548795,0.005014,0.580269,0.429386
087615650425532,0.074787,0.535704,0.005039,0.581823,0.396053
087615650446809,0.106221,0.511901,0.007185,0.57535,0.411842
087615650468085,0.110994,0.492711,0.007549,0.57535,0.397368
087615650489362,0.102108,0.483338,0.006984,0.577421,0.374561
087615650510638,0.101387,0.474859,0.006923,0.56318,0.419737
087615650531915,0.104479,0.46742,0.007098,0.561885,0.407018
087615650553191,0.116068,0.469503,0.007894,0.594511,0.412719
087615650574468,0.112105,0.464148,0.007636,0.595546,0.388158
087615650595745,0.075597,0.459387,0.005147,0.590886,0.350877
087615650617021,0.074577,0.451503,0.005056,0.58726,0.374561
087615650638298,0.072565,0.44332,0.004933,0.57535,0.366667
087615650659574,0.073826,0.44942,0.00501,0.569653,0.332018
087615650680851,0.074487,0.452395,0.005068,0.583635,0.355702
087615650702128,0.074036,0.458643,0.005056,0.605127,0.336842
087615650723404,0.076618,0.479024,0.005255,0.619368,0.320175
087615650744681,0.086916,0.532877,0.005931,0.636458,0.319737
087615650765957,0.088207,0.561291,0.005995,0.652253,0.321053
087615650787234,0.088988,0.563672,0.005989,0.654583,0.325877
087615650808511,0.088147,0.528414,0.005966,0.611341,0.367544
087615650829787,0.077879,0.501041,0.005301,0.583118,0.351754
087615650851064,0.064309,0.477685,0.004404,0.551787,0.349123
08761565087234,0.047916,0.455668,0.003297,0.515277,0.364035
087615650893617,0.042752,0.416245,0.002931,0.48291,0.332895
087615650914894,0.036027,0.378756,0.00247,0.406784,0.39386
08761565093617,0.069503,0.431717,0.004649,0.353444,0.660965
087615650957447,0.043983,0.453883,0.00291,0.333506,0.592105
087615650978723,0.074336,0.465933,0.004944,0.452615,0.528947
0876156510,0.082172,0.467272,0.005442,0.493786,0.540351
0880581600,0.083463,0.44942,0.005488,0.462714,0.592982
088058160021277,0.081902,0.434841,0.005388,0.42232,0.584649
088058160042553,0.083103,0.397352,0.005511,0.471258,0.530263
08805816006383,0.07881,0.351235,0.005243,0.445106,0.517982
088058160085106,0.06608,0.29753,0.004385,0.401605,0.549123
088058160106383,0.063618,0.246504,0.004188,0.360176,0.620175
08805816012766,0.053531,0.207676,0.003498,0.31797,0.642105
088058160148936,0.044314,0.178072,0.002896,0.284568,0.606579
088058160170213,0.041612,0.161559,0.00273,0.262558,0.656579
088058160191489,0.044073,0.164088,0.002871,0.252978,0.697807
088058160212766,0.041822,0.186403,0.002732,0.267737,0.675
088058160234043,0.046325,0.235198,0.003037,0.292595,0.647368
088058160255319,0.06596,0.330408,0.004402,0.377784,0.482895
088058160276596,0.068872,0.423237,0.004626,0.444329,0.514035
088058160297872,0.056233,0.429783,0.003793,0.491714,0.424123
088058160319149,0.072445,0.491967,0.004917,0.549197,0.365789
088058160340426,0.072415,0.487652,0.004944,0.584412,0.323246
088058160361702,0.073346,0.498364,0.005,0.580269,0.356579
088058160382979,0.077099,0.544183,0.005231,0.581564,0.396491
088058160404255,0.085055,0.562035,0.005708,0.568876,0.408333
088058160425532,0.106941,0.556233,0.00716,0.517866,0.517105
088058160446809,0.103579,0.545076,0.006923,0.50725,0.492982
088058160468085,0.120271,0.533026,0.008089,0.559296,0.465789
088058160489362,0.136484,0.525885,0.009117,0.562144,0.561842
088058160510638,0.125135,0.513835,0.008348,0.544795,0.560965
088058160531915,0.123874,0.507885,0.008288,0.55101,0.563596
088058160553191,0.120872,0.501041,0.008074,0.55101,0.485526
088058160574468,0.123454,0.495537,0.008299,0.544019,0.495175
088058160595745,0.087937,0.486611,0.005881,0.530036,0.486842
088058160617021,0.087967,0.47114,0.005862,0.522786,0.411842
088058160638298,0.087456,0.470693,0.005854,0.503625,0.453509
088058160659574,0.088747,0.488099,0.005928,0.487053,0.436842
088058160680851,0.089618,0.497769,0.006003,0.469446,0.415351
088058160702128,0.090068,0.505356,0.006028,0.478509,0.433772
088058160723404,0.084334,0.511604,0.005667,0.481098,0.393421
088058160744681,0.088747,0.555043,0.005955,0.519938,0.277193
088058160765957,0.083824,0.56873,0.005708,0.556447,0.250877
088058160787234,0.080731,0.548944,0.00555,0.55826,0.244737
088058160808511,0.074667,0.516067,0.005187,0.532367,0.230702
088058160829787,0.067251,0.484975,0.004715,0.496893,0.216667
088058160851064,0.070073,0.46385,0.004925,0.481875,0.212719
08805816087234,0.05203,0.439453,0.003656,0.462196,0.211404
088058160893617,0.042662,0.403749,0.002979,0.428534,0.255702
088058160914894,0.042272,0.372359,0.002935,0.395132,0.263158
08805816093617,0.0786,0.424725,0.005426,0.388659,0.410965
088058160957447,0.074156,0.453585,0.005081,0.38115,0.40307
088058160978723,0.084364,0.474264,0.005895,0.49275,0.29693
0880581610,0.081692,0.472181,0.005717,0.478509,0.339912
0885005700,0.063558,0.438709,0.0044,0.425168,0.369298
088500570021277,0.063859,0.428741,0.004393,0.397721,0.358333
088500570042553,0.077159,0.395864,0.005324,0.43941,0.294737
08850057006383,0.057824,0.327135,0.003965,0.408338,0.360965
088500570085106,0.050408,0.275811,0.003477,0.357846,0.329825
088500570106383,0.041822,0.224189,0.002869,0.306059,0.366667
08850057012766,0.036538,0.174353,0.002495,0.261523,0.355702
088500570148936,0.034256,0.147873,0.002347,0.221129,0.364474
088500570170213,0.041552,0.127194,0.002833,0.204816,0.423684
088500570191489,0.03924,0.118417,0.002671,0.185914,0.439912
088500570212766,0.042843,0.124219,0.00291,0.183325,0.448246
088500570234043,0.042692,0.139393,0.002904,0.191352,0.474123
088500570255319,0.042512,0.165129,0.002902,0.21362,0.39386
088500570276596,0.03975,0.202172,0.002727,0.233817,0.366228
088500570297872,0.048547,0.248289,0.003322,0.228897,0.481579
088500570319149,0.081392,0.323862,0.005505,0.274469,0.491228
088500570340426,0.06566,0.392294,0.00441,0.320818,0.469298
088500570361702,0.089138,0.440048,0.005941,0.348006,0.475877
088500570382979,0.089528,0.492115,0.005906,0.374417,0.457895
088500570404255,0.090399,0.508926,0.005941,0.372346,0.454386
088500570425532,0.089978,0.502083,0.005904,0.362248,0.520175
088500570446809,0.089138,0.481107,0.005852,0.353703,0.483772
088500570468085,0.089138,0.469652,0.005845,0.344899,0.50614
088500570489362,0.090549,0.455073,0.005955,0.339979,0.480263
088500570510638,0.09211,0.443172,0.00608,0.32755,0.492982
088500570531915,0.091239,0.428295,0.006018,0.324702,0.54386
088500570553191,0.100126,0.413567,0.006599,0.328068,0.602193
088500570574468,0.104389,0.388724,0.00683,0.315381,0.611842
088500570595745,0.092771,0.378161,0.006028,0.312532,0.566667
088500570617021,0.090249,0.369087,0.005874,0.312273,0.585965
088500570638298,0.089138,0.369384,0.00581,0.294407,0.621053
088500570659574,0.089138,0.368938,0.005827,0.292336,0.623246
088500570680851,0.088567,0.382922,0.005804,0.287934,0.659649
088500570702128,0.088567,0.405534,0.005837,0.318747,0.580263
088500570723404,0.076558,0.420857,0.00511,0.340238,0.499123
088500570744681,0.087096,0.489884,0.005812,0.38348,0.448684
088500570765957,0.094632,0.535257,0.006392,0.453133,0.354386
088500570787234,0.096313,0.536894,0.006622,0.477991,0.329386
088500570808511,0.089288,0.494793,0.006036,0.459865,0.294298
088500570829787,0.089138,0.460726,0.005985,0.429052,0.363158
088500570851064,0.089138,0.429783,0.005995,0.409373,0.422368
08850057087234,0.088747,0.415799,0.005997,0.394355,0.424561
088500570893617,0.076588,0.395269,0.005206,0.366908,0.449123
088500570914894,0.054371,0.376376,0.003712,0.354738,0.413596
08850057093617,0.085955,0.403749,0.00587,0.345676,0.425
088500570957447,0.068302,0.401369,0.004668,0.344122,0.432895
088500570978723,0.084724,0.401964,0.005829,0.422838,0.354386
0885005710,0.070193,0.376525,0.004836,0.422838,0.339035
0902571100,0.084604,0.346474,0.00582,0.414811,0.365789
090257110021277,0.060766,0.308688,0.004165,0.388141,0.367544
090257110042553,0.086826,0.268075,0.005999,0.441222,0.309649
09025711006383,0.077699,0.229545,0.005334,0.409373,0.350877
090257110085106,0.062838,0.193395,0.00429,0.369239,0.402193
090257110106383,0.048097,0.153377,0.003245,0.322631,0.489912
09025711012766,0.046836,0.131211,0.003132,0.279907,0.557018
090257110148936,0.044073,0.107111,0.002927,0.250129,0.548246
090257110170213,0.028612,0.093573,0.001907,0.219575,0.544737
090257110191489,0.030743,0.090598,0.002052,0.192905,0.558333
090257110212766,0.031374,0.094168,0.002092,0.17711,0.573684
090257110234043,0.031464,0.105475,0.002092,0.170378,0.582018
090257110255319,0.030023,0.122285,0.002011,0.169083,0.520175
090257110276596,0.030593,0.152782,0.002054,0.171414,0.578947
090257110297872,0.040711,0.194585,0.002707,0.149404,0.641667
090257110319149,0.048907,0.263761,0.003257,0.180735,0.644737
090257110340426,0.050168,0.319697,0.003338,0.220352,0.598684
090257110361702,0.062958,0.370574,0.004177,0.255308,0.647368
090257110382979,0.087306,0.409551,0.005744,0.274987,0.61886
090257110404255,0.07926,0.429485,0.005212,0.292077,0.67807
090257110425532,0.071514,0.422047,0.004717,0.293889,0.625439
090257110446809,0.06539,0.399583,0.004331,0.297255,0.605263
090257110468085,0.064819,0.378012,0.004292,0.288193,0.602193
090257110489362,0.089048,0.354656,0.005868,0.290005,0.601316
090257110510638,0.075117,0.335614,0.004971,0.282755,0.620175
090257110531915,0.070524,0.307349,0.004678,0.284827,0.572807
090257110553191,0.061277,0.284737,0.004078,0.289487,0.539912
090257110574468,0.055542,0.262273,0.003702,0.282237,0.558772
090257110595745,0.05206,0.245463,0.003457,0.271103,0.573246
090257110617021,0.051129,0.234157,0.003396,0.261005,0.582895
090257110638298,0.05305,0.235347,0.003529,0.258933,0.576316
090257110659574,0.057374,0.232669,0.003799,0.25971,0.583772
090257110680851,0.050228,0.247545,0.003338,0.263076,0.573246
090257110702128,0.049838,0.268521,0.00333,0.280166,0.549561
090257110723404,0.051729,0.289497,0.003486,0.309166,0.545614
090257110744681,0.057944,0.371318,0.003901,0.356551,0.463596
090257110765957,0.089138,0.477834,0.005968,0.424909,0.405702
090257110787234,0.089138,0.498364,0.005935,0.444847,0.441667
090257110808511,0.089138,0.486462,0.005958,0.435267,0.471491
090257110829787,0.088657,0.464891,0.005935,0.413516,0.532018
090257110851064,0.089138,0.452395,0.00597,0.407043,0.503947
09025711087234,0.086226,0.443618,0.005754,0.385552,0.560088
090257110893617,0.06545,0.41565,0.004375,0.359399,0.550877
090257110914894,0.062748,0.382178,0.004215,0.33506,0.512281
09025711093617,0.080191,0.397947,0.005386,0.316675,0.572368
090257110957447,0.053501,0.382773,0.003589,0.306059,0.500877
090257110978723,0.085145,0.381583,0.005796,0.393061,0.380702
0902571110,0.070103,0.355698,0.004786,0.386069,0.41886
0902615200,0.087096,0.33978,0.005864,0.373382,0.494298
090261520021277,0.067912,0.304522,0.004555,0.343345,0.517105
090261520042553,0.078269,0.282356,0.005287,0.409114,0.477632
09026152006383,0.0653,0.250074,0.0044,0.39073,0.496491
090261520085106,0.062958,0.225082,0.004213,0.35914,0.549561
090261520106383,0.064339,0.19399,0.004285,0.326256,0.591667
09026152012766,0.051969,0.16989,0.003434,0.293371,0.627632
090261520148936,0.050468,0.157691,0.003317,0.263594,0.651316
090261520170213,0.046175,0.148914,0.003031,0.244174,0.66886
090261520191489,0.050078,0.156501,0.003282,0.234593,0.695614
090261520212766,0.056653,0.193841,0.003712,0.244692,0.704825
090261520234043,0.059835,0.252752,0.003955,0.272139,0.651754
090261520255319,0.093341,0.358227,0.00624,0.353444,0.597368
090261520276596,0.093971,0.468611,0.006271,0.432936,0.528509
090261520297872,0.085985,0.486611,0.005779,0.473848,0.412719
090261520319149,0.090549,0.544183,0.006099,0.547903,0.298246
090261520340426,0.095443,0.560547,0.006516,0.593993,0.276754
090261520361702,0.090309,0.549093,0.00614,0.590886,0.263158
090261520382979,0.10556,0.581672,0.007187,0.604609,0.264912
090261520404255,0.104299,0.587623,0.007098,0.593216,0.336842
090261520425532,0.09148,0.559952,0.006217,0.584671,0.302632
090261520446809,0.090549,0.536001,0.00612,0.584412,0.280702
090261520468085,0.089678,0.520232,0.006066,0.576126,0.300439
090261520489362,0.089978,0.507141,0.006095,0.579234,0.278947
090261520510638,0.090068,0.498215,0.006109,0.566287,0.263158
090261520531915,0.089678,0.486165,0.00608,0.559296,0.26886
090261520553191,0.089678,0.482148,0.006082,0.573019,0.237281
090261520574468,0.089168,0.475305,0.00607,0.576903,0.253509
090261520595745,0.089138,0.464891,0.006086,0.57276,0.245614
090261520617021,0.089138,0.456114,0.006105,0.571724,0.291667
090261520638298,0.088297,0.451205,0.006036,0.557483,0.302632
090261520659574,0.088567,0.455073,0.00602,0.556447,0.350439
090261520680851,0.087216,0.460577,0.005916,0.55334,0.38114
090261520702128,0.087216,0.481404,0.005877,0.581305,0.335965
090261520723404,0.087727,0.503719,0.00591,0.605386,0.336842
090261520744681,0.088477,0.573341,0.005899,0.647074,0.337719
090261520765957,0.092771,0.6446,0.006136,0.669342,0.39693
090261520787234,0.0919,0.641178,0.006095,0.665458,0.325
090261520808511,0.091239,0.604582,0.006059,0.63102,0.38114
090261520829787,0.089498,0.580036,0.005947,0.601761,0.405263
090261520851064,0.088898,0.556531,0.005926,0.562403,0.433333
09026152087234,0.087066,0.537191,0.005837,0.53159,0.472807
090261520893617,0.068332,0.499702,0.004603,0.490678,0.48114
090261520914894,0.043383,0.453288,0.002939,0.455463,0.436842
09026152093617,0.086526,0.483487,0.005766,0.423097,0.639035
090261520957447,0.086646,0.488248,0.005663,0.405748,0.614912
090261520978723,0.090849,0.491818,0.006014,0.501036,0.496491
0902615210,0.09175,0.494496,0.006076,0.495339,0.498246
0902659300,0.090068,0.485272,0.005964,0.471776,0.54693
090265930021277,0.097814,0.4759,0.006491,0.444847,0.562281
090265930042553,0.103369,0.445552,0.006926,0.503107,0.461842
09026593006383,0.101957,0.401666,0.006826,0.486277,0.491228
090265930085106,0.089168,0.347664,0.005935,0.440963,0.534649
090265930106383,0.083674,0.29277,0.00553,0.392802,0.617544
09026593012766,0.058785,0.245611,0.003862,0.351631,0.679825
090265930148936,0.054041,0.211247,0.003525,0.325997,0.711404
090265930170213,0.055692,0.199345,0.003284,0.307095,0.728509
090265930191489,0.05326,0.197114,0.003448,0.295961,0.762281
090265930212766,0.056053,0.226421,0.003635,0.307354,0.765351
090265930234043,0.062988,0.281315,0.004005,0.330399,0.573246
090265930255319,0.087426,0.387087,0.005775,0.37623,0.546491
090265930276596,0.10538,0.49643,0.007036,0.480062,0.505702
090265930297872,0.087997,0.503273,0.005889,0.525634,0.34693
090265930319149,0.093941,0.562184,0.006282,0.590109,0.313596
090265930340426,0.096343,0.571407,0.006518,0.620145,0.291228
090265930361702,0.09217,0.559357,0.00625,0.624288,0.244298
090265930382979,0.124595,0.583755,0.008463,0.628172,0.30614
090265930404255,0.101747,0.592234,0.006921,0.620663,0.288596
090265930425532,0.093071,0.571854,0.006323,0.603573,0.334211
090265930446809,0.091149,0.549985,0.006093,0.599171,0.352632
090265930468085,0.09232,0.535555,0.006163,0.587778,0.37193
090265930489362,0.090459,0.524398,0.006053,0.589591,0.404386
090265930510638,0.089918,0.516513,0.006014,0.574314,0.437281
090265930531915,0.090068,0.507736,0.006018,0.573019,0.454386
090265930553191,0.089618,0.498512,0.005999,0.585189,0.469298
090265930574468,0.087186,0.47947,0.005852,0.583894,0.462281
090265930595745,0.076798,0.469503,0.005168,0.573537,0.464035
090265930617021,0.081632,0.470544,0.005484,0.563439,0.485965
090265930638298,0.077369,0.46742,0.005193,0.551528,0.489912
090265930659574,0.071184,0.47352,0.00478,0.540911,0.48114
090265930680851,0.07899,0.484677,0.005278,0.540911,0.524123
090265930702128,0.079921,0.501785,0.005314,0.553599,0.517105
090265930723404,0.076228,0.52053,0.005064,0.578975,0.583333
090265930744681,0.088297,0.587771,0.00582,0.614966,0.485965
090265930765957,0.089138,0.63017,0.005856,0.662351,0.408333
090265930787234,0.089438,0.638649,0.005883,0.683843,0.443421
090265930808511,0.088868,0.605177,0.00587,0.650699,0.5
090265930829787,0.071875,0.562928,0.00483,0.624547,0.475877
090265930851064,0.081752,0.55906,0.005478,0.599948,0.519737
09026593087234,0.055362,0.53734,0.003716,0.567064,0.493421
090265930893617,0.044524,0.493306,0.003006,0.533143,0.464912
090265930914894,0.041822,0.449569,0.002833,0.492491,0.400877
09026593093617,0.079651,0.484677,0.00532,0.463231,0.664474
090265930957447,0.056173,0.493752,0.003473,0.442517,0.682018
090265930978723,0.087366,0.49881,0.005503,0.542206,0.605702
0902659310,0.078029,0.501041,0.005114,0.527447,0.64386
0902703400,0.076678,0.484975,0.005041,0.51217,0.646053
090270340021277,0.075808,0.469354,0.005017,0.479803,0.608772
090270340042553,0.084334,0.438262,0.005615,0.531849,0.532456
09027034006383,0.074967,0.386492,0.004996,0.503884,0.549561
090270340085106,0.050949,0.331747,0.003369,0.464267,0.59386
090270340106383,0.047376,0.276257,0.003116,0.419213,0.65614
09027034012766,0.045545,0.229694,0.002983,0.373641,0.659211
090270340148936,0.043983,0.194585,0.002885,0.342828,0.648246
090270340170213,0.044434,0.179708,0.002896,0.314345,0.736842
090270340191489,0.044374,0.179262,0.002875,0.313827,0.760965
090270340212766,0.036808,0.208866,0.002391,0.324443,0.722807
090270340234043,0.03984,0.256174,0.002613,0.357069,0.642105
090270340255319,0.048877,0.364624,0.00327,0.437338,0.585088
090270340276596,0.050919,0.462957,0.00344,0.526411,0.483772
090270340297872,0.033505,0.47114,0.0023,0.554894,0.401316
090270340319149,0.082593,0.523802,0.005555,0.630243,0.421053
090270340340426,0.087607,0.533175,0.005808,0.659762,0.453947
090270340361702,0.085805,0.523356,0.005708,0.652253,0.455702
090270340382979,0.085925,0.559655,0.005715,0.647074,0.474123
090270340404255,0.084274,0.566944,0.005588,0.630761,0.491228
090270340425532,0.072025,0.54939,0.004757,0.602279,0.516228
090270340446809,0.073136,0.532133,0.004796,0.593216,0.536404
090270340468085,0.083103,0.520678,0.005459,0.584153,0.569737
090270340489362,0.057284,0.512496,0.003785,0.566805,0.563158
090270340510638,0.036268,0.503868,0.002412,0.546608,0.472368
090270340531915,0.041792,0.499405,0.002794,0.536251,0.419737
090270340553191,0.036808,0.49033,0.002466,0.547903,0.370175
090270340574468,0.038519,0.481553,0.002582,0.543242,0.387281
090270340595745,0.04005,0.477685,0.002682,0.538581,0.380263
090270340617021,0.029693,0.465338,0.002015,0.52667,0.363596
090270340638298,0.030653,0.453436,0.002048,0.515018,0.350439
090270340659574,0.037829,0.465933,0.00258,0.507509,0.390789
090270340680851,0.043263,0.47709,0.002881,0.510098,0.419737
090270340702128,0.043173,0.489735,0.002871,0.515536,0.425
090270340723404,0.041882,0.515769,0.002796,0.540394,0.423246
090270340744681,0.084424,0.579143,0.005621,0.569912,0.472807
090270340765957,0.121893,0.630616,0.008126,0.621181,0.535088
090270340787234,0.121803,0.628236,0.008159,0.651994,0.469298
090270340808511,0.096343,0.587474,0.006502,0.633092,0.474123
090270340829787,0.0795,0.556382,0.00532,0.595028,0.451754
090270340851064,0.047376,0.539869,0.003184,0.551787,0.475
09027034087234,0.055392,0.519935,0.003716,0.541947,0.454825
090270340893617,0.056893,0.478578,0.003816,0.503366,0.441228
090270340914894,0.043143,0.436626,0.002916,0.464526,0.348684
09027034093617,0.084124,0.469354,0.005613,0.440704,0.594737
090270340957447,0.060766,0.483785,0.004003,0.41999,0.566667
090270340978723,0.089288,0.488545,0.005914,0.522009,0.492105
0902703410,0.084064,0.493157,0.00555,0.506991,0.637281
0902748500,0.072655,0.47471,0.004792,0.477214,0.660526
090274850021277,0.068512,0.45909,0.004132,0.453651,0.637719
090274850042553,0.077609,0.425617,0.004902,0.505179,0.578509
09027485006383,0.067131,0.37474,0.004414,0.483687,0.622368
090274850085106,0.047856,0.322523,0.003103,0.432418,0.617544
090274850106383,0.045515,0.270604,0.002973,0.384775,0.647368
09027485012766,0.044614,0.226718,0.00291,0.34231,0.672807
090274850148936,0.042482,0.19042,0.002771,0.31305,0.642982
090274850170213,0.036868,0.175394,0.002393,0.286898,0.732895
090274850191489,0.043953,0.178667,0.002838,0.273433,0.766228
090274850212766,0.03888,0.208866,0.002522,0.289228,0.732895
090274850234043,0.041311,0.254686,0.002707,0.312791,0.71886
090274850255319,0.058094,0.363434,0.003833,0.409632,0.624561
090274850276596,0.071574,0.464296,0.004711,0.486277,0.585965
090274850297872,0.040621,0.470693,0.002721,0.529259,0.514035
090274850319149,0.088537,0.530943,0.005887,0.60202,0.482456
090274850340426,0.085745,0.536894,0.005658,0.639824,0.495614
090274850361702,0.083614,0.52767,0.005525,0.645262,0.483333
090274850382979,0.087667,0.565308,0.005777,0.647333,0.516667
090274850404255,0.085385,0.567837,0.005623,0.638011,0.489035
090274850425532,0.083764,0.553704,0.005525,0.628949,0.510965
090274850446809,0.083493,0.534216,0.005494,0.615743,0.516228
090274850468085,0.087336,0.515323,0.005752,0.608752,0.512719
090274850489362,0.086346,0.50848,0.005712,0.598136,0.516228
090274850510638,0.089138,0.495537,0.005937,0.576903,0.417982
090274850531915,0.090789,0.486462,0.006074,0.560331,0.436842
090274850553191,0.097154,0.48438,0.006545,0.584412,0.400877
090274850574468,0.053801,0.474561,0.003629,0.571466,0.363158
090274850595745,0.056623,0.470544,0.003808,0.566287,0.357018
090274850617021,0.048997,0.46028,0.003297,0.560331,0.334649
090274850638298,0.048397,0.452841,0.003241,0.539099,0.370175
090274850659574,0.045845,0.461767,0.00307,0.535474,0.361404
090274850680851,0.043203,0.473817,0.002902,0.536769,0.407895
090274850702128,0.046235,0.494793,0.003099,0.547385,0.392105
090274850723404,0.072265,0.52053,0.004819,0.567582,0.490351
090274850744681,0.087186,0.583904,0.005789,0.605127,0.515351
090274850765957,0.088387,0.610979,0.00586,0.655878,0.456579
090274850787234,0.089138,0.616929,0.005852,0.661574,0.475439
090274850808511,0.085715,0.580184,0.005661,0.629726,0.502632
090274850829787,0.073406,0.552217,0.004846,0.591403,0.554386
090274850851064,0.075537,0.530646,0.005,0.571207,0.526316
09027485087234,0.043743,0.505356,0.002919,0.541429,0.452632
090274850893617,0.043233,0.463106,0.002898,0.508545,0.405702
090274850914894,0.042993,0.429337,0.002887,0.468669,0.442544
09027485093617,0.070283,0.463255,0.004626,0.452615,0.627193
090274850957447,0.046325,0.477388,0.003016,0.441999,0.551754
090274850978723,0.095893,0.48557,0.006288,0.535733,0.530263
0902748510,0.089048,0.481553,0.005773,0.522527,0.680263
0902792600,0.087607,0.466677,0.005586,0.484982,0.666228
090279260021277,0.071514,0.449866,0.004674,0.443811,0.658333
090279260042553,0.085115,0.417733,0.005447,0.49767,0.596053
09027926006383,0.058815,0.360756,0.003862,0.464008,0.617544
090279260085106,0.048277,0.309878,0.003182,0.411704,0.589912
090279260106383,0.043203,0.265248,0.002844,0.364319,0.635088
09027926012766,0.042692,0.221065,0.002786,0.320041,0.692105
090279260148936,0.036868,0.188337,0.002391,0.294407,0.720614
090279260170213,0.032064,0.177477,0.002077,0.275246,0.764912
090279260191489,0.032214,0.172865,0.002077,0.263853,0.767544
090279260212766,0.033686,0.198899,0.002125,0.283791,0.750439
090279260234043,0.040321,0.258405,0.002624,0.305023,0.680263
090279260255319,0.058244,0.352722,0.003789,0.391248,0.632895
090279260276596,0.067521,0.448676,0.004487,0.465821,0.564912
090279260297872,0.034646,0.461321,0.002329,0.502071,0.466228
090279260319149,0.081992,0.524993,0.005474,0.56318,0.441228
090279260340426,0.085325,0.5482,0.005625,0.596323,0.566228
090279260361702,0.085445,0.537489,0.005617,0.583894,0.570175
090279260382979,0.087426,0.576614,0.005706,0.592439,0.557895
090279260404255,0.086736,0.580333,0.005656,0.572242,0.572368
090279260425532,0.086796,0.570068,0.005656,0.571466,0.577632
090279260446809,0.087727,0.554151,0.005704,0.562144,0.542544
090279260468085,0.089768,0.542696,0.005814,0.565769,0.558772
090279260489362,0.087877,0.533918,0.0057,0.562144,0.602193
090279260510638,0.087697,0.530794,0.005683,0.557224,0.585526
090279260531915,0.087607,0.523505,0.00569,0.547126,0.603947
090279260553191,0.089768,0.518001,0.005852,0.556965,0.544298
090279260574468,0.089018,0.511604,0.005808,0.55101,0.542105
090279260595745,0.089918,0.504612,0.00586,0.54117,0.527193
090279260617021,0.088447,0.493157,0.005781,0.527447,0.531579
090279260638298,0.087997,0.497025,0.005766,0.515795,0.586404
090279260659574,0.088057,0.509967,0.005754,0.506473,0.592105
090279260680851,0.089618,0.524249,0.005837,0.50492,0.577632
090279260702128,0.088567,0.544035,0.005798,0.520456,0.544298
090279260723404,0.088297,0.563225,0.005829,0.540653,0.427193
090279260744681,0.089318,0.611128,0.005856,0.568358,0.467544
090279260765957,0.089138,0.622583,0.00586,0.58985,0.410526
090279260787234,0.088177,0.616483,0.005829,0.577939,0.557895
090279260808511,0.05245,0.556084,0.003492,0.548679,0.526754
090279260829787,0.043503,0.534067,0.002904,0.501813,0.533772
090279260851064,0.053861,0.510711,0.003596,0.479026,0.52807
09027926087234,0.044614,0.489586,0.002989,0.456758,0.537281
090279260893617,0.035187,0.459685,0.002358,0.420766,0.482456
090279260914894,0.038609,0.425617,0.002605,0.388918,0.422807
09027926093617,0.071815,0.466825,0.004784,0.379337,0.612719
090279260957447,0.058214,0.485867,0.00383,0.377007,0.603509
090279260978723,0.089708,0.503124,0.005922,0.494303,0.511404
0902792610,0.088687,0.494347,0.005847,0.496116,0.589912
0902836700,0.085565,0.47114,0.005677,0.457794,0.605702
090283670021277,0.064339,0.45299,0.004279,0.419472,0.626754
090283670042553,0.076498,0.417138,0.0051,0.454687,0.540789
09028367006383,0.070434,0.358673,0.004697,0.424909,0.589474
090283670085106,0.060226,0.290687,0.00397,0.3739,0.642544
090283670106383,0.046475,0.241,0.003024,0.329881,0.691667
09028367012766,0.043623,0.191312,0.002827,0.2768,0.682895
090283670148936,0.036808,0.158137,0.002405,0.240549,0.651754
090283670170213,0.031014,0.13612,0.002027,0.207405,0.687719
090283670191489,0.031884,0.127194,0.002077,0.191093,0.710088
090283670212766,0.031644,0.13493,0.002061,0.189539,0.731579
090283670234043,0.032275,0.153377,0.0021,0.189798,0.755702
090283670255319,0.045334,0.191312,0.002946,0.229674,0.727193
090283670276596,0.036688,0.235198,0.002389,0.240808,0.710965
090283670297872,0.05299,0.28429,0.003384,0.252978,0.760965
090283670319149,0.085685,0.353169,0.004449,0.290523,0.785088
090283670340426,0.080701,0.408658,0.00435,0.319524,0.730263
090283670361702,0.086826,0.454924,0.005498,0.36173,0.735526
090283670382979,0.087907,0.494496,0.005374,0.380891,0.775439
090283670404255,0.089528,0.507885,0.005503,0.374676,0.777632
090283670425532,0.087366,0.483338,0.005474,0.374676,0.764912
090283670446809,0.086826,0.464594,0.005459,0.374158,0.775877
090283670468085,0.086826,0.447337,0.005476,0.363024,0.787281
090283670489362,0.086826,0.429783,0.005511,0.366132,0.748684
090283670510638,0.086826,0.414758,0.005301,0.350854,0.765351
090283670531915,0.086826,0.400922,0.005368,0.33972,0.76886
090283670553191,0.086826,0.386938,0.005521,0.347229,0.770614
090283670574468,0.086826,0.366706,0.005021,0.339461,0.787281
090283670595745,0.086826,0.353169,0.005424,0.327809,0.757895
090283670617021,0.068212,0.335168,0.004383,0.305541,0.785088
090283670638298,0.071995,0.329813,0.004632,0.308907,0.78114
090283670659574,0.054732,0.330705,0.003515,0.308389,0.782895
090283670680851,0.059986,0.337846,0.003768,0.307872,0.766228
090283670702128,0.054491,0.355698,0.003523,0.317193,0.714035
090283670723404,0.058184,0.375781,0.003774,0.329881,0.730702
090283670744681,0.072895,0.433353,0.004447,0.363024,0.699561
090283670765957,0.086826,0.476941,0.005638,0.413516,0.671053
090283670787234,0.086826,0.486314,0.005642,0.450026,0.613158
090283670808511,0.073826,0.453734,0.004836,0.438633,0.616667
090283670829787,0.068542,0.408956,0.004501,0.411704,0.625439
090283670851064,0.05257,0.383814,0.003427,0.378819,0.652632
09028367087234,0.051099,0.36507,0.003326,0.366908,0.635088
090283670893617,0.048997,0.345433,0.003195,0.343604,0.670175
090283670914894,0.043203,0.326837,0.002829,0.328068,0.630702
09028367093617,0.075657,0.360756,0.004933,0.322631,0.689035
090283670957447,0.044344,0.366111,0.002916,0.325997,0.612719
090283670978723,0.074457,0.372657,0.004956,0.411704,0.544298
0902836710,0.048427,0.348706,0.003232,0.404713,0.535526
090288100,0.049808,0.321184,0.003322,0.380891,0.542544
09028810021277,0.043863,0.28429,0.002925,0.352408,0.552632
09028810042553,0.047016,0.249777,0.003157,0.404713,0.482018
0902881006383,0.049388,0.214519,0.00328,0.372864,0.556579
09028810085106,0.043233,0.176138,0.002842,0.330399,0.602193
09028810106383,0.029602,0.142815,0.001948,0.279389,0.643421
0902881012766,0.029392,0.119607,0.001932,0.233558,0.641228
09028810148936,0.032064,0.097888,0.002094,0.201709,0.658333
09028810170213,0.02621,0.088515,0.001701,0.1797,0.7
09028810191489,0.024889,0.081821,0.001624,0.150181,0.704386
09028810212766,0.02624,0.086581,0.001708,0.14552,0.735965
09028810234043,0.02669,0.102648,0.00173,0.143708,0.768421
09028810255319,0.027051,0.117525,0.001753,0.149404,0.715351
09028810276596,0.027321,0.151294,0.001776,0.154583,0.756579
09028810297872,0.0266,0.177923,0.001722,0.136458,0.807895
09028810319149,0.035157,0.232818,0.00226,0.169342,0.766667
09028810340426,0.033836,0.286819,0.002189,0.186432,0.795175
09028810361702,0.044644,0.324755,0.002877,0.221129,0.75307
09028810382979,0.050919,0.378161,0.003166,0.250647,0.825
09028810404255,0.050468,0.398542,0.002919,0.257121,0.804825
09028810425532,0.049327,0.389319,0.002995,0.272657,0.808333
09028810446809,0.053771,0.376971,0.002923,0.270067,0.835965
09028810468085,0.048367,0.361797,0.002997,0.283273,0.794737
09028810489362,0.063618,0.345433,0.003417,0.309166,0.774123
09028810510638,0.054071,0.335019,0.00329,0.289228,0.789474
09028810531915,0.058635,0.320143,0.003031,0.27913,0.789912
09028810553191,0.054792,0.300208,0.003515,0.312791,0.757895
09028810574468,0.05293,0.282208,0.003386,0.296996,0.75
09028810595745,0.053471,0.261529,0.003432,0.303729,0.776316
09028810617021,0.05212,0.257513,0.003336,0.296996,0.778947
09028810638298,0.05239,0.262571,0.003319,0.306059,0.814474
09028810659574,0.051159,0.264505,0.003155,0.315898,0.814474
09028810680851,0.054281,0.264356,0.003207,0.31072,0.770614
09028810702128,0.060076,0.27953,0.003475,0.339979,0.771491
09028810723404,0.056413,0.291431,0.00365,0.378042,0.654386
09028810744681,0.062508,0.358971,0.004092,0.397721,0.627193
09028810765957,0.087366,0.448825,0.005688,0.441222,0.552632
09028810787234,0.087366,0.466825,0.005696,0.460901,0.522368
09028810808511,0.086826,0.447783,0.005663,0.441999,0.602632
09028810829787,0.081872,0.421898,0.005357,0.425945,0.615351
09028810851064,0.063919,0.400625,0.004184,0.401088,0.64693
0902881087234,0.057764,0.38679,0.003766,0.390989,0.643421
09028810893617,0.046115,0.360012,0.002997,0.349042,0.645175
09028810914894,0.044764,0.335168,0.002925,0.331693,0.621053
0902881093617,0.053291,0.350937,0.00349,0.319265,0.678947
09028810957447,0.044464,0.352722,0.002925,0.314604,0.611842
09028810978723,0.072505,0.355251,0.004825,0.392284,0.538158
090288110,0.050709,0.336061,0.003388,0.396168,0.546053
0902925200,0.047106,0.317763,0.003147,0.370016,0.533333
090292520021277,0.043743,0.290836,0.002916,0.339461,0.543421
090292520042553,0.049628,0.2651,0.003324,0.39332,0.470175
09029252006383,0.048397,0.234157,0.003228,0.371828,0.549561
090292520085106,0.043953,0.203957,0.002906,0.338426,0.592982
090292520106383,0.043533,0.173163,0.002862,0.295961,0.655702
09029252012766,0.038009,0.15055,0.00248,0.259192,0.677193
090292520148936,0.031884,0.13612,0.002088,0.229674,0.633772
090292520170213,0.030893,0.133442,0.002011,0.204557,0.660088
090292520191489,0.032154,0.142815,0.002104,0.196789,0.709649
090292520212766,0.040441,0.181494,0.002632,0.213361,0.711842
090292520234043,0.045094,0.238322,0.00296,0.248835,0.692105
090292520255319,0.067401,0.350937,0.004474,0.343863,0.604386
090292520276596,0.076798,0.445254,0.005112,0.423615,0.581579
090292520297872,0.034496,0.446891,0.002327,0.466857,0.477193
090292520319149,0.074306,0.500446,0.004983,0.544795,0.419298
090292520340426,0.087426,0.518447,0.005852,0.571207,0.420175
090292520361702,0.084694,0.50238,0.005694,0.580528,0.411842
090292520382979,0.088868,0.548795,0.005928,0.586225,0.412281
090292520404255,0.130779,0.558911,0.008851,0.595287,0.446491
090292520425532,0.083614,0.540018,0.005995,0.598654,0.42193
090292520446809,0.086436,0.519786,0.006282,0.589591,0.451316
090292520468085,0.111205,0.507438,0.007729,0.588555,0.535526
090292520489362,0.104209,0.501041,0.006986,0.575608,0.445614
090292520510638,0.095653,0.494793,0.006535,0.571207,0.467105
090292520531915,0.094182,0.489884,0.00634,0.576385,0.457895
090292520553191,0.096673,0.487057,0.006533,0.59477,0.405702
090292520574468,0.09208,0.483041,0.006292,0.590886,0.444298
090292520595745,0.088087,0.483785,0.005937,0.587519,0.44693
090292520617021,0.090068,0.480065,0.006149,0.581046,0.44386
090292520638298,0.085775,0.47471,0.005775,0.567323,0.443421
090292520659574,0.086135,0.484528,0.005829,0.560073,0.478947
090292520680851,0.087426,0.497173,0.005833,0.558778,0.482895
090292520702128,0.087997,0.527075,0.005858,0.560331,0.469737
090292520723404,0.087396,0.561589,0.005744,0.5826,0.400439
090292520744681,0.088868,0.621244,0.005901,0.626618,0.376754
090292520765957,0.113907,0.644749,0.007634,0.663128,0.359649
090292520787234,0.111445,0.626897,0.007603,0.659762,0.419737
090292520808511,0.098925,0.58911,0.006734,0.621699,0.407895
090292520829787,0.080761,0.55177,0.005559,0.596064,0.366228
090292520851064,0.07929,0.526034,0.005471,0.568099,0.408772
09029252087234,0.057223,0.496132,0.003999,0.530554,0.409649
090292520893617,0.043683,0.459238,0.002931,0.501813,0.345614
090292520914894,0.041642,0.418328,0.002879,0.474625,0.293421
09029252093617,0.059505,0.458494,0.004053,0.442776,0.455263
090292520957447,0.047766,0.475156,0.0034,0.414811,0.474123
090292520978723,0.090639,0.483785,0.006145,0.515018,0.405263
0902925210,0.086165,0.477388,0.005924,0.508804,0.488596
0902969300,0.087426,0.470098,0.005781,0.486018,0.568421
090296930021277,0.086556,0.450461,0.0058,0.457535,0.58114
090296930042553,0.087126,0.421154,0.005843,0.513465,0.507018
09029693006383,0.077369,0.371616,0.004981,0.4855,0.588596
090296930085106,0.0532,0.313746,0.003494,0.445365,0.597368
090296930106383,0.055182,0.264951,0.003822,0.393578,0.608333
09029693012766,0.051789,0.218239,0.003382,0.355515,0.691667
090296930148936,0.046025,0.193246,0.002995,0.329622,0.695614
090296930170213,0.045034,0.178072,0.003002,0.309684,0.711842
090296930191489,0.045094,0.183576,0.002923,0.285603,0.732895
090296930212766,0.046235,0.205594,0.003008,0.30088,0.723246
090296930234043,0.044644,0.260339,0.002912,0.329622,0.642982
090296930255319,0.058995,0.366706,0.00436,0.413516,0.489474
090296930276596,0.070434,0.460875,0.005004,0.487312,0.451316
090296930297872,0.047376,0.465784,0.003083,0.533143,0.304825
090296930319149,0.088567,0.521868,0.005985,0.60927,0.362719
090296930340426,0.089138,0.536299,0.005926,0.66753,0.283772
090296930361702,0.090429,0.534365,0.006055,0.678923,0.225877
090296930382979,0.090999,0.570366,0.006169,0.694459,0.249561
090296930404255,0.097634,0.574978,0.006651,0.695495,0.268421
090296930425532,0.103158,0.561589,0.007052,0.693682,0.167105
090296930446809,0.098205,0.541654,0.006726,0.687727,0.190789
090296930468085,0.103459,0.53258,0.007063,0.691869,0.211404
090296930489362,0.103489,0.52886,0.007044,0.698602,0.199123
090296930510638,0.104329,0.519637,0.007115,0.698343,0.192544
090296930531915,0.10481,0.512348,0.007148,0.697048,0.207018
090296930553191,0.10583,0.508628,0.007243,0.716209,0.210965
090296930574468,0.115047,0.501041,0.007902,0.713102,0.218421
090296930595745,0.128378,0.5,0.008774,0.718022,0.208333
090296930617021,0.125255,0.488694,0.008573,0.710772,0.214912
090296930638298,0.111355,0.47947,0.007653,0.686432,0.190789
090296930659574,0.100907,0.487057,0.00694,0.679441,0.178947
090296930680851,0.102228,0.494198,0.007025,0.684619,0.215789
090296930702128,0.097964,0.515025,0.00672,0.688762,0.183333
090296930723404,0.093431,0.538976,0.006394,0.711807,0.182456
090296930744681,0.094302,0.604582,0.006444,0.725013,0.202632
090296930765957,0.10478,0.654121,0.007214,0.736924,0.179825
090296930787234,0.104389,0.663047,0.007216,0.743656,0.138596
090296930808511,0.103519,0.632847,0.007125,0.71362,0.175
090296930829787,0.102228,0.607409,0.007059,0.674521,0.185526
090296930851064,0.107782,0.583755,0.00743,0.64811,0.2
09029693087234,0.098775,0.559506,0.006791,0.609011,0.225877
090296930893617,0.092921,0.522166,0.006365,0.572501,0.290351
090296930914894,0.087336,0.473817,0.005962,0.519679,0.328509
09029693093617,0.088447,0.504909,0.006018,0.487312,0.330263
090296930957447,0.088147,0.509075,0.005881,0.445624,0.434211
090296930978723,0.099706,0.510116,0.006761,0.554376,0.335526
0902969310,0.096163,0.507736,0.006531,0.544019,0.339912
0903013400,0.097454,0.494049,0.006593,0.522527,0.374561
090301340021277,0.090189,0.476198,0.006032,0.488089,0.357456
090301340042553,0.108593,0.453436,0.007329,0.544278,0.392982
09030134006383,0.097424,0.399435,0.006577,0.524858,0.42193
090301340085106,0.091419,0.347218,0.006101,0.465562,0.532456
090301340106383,0.087336,0.294109,0.005789,0.425168,0.597807
09030134012766,0.080521,0.244124,0.005301,0.378042,0.666228
090301340148936,0.066771,0.212139,0.004368,0.354738,0.672807
090301340170213,0.057614,0.200089,0.003752,0.328327,0.707895
090301340191489,0.059025,0.203511,0.003835,0.321336,0.702632
090301340212766,0.056953,0.227908,0.003714,0.325479,0.674123
090301340234043,0.058394,0.279976,0.003845,0.35681,0.602193
090301340255319,0.076468,0.386195,0.005133,0.440445,0.49386
090301340276596,0.088868,0.49643,0.005931,0.513723,0.442982
090301340297872,0.06533,0.496132,0.004398,0.552822,0.38114
090301340319149,0.090549,0.553853,0.006045,0.621958,0.303509
090301340340426,0.09187,0.568283,0.006186,0.664682,0.234649
090301340361702,0.09187,0.561589,0.006199,0.659762,0.269737
090301340382979,0.092981,0.593425,0.006267,0.656914,0.322807
090301340404255,0.09229,0.596697,0.006217,0.645003,0.322807
090301340425532,0.09154,0.575722,0.006147,0.640342,0.300877
090301340446809,0.089618,0.548944,0.005989,0.63594,0.314474
090301340468085,0.090189,0.531092,0.006068,0.623511,0.350439
090301340489362,0.089288,0.519339,0.005966,0.621958,0.343421
090301340510638,0.089288,0.510265,0.005949,0.612636,0.397807
090301340531915,0.087456,0.493454,0.005864,0.607716,0.399123
090301340553191,0.087997,0.48676,0.00592,0.629467,0.375877
090301340574468,0.087426,0.479917,0.005899,0.625842,0.397368
090301340595745,0.087426,0.475454,0.005914,0.622734,0.376316
090301340617021,0.086616,0.468759,0.005872,0.610564,0.377193
090301340638298,0.070193,0.456709,0.004778,0.595805,0.384211
090301340659574,0.07929,0.459833,0.005382,0.583894,0.404825
090301340680851,0.080791,0.469057,0.005474,0.593216,0.43114
090301340702128,0.087426,0.486016,0.005899,0.610306,0.397368
090301340723404,0.087426,0.503868,0.005953,0.636458,0.340351
090301340744681,0.089138,0.56382,0.006076,0.657949,0.344737
090301340765957,0.09163,0.639839,0.006169,0.682548,0.35614
090301340787234,0.117089,0.654716,0.007966,0.681512,0.345175
090301340808511,0.101597,0.62526,0.00693,0.648887,0.339474
090301340829787,0.089138,0.594615,0.006039,0.613931,0.416228
090301340851064,0.088567,0.57587,0.005951,0.587519,0.432456
09030134087234,0.087366,0.553407,0.005887,0.548938,0.482018
090301340893617,0.069593,0.521125,0.004705,0.525634,0.44693
090301340914894,0.043413,0.475156,0.002981,0.488348,0.397807
09030134093617,0.076258,0.521125,0.005118,0.464008,0.565789
090301340957447,0.083644,0.521273,0.005521,0.441999,0.582018
090301340978723,0.089678,0.529902,0.005935,0.540653,0.48114
0903013410,0.088447,0.520827,0.005841,0.516831,0.510526
0903057500,0.087877,0.508331,0.005787,0.487571,0.511404
090305750021277,0.087426,0.492413,0.005758,0.459606,0.548684
090305750042553,0.088087,0.460428,0.005887,0.511393,0.510965
09030575006383,0.081242,0.409253,0.005378,0.489125,0.594298
090305750085106,0.077969,0.363434,0.005135,0.440445,0.65
090305750106383,0.063378,0.313002,0.00414,0.398239,0.717105
09030575012766,0.059805,0.263166,0.003471,0.35448,0.714035
090305750148936,0.051939,0.2349,0.00333,0.322372,0.757895
090305750170213,0.053471,0.212586,0.00334,0.303729,0.766667
090305750191489,0.047676,0.214966,0.002991,0.289228,0.772368
090305750212766,0.051069,0.24338,0.003322,0.302434,0.729386
090305750234043,0.051489,0.300208,0.003442,0.329622,0.664035
090305750255319,0.074336,0.400327,0.004911,0.418177,0.577193
090305750276596,0.089438,0.509075,0.005889,0.485759,0.499123
090305750297872,0.056533,0.506248,0.003774,0.515018,0.497368
090305750319149,0.089138,0.563076,0.005941,0.586743,0.364035
090305750340426,0.089138,0.568134,0.005945,0.623252,0.321491
090305750361702,0.089138,0.55058,0.005982,0.625583,0.329825
090305750382979,0.089138,0.578399,0.005953,0.625324,0.357456
090305750404255,0.147142,0.584945,0.009846,0.611859,0.430263
090305750425532,0.123814,0.561291,0.008336,0.598654,0.428947
090305750446809,0.089708,0.534067,0.006072,0.596064,0.42193
090305750468085,0.096794,0.515472,0.006562,0.586225,0.428509
090305750489362,0.093071,0.503273,0.006302,0.575091,0.436404
090305750510638,0.072385,0.491372,0.00489,0.556189,0.448246
090305750531915,0.070944,0.480809,0.004776,0.551528,0.44386
090305750553191,0.080311,0.474264,0.005436,0.560073,0.385965
090305750574468,0.055212,0.462362,0.003745,0.557483,0.402632
090305750595745,0.076348,0.457304,0.005199,0.559037,0.382456
090305750617021,0.067401,0.452098,0.004466,0.56784,0.402193
090305750638298,0.05227,0.443767,0.00354,0.535733,0.39386
090305750659574,0.066981,0.450164,0.004537,0.529001,0.38114
090305750680851,0.055452,0.451354,0.003683,0.511652,0.399561
090305750702128,0.05212,0.461321,0.003538,0.511911,0.349561
090305750723404,0.048847,0.475156,0.003353,0.519679,0.296491
090305750744681,0.050769,0.528414,0.0035,0.542206,0.344298
090305750765957,0.077099,0.582862,0.005318,0.575091,0.32807
090305750787234,0.086015,0.608896,0.005926,0.60927,0.372368
090305750808511,0.05215,0.582862,0.003575,0.5826,0.362281
090305750829787,0.044944,0.553853,0.003076,0.547385,0.339912
090305750851064,0.070494,0.533323,0.005004,0.52175,0.393421
09030575087234,0.049327,0.518298,0.003344,0.499741,0.375
090305750893617,0.053651,0.491669,0.003654,0.48291,0.402632
090305750914894,0.042632,0.451354,0.002904,0.449508,0.381579
09030575093617,0.071634,0.498661,0.004809,0.425686,0.532895
090305750957447,0.083073,0.505504,0.005299,0.414293,0.587281
090305750978723,0.090339,0.511604,0.005928,0.516054,0.484211
0903057510,0.088447,0.506397,0.005781,0.504402,0.569737
0903102600,0.087426,0.490479,0.005708,0.463231,0.585965
090310260021277,0.087426,0.470693,0.005733,0.426981,0.595614
090310260042553,0.083854,0.443916,0.005561,0.478509,0.55
09031026006383,0.080972,0.393335,0.00539,0.453392,0.553947
090310260085106,0.056353,0.335614,0.00371,0.397721,0.645614
090310260106383,0.054882,0.285034,0.003579,0.35448,0.696491
09031026012766,0.053621,0.23981,0.003463,0.318229,0.758333
090310260148936,0.051819,0.215858,0.003236,0.285344,0.758772
090310260170213,0.045004,0.198007,0.00291,0.255308,0.726316
090310260191489,0.044854,0.201726,0.002916,0.245728,0.773246
090310260212766,0.044344,0.22895,0.002898,0.267478,0.713158
090310260234043,0.047136,0.2831,0.003022,0.295961,0.660965
090310260255319,0.068302,0.381434,0.0044,0.379855,0.661404
090310260276596,0.085595,0.484528,0.005631,0.445106,0.603509
090310260297872,0.054551,0.473222,0.003625,0.477991,0.538158
090310260319149,0.087126,0.533323,0.005779,0.531849,0.528947
090310260340426,0.06545,0.53853,0.004358,0.561108,0.496053
090310260361702,0.073226,0.530943,0.00447,0.566546,0.47193
090310260382979,0.087126,0.55906,0.005816,0.569394,0.466228
090310260404255,0.080491,0.561291,0.005031,0.56059,0.466667
090310260425532,0.074667,0.547902,0.005019,0.550751,0.451754
090310260446809,0.067641,0.529009,0.004595,0.548162,0.467544
090310260468085,0.085175,0.52053,0.005708,0.547385,0.467105
090310260489362,0.085175,0.512645,0.00585,0.546608,0.461842
090310260510638,0.070584,0.498661,0.005376,0.529777,0.425439
090310260531915,0.087727,0.490925,0.005872,0.522268,0.482895
090310260553191,0.068842,0.486314,0.004597,0.516054,0.475877
090310260574468,0.076258,0.478132,0.005102,0.522527,0.479386
090310260595745,0.058995,0.475602,0.003941,0.512688,0.496053
090310260617021,0.053501,0.460428,0.003575,0.499223,0.460526
090310260638298,0.07956,0.453288,0.005343,0.494562,0.485965
090310260659574,0.064459,0.4518,0.004381,0.478767,0.467105
090310260680851,0.054161,0.459387,0.003639,0.468928,0.456579
090310260702128,0.054341,0.457304,0.003664,0.476178,0.421053
090310260723404,0.049868,0.46147,0.003396,0.480321,0.394298
090310260744681,0.047586,0.494644,0.00327,0.505179,0.317105
090310260765957,0.064789,0.537191,0.004474,0.531331,0.315351
090310260787234,0.066561,0.541654,0.004591,0.547126,0.281579
090310260808511,0.045665,0.50476,0.003168,0.525375,0.280263
090310260829787,0.043233,0.474264,0.002985,0.49508,0.287281
090310260851064,0.043803,0.450461,0.003018,0.465044,0.333772
09031026087234,0.041972,0.431419,0.002885,0.44666,0.319737
090310260893617,0.036928,0.40717,0.002528,0.405748,0.361404
090310260914894,0.035517,0.373847,0.002422,0.378819,0.373684
09031026093617,0.050468,0.421303,0.003407,0.368462,0.516228
090310260957447,0.053621,0.450461,0.003592,0.358105,0.485965
090310260978723,0.088657,0.460428,0.005995,0.489125,0.346491
0903102610,0.087426,0.466379,0.005835,0.476955,0.529825
0903146700,0.075838,0.440643,0.005297,0.430606,0.517982
090314670021277,0.073015,0.434246,0.004894,0.390989,0.573684
090314670042553,0.074787,0.397352,0.004998,0.436561,0.435965
09031467006383,0.067581,0.34454,0.004551,0.402123,0.503509
090314670085106,0.053531,0.284885,0.003567,0.357587,0.569737
090314670106383,0.048727,0.236537,0.003187,0.303729,0.637281
09031467012766,0.038099,0.186254,0.002497,0.260228,0.668421
090314670148936,0.038429,0.155162,0.00252,0.228638,0.701754
090314670170213,0.028942,0.134037,0.001888,0.207664,0.687281
090314670191489,0.027831,0.123029,0.00182,0.176851,0.707456
090314670212766,0.031854,0.133294,0.002081,0.171414,0.709649
090314670234043,0.034286,0.144451,0.002237,0.181512,0.70614
090314670255319,0.046986,0.181494,0.002023,0.204298,0.67807
090314670276596,0.048577,0.23371,0.001317,0.216209,0.604386
090314670297872,0.072655,0.277596,0.002179,0.227602,0.594298
090314670319149,0.090699,0.343053,0.002528,0.265148,0.594298
090314670340426,0.089138,0.402559,0.003126,0.300104,0.620614
090314670361702,0.089138,0.432163,0.003774,0.336354,0.620614
090314670382979,0.089288,0.453883,0.005634,0.375971,0.636404
090314670404255,0.089138,0.471883,0.004497,0.38581,0.638596
090314670425532,0.089138,0.449717,0.005241,0.387364,0.638596
090314670446809,0.089138,0.432014,0.003677,0.380114,0.638596
090314670468085,0.089138,0.418774,0.004246,0.367685,0.638596
090314670489362,0.089288,0.405683,0.004543,0.370792,0.611842
090314670510638,0.089438,0.390211,0.00462,0.361212,0.655702
090314670531915,0.089138,0.378905,0.005488,0.346194,0.699561
090314670553191,0.089138,0.362243,0.004117,0.34464,0.699561
090314670574468,0.085595,0.341565,0.004186,0.328586,0.696053
090314670595745,0.082263,0.336953,0.004657,0.315122,0.698246
090314670617021,0.071064,0.326242,0.003226,0.290523,0.698246
090314670638298,0.060076,0.320589,0.003436,0.284568,0.698246
090314670659574,0.057073,0.316126,0.003535,0.28405,0.690789
090314670680851,0.067882,0.310771,0.002929,0.278353,0.639035
090314670702128,0.053921,0.314787,0.003238,0.298291,0.623684
090314670723404,0.048667,0.317019,0.003214,0.313309,0.635526
090314670744681,0.05296,0.374888,0.003272,0.33506,0.624561
090314670765957,0.081302,0.441982,0.005386,0.386328,0.538596
090314670787234,0.089138,0.453883,0.005879,0.429829,0.548246
090314670808511,0.089288,0.420411,0.005955,0.416882,0.387281
090314670829787,0.089138,0.384558,0.005945,0.386846,0.494298
090314670851064,0.086706,0.360161,0.005779,0.35448,0.537719
09031467087234,0.063348,0.337846,0.004225,0.337908,0.509649
090314670893617,0.058785,0.322821,0.00392,0.320041,0.507456
090314670914894,0.051909,0.301696,0.003471,0.297255,0.464035
09031467093617,0.087006,0.332937,0.005818,0.299068,0.537719
090314670957447,0.07902,0.343499,0.005301,0.304505,0.514035
090314670978723,0.089828,0.353169,0.006066,0.40523,0.359649
0903146710,0.089288,0.331151,0.006043,0.404972,0.384649
090319100,0.089138,0.307349,0.006047,0.381409,0.398246
09031910021277,0.088807,0.272687,0.006034,0.353185,0.411842
09031910042553,0.088958,0.242487,0.006064,0.402123,0.414035
0903191006383,0.07905,0.20366,0.005347,0.38115,0.474123
09031910085106,0.059055,0.166171,0.003949,0.327033,0.530702
09031910106383,0.044284,0.13136,0.002931,0.27913,0.557456
0903191012766,0.041161,0.105177,0.002721,0.241844,0.592982
09031910148936,0.036838,0.082565,0.002447,0.200155,0.561842
09031910170213,0.024709,0.071407,0.001653,0.17478,0.560965
09031910191489,0.024439,0.073639,0.001635,0.156396,0.564035
09031910212766,0.027921,0.083606,0.001867,0.141895,0.548246
09031910234043,0.031164,0.095359,0.002079,0.141378,0.584649
09031910255319,0.031314,0.116334,0.002081,0.142931,0.657456
09031910276596,0.040291,0.14341,0.002092,0.146556,0.604386
09031910297872,0.042302,0.172121,0.001938,0.130502,0.609649
09031910319149,0.071815,0.220321,0.00211,0.142672,0.653509
09031910340426,0.034016,0.273728,0.002252,0.178923,0.666667
09031910361702,0.056533,0.322821,0.002642,0.195753,0.686404
09031910382979,0.081722,0.368194,0.003145,0.223718,0.689035
09031910404255,0.089138,0.390211,0.002426,0.22087,0.689035
09031910425532,0.089138,0.39512,0.002435,0.228638,0.667105
09031910446809,0.089138,0.382475,0.002152,0.227084,0.689035
09031910468085,0.081512,0.367301,0.002902,0.231486,0.689035
09031910489362,0.089138,0.359863,0.00242,0.22087,0.662281
09031910510638,0.089138,0.359417,0.004566,0.222941,0.75
09031910531915,0.072235,0.349003,0.004103,0.222683,0.807018
09031910553191,0.061487,0.323564,0.003309,0.221906,0.801316
09031910574468,0.051849,0.304671,0.003241,0.22087,0.789912
09031910595745,0.05314,0.297977,0.00307,0.204039,0.805702
09031910617021,0.049388,0.289943,0.003162,0.20145,0.794298
09031910638298,0.049478,0.295448,0.003,0.197307,0.800877
09031910659574,0.05323,0.307349,0.002919,0.196271,0.805702
09031910680851,0.054461,0.317019,0.003278,0.194977,0.821053
09031910702128,0.083674,0.332639,0.004024,0.226049,0.785965
09031910723404,0.075748,0.353913,0.004587,0.24754,0.704386
09031910744681,0.067581,0.409551,0.004574,0.28146,0.714035
09031910765957,0.088027,0.459982,0.00569,0.33972,0.646491
09031910787234,0.089138,0.47828,0.005777,0.404713,0.575439
09031910808511,0.089138,0.463255,0.005785,0.41015,0.610088
09031910829787,0.088207,0.44094,0.005758,0.402123,0.626754
09031910851064,0.085085,0.415353,0.005569,0.382185,0.65307
0903191087234,0.0783,0.397054,0.005125,0.366649,0.674561
09031910893617,0.061907,0.365665,0.004206,0.348006,0.679386
09031910914894,0.054822,0.336061,0.003556,0.331176,0.664474
0903191093617,0.082803,0.350788,0.005235,0.31797,0.711404
09031910957447,0.074306,0.348408,0.004809,0.315122,0.689035
09031910978723,0.090309,0.350788,0.00585,0.400829,0.569298
090319110,0.063829,0.330408,0.00429,0.390989,0.594298
0903234200,0.067882,0.318506,0.004265,0.379596,0.537719
090323420021277,0.049748,0.285034,0.003297,0.356551,0.525
090323420042553,0.053771,0.251413,0.003523,0.407043,0.437719
09032342006383,0.051219,0.218982,0.003371,0.387364,0.453509
090323420085106,0.049448,0.184915,0.003309,0.349301,0.525
090323420106383,0.044013,0.157542,0.002923,0.313568,0.561404
09032342012766,0.042302,0.136864,0.00279,0.268514,0.600439
090323420148936,0.034316,0.12526,0.002148,0.239254,0.605263
090323420170213,0.044013,0.115591,0.002902,0.214915,0.617544
090323420191489,0.035757,0.129723,0.002248,0.208441,0.611842
090323420212766,0.043173,0.168551,0.002752,0.221388,0.609211
090323420234043,0.037559,0.214668,0.00253,0.258415,0.529386
090323420255319,0.047586,0.310324,0.003504,0.332729,0.526754
090323420276596,0.071995,0.409551,0.005041,0.402123,0.48114
090323420297872,0.030323,0.413419,0.002152,0.425686,0.426316
090323420319149,0.070283,0.478578,0.004886,0.489125,0.435965
090323420340426,0.07836,0.504314,0.005287,0.539358,0.401754
090323420361702,0.067221,0.504909,0.004584,0.563956,0.375
090323420382979,0.087667,0.551324,0.005937,0.562403,0.311842
090323420404255,0.087426,0.56501,0.005854,0.553858,0.388158
090323420425532,0.087426,0.548497,0.005829,0.546608,0.433333
090323420446809,0.087426,0.531092,0.005835,0.543501,0.445614
090323420468085,0.087426,0.521273,0.005841,0.545313,0.42807
090323420489362,0.087426,0.51205,0.005852,0.541688,0.45614
090323420510638,0.087426,0.505504,0.005845,0.538063,0.437719
090323420531915,0.087426,0.497917,0.005843,0.539617,0.424561
090323420553191,0.087426,0.493157,0.005854,0.562144,0.373246
090323420574468,0.087426,0.475305,0.00591,0.561885,0.360088
090323420595745,0.087426,0.484528,0.005906,0.558778,0.398684
090323420617021,0.081722,0.480512,0.005555,0.550492,0.390789
090323420638298,0.07905,0.481999,0.005372,0.545054,0.412719
090323420659574,0.0786,0.488843,0.005326,0.537286,0.44386
090323420680851,0.084844,0.502231,0.005729,0.546867,0.4
090323420702128,0.087426,0.52291,0.00587,0.564215,0.396053
090323420723404,0.116489,0.550431,0.007871,0.595028,0.385088
090323420744681,0.122613,0.595359,0.008355,0.626618,0.338596
090323420765957,0.150084,0.621988,0.010239,0.62869,0.385526
090323420787234,0.123394,0.606665,0.0084,0.622734,0.357456
090323420808511,0.059715,0.560547,0.004082,0.581046,0.300439
090323420829787,0.048517,0.525736,0.003342,0.532885,0.309211
090323420851064,0.060736,0.50476,0.004163,0.502848,0.339474
09032342087234,0.042482,0.477239,0.00291,0.477732,0.370614
090323420893617,0.042332,0.443023,0.002885,0.440704,0.376316
090323420914894,0.03939,0.403154,0.002682,0.412222,0.410965
09032342093617,0.047496,0.439453,0.003178,0.39798,0.571053
090323420957447,0.068332,0.463255,0.004551,0.39565,0.548246
090323420978723,0.090519,0.472627,0.006055,0.493268,0.451316
0903234210,0.088297,0.47114,0.005879,0.489902,0.539474
0903279300,0.087396,0.461024,0.005814,0.44666,0.592982
090327930021277,0.078059,0.441238,0.005208,0.417141,0.586842
090327930042553,0.086196,0.41208,0.005796,0.469446,0.524123
09032793006383,0.069233,0.354359,0.004767,0.44174,0.545614
090327930085106,0.055902,0.300952,0.003716,0.384516,0.561404
090327930106383,0.058334,0.249926,0.003851,0.341274,0.624561
09032793012766,0.049448,0.199643,0.003224,0.294148,0.676316
090327930148936,0.033596,0.178072,0.002196,0.254531,0.651754
090327930170213,0.02573,0.164683,0.001685,0.228897,0.675877
090327930191489,0.027321,0.163344,0.001793,0.214397,0.670175
090327930212766,0.029753,0.195478,0.001961,0.23304,0.684649
090327930234043,0.035997,0.241446,0.002376,0.254531,0.65614
090327930255319,0.055482,0.336805,0.003637,0.331952,0.636842
090327930276596,0.062357,0.428146,0.004152,0.390212,0.552193
090327930297872,0.049748,0.426659,0.003367,0.423097,0.405263
090327930319149,0.074577,0.481851,0.00505,0.486277,0.422807
090327930340426,0.081542,0.499256,0.00538,0.536251,0.435965
090327930361702,0.075027,0.503868,0.005093,0.556447,0.378947
090327930382979,0.087667,0.549093,0.005914,0.575608,0.326754
090327930404255,0.087426,0.559357,0.00585,0.557742,0.428509
090327930425532,0.087426,0.546712,0.005845,0.552305,0.433772
090327930446809,0.087426,0.537786,0.005847,0.555412,0.424123
090327930468085,0.088057,0.529902,0.005877,0.559037,0.384211
090327930489362,0.088117,0.523207,0.005858,0.556706,0.406579
090327930510638,0.087426,0.522464,0.005816,0.548421,0.425439
090327930531915,0.087426,0.51681,0.00581,0.540394,0.429386
090327930553191,0.087426,0.513538,0.005808,0.554894,0.417982
090327930574468,0.088717,0.511752,0.005887,0.548162,0.427632
090327930595745,0.089618,0.509223,0.005947,0.543242,0.437281
090327930617021,0.087426,0.495537,0.005837,0.533661,0.484649
090327930638298,0.087426,0.491669,0.005837,0.524081,0.486842
090327930659574,0.087426,0.495983,0.005847,0.523563,0.467105
090327930680851,0.087306,0.494644,0.005847,0.529259,0.480702
090327930702128,0.085535,0.502827,0.005737,0.541429,0.471053
090327930723404,0.080972,0.50476,0.00548,0.561108,0.42807
090327930744681,0.080911,0.548944,0.005513,0.594252,0.384211
090327930765957,0.087426,0.58792,0.005933,0.600725,0.389474
090327930787234,0.07893,0.581226,0.005366,0.5826,0.395614
090327930808511,0.042512,0.540464,0.00291,0.544019,0.358333
090327930829787,0.040381,0.500446,0.002759,0.501036,0.375439
090327930851064,0.038459,0.478875,0.002619,0.471517,0.345614
09032793087234,0.041582,0.460131,0.002835,0.44407,0.342544
090327930893617,0.030383,0.41803,0.002069,0.415847,0.403947
090327930914894,0.027081,0.38069,0.001816,0.379337,0.478509
09032793093617,0.081932,0.429337,0.005372,0.371828,0.604825
090327930957447,0.042752,0.444808,0.002817,0.359917,0.544298
090327930978723,0.087997,0.459982,0.00587,0.469446,0.469298
0903279310,0.047256,0.45909,0.003178,0.468151,0.534649
0903323400,0.073286,0.447783,0.004828,0.431901,0.574123
090332340021277,0.047646,0.431568,0.003172,0.393061,0.622807
090332340042553,0.056023,0.40122,0.003544,0.442258,0.520175
09033234006383,0.046655,0.35064,0.003126,0.411704,0.557895
090332340085106,0.041161,0.293216,0.002744,0.358622,0.589035
090332340106383,0.03933,0.239066,0.002597,0.311756,0.653509
09033234012766,0.030533,0.200833,0.002007,0.265924,0.707456
090332340148936,0.027231,0.173163,0.001782,0.236147,0.676316
090332340170213,0.028972,0.164088,0.001926,0.209995,0.680263
090332340191489,0.031734,0.162005,0.002079,0.199896,0.707895
090332340212766,0.037769,0.191758,0.002459,0.240031,0.761404
090332340234043,0.041401,0.231925,0.002692,0.282755,0.713158
090332340255319,0.058454,0.325052,0.00382,0.336095,0.75
090332340276596,0.064009,0.412824,0.004169,0.393837,0.687719
090332340297872,0.032545,0.401517,0.002158,0.40523,0.530263
090332340319149,0.037318,0.455668,0.002524,0.468928,0.356579
090332340340426,0.041341,0.474561,0.002825,0.52175,0.276316
090332340361702,0.042212,0.481404,0.002887,0.554894,0.273246
090332340382979,0.049658,0.511306,0.003388,0.584671,0.357895
090332340404255,0.081482,0.546861,0.005885,0.574314,0.389035
090332340425532,0.087096,0.53377,0.005802,0.57535,0.450439
090332340446809,0.069923,0.518298,0.004636,0.57535,0.450877
090332340468085,0.085205,0.51324,0.005663,0.584412,0.474123
090332340489362,0.069713,0.509075,0.00441,0.586743,0.464912
090332340510638,0.083013,0.507736,0.005546,0.566028,0.444737
090332340531915,0.072415,0.506694,0.004846,0.559814,0.432018
090332340553191,0.064489,0.508033,0.004323,0.558519,0.432018
090332340574468,0.071154,0.499405,0.004778,0.569135,0.441667
090332340595745,0.067281,0.495537,0.004512,0.551269,0.410088
090332340617021,0.057013,0.487057,0.003828,0.535215,0.414035
090332340638298,0.056263,0.48319,0.003683,0.524599,0.398246
090332340659574,0.065029,0.484528,0.004366,0.526929,0.42807
090332340680851,0.06536,0.493752,0.004057,0.525634,0.42807
090332340702128,0.072775,0.505802,0.004574,0.532626,0.397368
090332340723404,0.043833,0.512794,0.003116,0.565769,0.344737
090332340744681,0.068392,0.561143,0.004175,0.57535,0.341667
090332340765957,0.087426,0.586284,0.005883,0.584412,0.398246
090332340787234,0.06587,0.575424,0.004435,0.583118,0.362281
090332340808511,0.044614,0.5241,0.003037,0.558778,0.260088
090332340829787,0.03945,0.48557,0.002709,0.534438,0.264474
090332340851064,0.042002,0.469057,0.002877,0.510098,0.302193
09033234087234,0.041011,0.441833,0.002798,0.48058,0.30307
090332340893617,0.028762,0.408212,0.001955,0.467374,0.327193
090332340914894,0.02672,0.375781,0.001793,0.432418,0.388596
09033234093617,0.082623,0.421006,0.005825,0.411963,0.565789
090332340957447,0.087396,0.442725,0.005677,0.398498,0.596491
090332340978723,0.091029,0.458346,0.006012,0.511652,0.423684
0903323410,0.088297,0.450759,0.005833,0.506473,0.536842
0903367500,0.087096,0.441982,0.005777,0.465821,0.586842
090336750021277,0.064609,0.426659,0.004308,0.419213,0.575877
090336750042553,0.070253,0.389765,0.004715,0.470482,0.488596
09033675006383,0.03921,0.339185,0.002642,0.439151,0.489474
090336750085106,0.02621,0.283695,0.001749,0.38581,0.561404
090336750106383,0.027171,0.232818,0.001793,0.344899,0.584211
09033675012766,0.025399,0.193692,0.00167,0.295702,0.634211
090336750148936,0.023148,0.169741,0.001516,0.268255,0.651754
090336750170213,0.022427,0.156055,0.001467,0.238995,0.67807
090336750191489,0.024469,0.155906,0.001597,0.236406,0.649123
090336750212766,0.027861,0.183576,0.001822,0.242879,0.627193
090336750234043,0.031104,0.229842,0.002052,0.280425,0.569298
090336750255319,0.048847,0.318358,0.003236,0.351372,0.577632
090336750276596,0.041522,0.405088,0.002763,0.417141,0.522807
090336750297872,0.040231,0.411782,0.0027,0.428017,0.477193
090336750319149,0.075417,0.477239,0.005054,0.502848,0.454825
090336750340426,0.084034,0.504612,0.005611,0.547385,0.421053
090336750361702,0.087426,0.508777,0.005843,0.576644,0.414912
090336750382979,0.088537,0.552812,0.005881,0.578975,0.420175
090336750404255,0.087426,0.566796,0.005748,0.572501,0.429825
090336750425532,0.087426,0.548646,0.005756,0.556189,0.433772
090336750446809,0.087426,0.528117,0.005779,0.547903,0.492544
090336750468085,0.087426,0.517554,0.005796,0.551269,0.466667
090336750489362,0.087426,0.513984,0.0058,0.550233,0.499123
090336750510638,0.087426,0.504314,0.005798,0.538063,0.525877
090336750531915,0.087426,0.492264,0.005798,0.528742,0.55
090336750553191,0.087426,0.490181,0.005793,0.550751,0.545175
090336750574468,0.080761,0.484677,0.005366,0.545831,0.533772
090336750595745,0.056263,0.479917,0.003752,0.531072,0.54693
090336750617021,0.055482,0.472181,0.003689,0.518384,0.501754
090336750638298,0.05299,0.468164,0.003535,0.504402,0.530263
090336750659574,0.043443,0.475602,0.002896,0.501813,0.492544
090336750680851,0.043803,0.485421,0.002919,0.493009,0.510088
090336750702128,0.048667,0.505058,0.003238,0.505438,0.50614
090336750723404,0.087426,0.522017,0.00581,0.520456,0.567982
090336750744681,0.085955,0.569325,0.005725,0.54117,0.544298
090336750765957,0.078029,0.586284,0.005239,0.563698,0.478947
090336750787234,0.090159,0.602946,0.006049,0.614707,0.430263
090336750808511,0.040291,0.570068,0.002719,0.603055,0.424561
090336750829787,0.046746,0.537191,0.003155,0.577421,0.376316
090336750851064,0.060466,0.522017,0.004073,0.554376,0.439474
09033675087234,0.043683,0.50119,0.002937,0.523822,0.434649
090336750893617,0.041792,0.456114,0.002792,0.498446,0.442105
090336750914894,0.036268,0.420559,0.002422,0.466598,0.429825
09033675093617,0.048307,0.467867,0.003191,0.44666,0.555702
090336750957447,0.045545,0.483487,0.002983,0.425686,0.563596
090336750978723,0.089768,0.495537,0.005914,0.537286,0.420175
0903367510,0.085385,0.485272,0.005663,0.520456,0.537281
0903411600,0.087727,0.473222,0.00582,0.500518,0.584211
090341160021277,0.076948,0.454032,0.005089,0.459347,0.632456
090341160042553,0.081812,0.41922,0.005444,0.520197,0.549561
09034116006383,0.056353,0.362987,0.00376,0.482134,0.56886
090341160085106,0.045875,0.311961,0.003049,0.442517,0.567105
090341160106383,0.043623,0.263314,0.002879,0.389436,0.61886
09034116012766,0.036177,0.216156,0.002376,0.342569,0.692105
090341160148936,0.027981,0.192502,0.001826,0.309684,0.728947
090341160170213,0.029302,0.177179,0.001942,0.2913,0.733772
090341160191489,0.028582,0.180006,0.001843,0.277317,0.740351
090341160212766,0.042632,0.204552,0.002757,0.294148,0.778947
090341160234043,0.049718,0.26019,0.003126,0.330399,0.767982
090341160255319,0.068302,0.3554,0.004456,0.402641,0.703509
090341160276596,0.056023,0.443172,0.003685,0.459865,0.61886
090341160297872,0.030023,0.458941,0.001998,0.476178,0.567982
090341160319149,0.076588,0.521273,0.005083,0.536769,0.562281
090341160340426,0.088357,0.549093,0.00571,0.576126,0.516667
090341160361702,0.074997,0.56025,0.00494,0.586743,0.504825
090341160382979,0.090309,0.603689,0.005958,0.590886,0.488158
090341160404255,0.088057,0.617673,0.005723,0.570689,0.510526
090341160425532,0.087426,0.601904,0.0057,0.549456,0.569298
090341160446809,0.083133,0.578994,0.005461,0.548421,0.558772
090341160468085,0.087426,0.565457,0.005748,0.539876,0.523246
090341160489362,0.087426,0.555043,0.005771,0.539358,0.547368
090341160510638,0.057524,0.540464,0.003816,0.516054,0.550877
090341160531915,0.069803,0.526034,0.004614,0.506732,0.56886
090341160553191,0.071304,0.515918,0.004703,0.508545,0.549123
090341160574468,0.076108,0.50357,0.005019,0.506214,0.592544
090341160595745,0.050588,0.491818,0.003346,0.491973,0.525
090341160617021,0.046355,0.476495,0.003093,0.479026,0.491228
090341160638298,0.043773,0.463999,0.002931,0.46841,0.477193
090341160659574,0.043743,0.468015,0.002925,0.455205,0.489474
090341160680851,0.043773,0.473073,0.002929,0.445106,0.486842
090341160702128,0.045064,0.491074,0.003018,0.449508,0.489035
090341160723404,0.047796,0.49881,0.003207,0.469446,0.481579
090341160744681,0.049027,0.539572,0.003303,0.489125,0.467105
090341160765957,0.070704,0.584796,0.004747,0.526411,0.446053
090341160787234,0.085355,0.599226,0.005681,0.553858,0.503509
090341160808511,0.059775,0.570068,0.004003,0.537027,0.460526
090341160829787,0.045274,0.537935,0.003049,0.511911,0.417544
090341160851064,0.053981,0.511306,0.003644,0.483428,0.454825
09034116087234,0.044104,0.497917,0.002973,0.459606,0.475439
090341160893617,0.043683,0.459536,0.002921,0.419472,0.488596
090341160914894,0.03927,0.415948,0.002619,0.378301,0.499561
09034116093617,0.056653,0.470991,0.003731,0.367167,0.639474
090341160957447,0.061367,0.48795,0.003997,0.35914,0.650877
090341160978723,0.085145,0.496132,0.005571,0.44407,0.591228
0903411610,0.073856,0.495537,0.004867,0.43216,0.638596
0903456700,0.077309,0.463553,0.005075,0.405748,0.67807
090345670021277,0.072685,0.458197,0.004771,0.374158,0.703947
090345670042553,0.074997,0.419964,0.004954,0.421025,0.595175
09034567006383,0.056083,0.360904,0.003702,0.383998,0.61886
090345670085106,0.048367,0.297977,0.003174,0.338426,0.662719
090345670106383,0.045094,0.247248,0.002935,0.296996,0.727632
09034567012766,0.035817,0.201428,0.002318,0.249871,0.736404
090345670148936,0.034376,0.172716,0.002137,0.217504,0.823246
090345670170213,0.037288,0.147724,0.002036,0.194459,0.841667
090345670191489,0.035877,0.141327,0.001672,0.179441,0.860526
090345670212766,0.028432,0.154567,0.001847,0.171414,0.839912
090345670234043,0.031014,0.166617,0.001988,0.176851,0.813158
090345670255319,0.033175,0.204552,0.001572,0.183584,0.828947
090345670276596,0.034736,0.251711,0.002156,0.205852,0.796053
090345670297872,0.042152,0.29277,0.001855,0.200932,0.822368
090345670319149,0.059445,0.3615,0.003427,0.229156,0.813158
090345670340426,0.073106,0.410592,0.003903,0.26463,0.794737
090345670361702,0.075988,0.443172,0.004103,0.285085,0.794737
090345670382979,0.085535,0.476644,0.005008,0.301398,0.785526
090345670404255,0.082593,0.481702,0.004828,0.292595,0.772807
090345670425532,0.071484,0.465933,0.004103,0.283532,0.789035
090345670446809,0.069893,0.44332,0.003903,0.272139,0.783772
090345670468085,0.057434,0.414906,0.003307,0.263076,0.760088
090345670489362,0.044614,0.397798,0.002881,0.253755,0.735088
090345670510638,0.044314,0.379946,0.002862,0.242361,0.759649
090345670531915,0.038099,0.362392,0.002457,0.232004,0.74693
090345670553191,0.034226,0.347218,0.002208,0.223977,0.757456
090345670574468,0.032245,0.321482,0.002075,0.209218,0.807895
090345670595745,0.032965,0.311812,0.00211,0.198343,0.785965
090345670617021,0.056113,0.301547,0.00259,0.184102,0.760088
090345670638298,0.040651,0.294406,0.002567,0.179959,0.794298
090345670659574,0.05236,0.292175,0.003224,0.179182,0.780263
090345670680851,0.040831,0.288456,0.002651,0.176334,0.73114
090345670702128,0.030473,0.301696,0.001975,0.182807,0.725
090345670723404,0.032485,0.309283,0.002106,0.188503,0.757456
090345670744681,0.03999,0.363285,0.002594,0.232004,0.674561
090345670765957,0.054161,0.453436,0.003529,0.279389,0.596053
090345670787234,0.065059,0.476198,0.004258,0.362506,0.554386
090345670808511,0.050048,0.449717,0.003301,0.357328,0.557895
090345670829787,0.043713,0.409104,0.002877,0.340497,0.564035
090345670851064,0.03981,0.390211,0.002615,0.319006,0.608333
09034567087234,0.032815,0.370872,0.00216,0.296737,0.584211
090345670893617,0.037979,0.351235,0.002489,0.275764,0.602632
090345670914894,0.032635,0.332937,0.002079,0.255567,0.64386
09034567093617,0.041672,0.354656,0.002711,0.245469,0.651754
090345670957447,0.033686,0.35778,0.002204,0.240031,0.610088
090345670978723,0.048937,0.363285,0.003249,0.330658,0.496053
0903456710,0.041161,0.348557,0.002746,0.326774,0.536842
09035100,0.056203,0.324457,0.003737,0.300104,0.578947
0903510021277,0.043653,0.288158,0.002908,0.267219,0.591667
0903510042553,0.045034,0.254984,0.003016,0.316157,0.564474
090351006383,0.037018,0.221214,0.00247,0.284568,0.594737
0903510085106,0.03981,0.181642,0.00263,0.23537,0.649123
0903510106383,0.04008,0.14579,0.002619,0.191352,0.722368
090351012766,0.038339,0.116781,0.002489,0.160798,0.767105
0903510148936,0.042332,0.101904,0.002356,0.128949,0.809649
0903510170213,0.030683,0.085391,0.001847,0.108493,0.827632
0903510191489,0.023688,0.08554,0.001539,0.07535,0.763596
0903510212766,0.021226,0.096995,0.001367,0.067323,0.80307
0903510234043,0.023808,0.101458,0.001539,0.067582,0.810526
0903510255319,0.023568,0.123624,0.001518,0.062921,0.847807
0903510276596,0.025579,0.153526,0.001261,0.112895,0.850439
0903510297872,0.027681,0.176138,0.001215,0.030295,0.853509
0903510319149,0.024979,0.235495,0.001556,0.096841,0.898246
0903510340426,0.027591,0.287266,0.001747,0.126618,0.865789
0903510361702,0.057914,0.329961,0.003658,0.153288,0.897368
0903510382979,0.057524,0.36507,0.002964,0.165717,0.923684
0903510404255,0.044734,0.381434,0.00274,0.174521,0.922807
0903510425532,0.045605,0.374293,0.002784,0.177369,0.89693
0903510446809,0.042783,0.358524,0.002713,0.17711,0.895614
0903510468085,0.04005,0.344689,0.002528,0.182289,0.921053
0903510489362,0.045515,0.33011,0.002875,0.18203,0.873246
0903510510638,0.050018,0.32044,0.003162,0.188762,0.861404
0903510531915,0.030593,0.301547,0.001938,0.180994,0.885965
0903510553191,0.038669,0.283249,0.002443,0.173744,0.834211
0903510574468,0.027561,0.262719,0.001749,0.167012,0.858772
0903510595745,0.027291,0.247248,0.001726,0.168824,0.85
0903510617021,0.027861,0.237281,0.001764,0.15536,0.858333
0903510638298,0.031314,0.232074,0.001988,0.146297,0.823246
0903510659574,0.029152,0.225231,0.001859,0.142672,0.808772
0903510680851,0.029602,0.22047,0.00189,0.151476,0.767982
0903510702128,0.030563,0.226718,0.001965,0.166235,0.748684
0903510723404,0.032455,0.236537,0.002104,0.18436,0.70307
0903510744681,0.040291,0.288456,0.002624,0.218022,0.686404
0903510765957,0.054071,0.371764,0.003533,0.268773,0.689912
0903510787234,0.058725,0.412972,0.003851,0.343086,0.660965
0903510808511,0.048157,0.39393,0.003174,0.347488,0.651316
0903510829787,0.041882,0.377715,0.002744,0.321595,0.705263
0903510851064,0.041311,0.359863,0.002684,0.305541,0.719298
090351087234,0.03993,0.343053,0.002212,0.27188,0.707895
0903510893617,0.036087,0.317316,0.001832,0.244433,0.744737
0903510914894,0.028191,0.292324,0.001818,0.221906,0.77193
090351093617,0.034346,0.31568,0.001454,0.222424,0.839474
0903510957447,0.031494,0.319994,0.001847,0.220352,0.797368
0903510978723,0.049267,0.326242,0.003029,0.302693,0.760526
09035110,0.03981,0.308093,0.002582,0.293112,0.676316
0903544200,0.075838,0.297828,0.003789,0.267996,0.681579
090354420021277,0.044194,0.279976,0.002646,0.245728,0.681579
090354420042553,0.050829,0.258852,0.003328,0.295443,0.667982
09035442006383,0.050859,0.222404,0.003274,0.288452,0.688158
090354420085106,0.044344,0.193544,0.002894,0.247022,0.753947
090354420106383,0.044224,0.170634,0.002225,0.233299,0.765789
09035442012766,0.044404,0.148319,0.001934,0.180476,0.809649
090354420148936,0.03993,0.127641,0.002086,0.119886,0.822368
090354420170213,0.045845,0.116186,0.001606,0.10202,0.831579
090354420191489,0.06593,0.133591,0.001506,0.08985,0.831579
090354420212766,0.045425,0.167212,0.001903,0.101502,0.831579
090354420234043,0.02663,0.209908,0.001718,0.130502,0.83114
090354420255319,0.058725,0.299762,0.002732,0.189021,0.809649
090354420276596,0.035457,0.37831,0.002304,0.251683,0.695614
090354420297872,0.023838,0.388426,0.001585,0.29363,0.58114
090354420319149,0.029212,0.446296,0.00194,0.346712,0.565351
090354420340426,0.03963,0.479024,0.002613,0.394355,0.482018
090354420361702,0.044884,0.500149,0.002991,0.420249,0.489474
090354420382979,0.064039,0.544778,0.004524,0.440963,0.536404
090354420404255,0.073796,0.559506,0.005299,0.447178,0.485088
090354420425532,0.077879,0.552217,0.005187,0.445624,0.491667
090354420446809,0.064249,0.535109,0.004032,0.446919,0.499123
090354420468085,0.087336,0.524844,0.005806,0.460901,0.490351
090354420489362,0.087426,0.519786,0.00581,0.464008,0.502632
090354420510638,0.084724,0.516215,0.005625,0.461937,0.501754
090354420531915,0.086075,0.510116,0.005717,0.460642,0.503509
090354420553191,0.087426,0.503868,0.0058,0.473071,0.483772
090354420574468,0.084454,0.499702,0.00564,0.477732,0.482456
090354420595745,0.083373,0.494049,0.005492,0.475919,0.461842
090354420617021,0.07923,0.492859,0.005401,0.472553,0.476754
090354420638298,0.082353,0.481404,0.005598,0.470999,0.501316
090354420659574,0.080461,0.492711,0.005368,0.467374,0.520175
090354420680851,0.07893,0.490033,0.005305,0.467115,0.538596
090354420702128,0.087336,0.491967,0.005827,0.474107,0.482018
090354420723404,0.069293,0.502529,0.004668,0.484982,0.435526
090354420744681,0.055212,0.498066,0.003741,0.480062,0.435526
090354420765957,0.06641,0.557275,0.004481,0.476437,0.463596
090354420787234,0.0789,0.56144,0.005322,0.510357,0.425877
090354420808511,0.049388,0.519786,0.003351,0.496116,0.427632
090354420829787,0.042813,0.469057,0.002896,0.449508,0.382456
090354420851064,0.042602,0.454478,0.002892,0.406784,0.411404
09035442087234,0.040771,0.43127,0.002775,0.36898,0.428509
090354420893617,0.038639,0.399881,0.002621,0.332988,0.430702
090354420914894,0.033926,0.364177,0.002293,0.301398,0.443421
09035442093617,0.040861,0.402112,0.002727,0.279648,0.559649
090354420957447,0.043383,0.428146,0.002879,0.272398,0.538158
090354420978723,0.084724,0.443172,0.005642,0.374417,0.492982
0903544210,0.061997,0.427403,0.004184,0.365096,0.519298
0903588300,0.081092,0.43737,0.005453,0.320818,0.555263
090358830021277,0.063708,0.413121,0.004281,0.28638,0.627632
090358830042553,0.064909,0.384409,0.004283,0.331952,0.570614
09035883006383,0.045515,0.339334,0.003087,0.297773,0.580702
090358830085106,0.040861,0.281613,0.002732,0.250647,0.6
090358830106383,0.035517,0.238471,0.002356,0.204816,0.675877
09035883012766,0.030203,0.186105,0.001994,0.163646,0.662281
090358830148936,0.036057,0.169741,0.002362,0.132574,0.746053
090358830170213,0.044464,0.164386,0.002894,0.120404,0.809649
090358830191489,0.029152,0.155162,0.00189,0.105645,0.755702
090358830212766,0.040951,0.18194,0.002659,0.117297,0.781579
090358830234043,0.038009,0.223594,0.002468,0.162092,0.759211
090358830255319,0.068422,0.314341,0.00447,0.203004,0.735526
090358830276596,0.06527,0.347962,0.002439,0.267219,0.628509
090358830297872,0.033415,0.357632,0.002246,0.303729,0.480263
090358830319149,0.042933,0.388575,0.002898,0.363801,0.476316
090358830340426,0.047616,0.47233,0.003226,0.411445,0.447807
090358830361702,0.077189,0.499256,0.00522,0.440704,0.460965
090358830382979,0.087877,0.551175,0.00585,0.45624,0.490789
090358830404255,0.087426,0.57349,0.005754,0.452874,0.544737
090358830425532,0.085475,0.565308,0.005775,0.457276,0.554386
090358830446809,0.087426,0.553704,0.005777,0.467633,0.552193
090358830468085,0.087426,0.549539,0.005752,0.467633,0.512281
090358830489362,0.087426,0.553109,0.005739,0.472553,0.527632
090358830510638,0.087426,0.552217,0.005731,0.468151,0.547368
090358830531915,0.089078,0.552068,0.005843,0.466598,0.517544
090358830553191,0.088297,0.551175,0.005779,0.474883,0.54693
090358830574468,0.097214,0.55296,0.006334,0.473071,0.643421
090358830595745,0.106671,0.549836,0.006932,0.465562,0.639035
090358830617021,0.126786,0.547456,0.008247,0.46116,0.639035
090358830638298,0.116729,0.543142,0.007592,0.44899,0.682895
090358830659574,0.095533,0.54463,0.006182,0.426981,0.673246
090358830680851,0.09238,0.542844,0.00596,0.453133,0.616228
090358830702128,0.090609,0.541654,0.005831,0.465303,0.633772
090358830723404,0.088868,0.532728,0.0058,0.480839,0.535965
090358830744681,0.087306,0.535257,0.005779,0.493268,0.554386
090358830765957,0.050709,0.553407,0.003388,0.491455,0.568421
090358830787234,0.072925,0.567391,0.004886,0.518902,0.515351
090358830808511,0.043113,0.529456,0.002912,0.494045,0.45
090358830829787,0.042963,0.486165,0.002898,0.452615,0.440351
090358830851064,0.043593,0.459685,0.002941,0.409373,0.454825
09035883087234,0.042002,0.435287,0.002844,0.373382,0.470614
090358830893617,0.037889,0.394377,0.002528,0.334801,0.482895
090358830914894,0.028402,0.367599,0.001903,0.304764,0.508333
09035883093617,0.042302,0.407319,0.002798,0.287416,0.625
090358830957447,0.043833,0.423683,0.002879,0.2768,0.610965
090358830978723,0.087937,0.436328,0.005796,0.369239,0.575877
0903588310,0.047256,0.43127,0.003143,0.362248,0.581579
0903633400,0.047526,0.418923,0.003164,0.323925,0.630702
090363340021277,0.046535,0.395567,0.003093,0.286639,0.628509
090363340042553,0.046806,0.365516,0.003126,0.329363,0.553509
09036334006383,0.043743,0.311514,0.002923,0.299327,0.588158
090363340085106,0.035367,0.260637,0.00237,0.24521,0.639474
090363340106383,0.034046,0.215858,0.00225,0.204816,0.719298
09036334012766,0.024589,0.175543,0.001612,0.160798,0.747368
090363340148936,0.023898,0.15055,0.00156,0.13361,0.785965
090363340170213,0.02648,0.141178,0.001716,0.115484,0.802193
090363340191489,0.027801,0.149658,0.001797,0.10927,0.780702
090363340212766,0.034376,0.177031,0.002216,0.122216,0.827632
090363340234043,0.033866,0.21809,0.002189,0.155101,0.752193
090363340255319,0.043173,0.299464,0.002808,0.213361,0.698246
090363340276596,0.041492,0.370872,0.002723,0.283273,0.60307
090363340297872,0.027621,0.385004,0.001834,0.317711,0.58114
090363340319149,0.043533,0.443767,0.00291,0.374935,0.482456
090363340340426,0.05257,0.482148,0.00354,0.418695,0.469737
090363340361702,0.059385,0.516513,0.003984,0.439927,0.545175
090363340382979,0.087426,0.573193,0.005791,0.454169,0.579386
090363340404255,0.087426,0.592978,0.005733,0.445883,0.614474
090363340425532,0.087426,0.582118,0.005715,0.440963,0.666228
090363340446809,0.085475,0.576614,0.005592,0.44407,0.684211
090363340468085,0.089348,0.578251,0.005783,0.44899,0.629386
090363340489362,0.087426,0.58197,0.00564,0.454169,0.632018
090363340510638,0.123454,0.579143,0.00785,0.445883,0.673246
090363340531915,0.134802,0.578697,0.008168,0.445365,0.664035
090363340553191,0.150414,0.580333,0.009884,0.451838,0.639035
090363340574468,0.150354,0.579887,0.009884,0.451838,0.652193
090363340595745,0.150414,0.580333,0.009852,0.449767,0.643421
090363340617021,0.116729,0.574085,0.007698,0.44407,0.627632
090363340638298,0.087426,0.568581,0.00576,0.442517,0.62807
090363340659574,0.087426,0.571854,0.005708,0.442258,0.661842
090363340680851,0.087426,0.565754,0.005737,0.444847,0.632456
090363340702128,0.083614,0.559952,0.005519,0.455463,0.627632
090363340723404,0.062808,0.54091,0.004188,0.468928,0.568421
090363340744681,0.046325,0.538976,0.003103,0.47566,0.534211
090363340765957,0.056023,0.564713,0.003766,0.48291,0.497807
090363340787234,0.07851,0.577804,0.005293,0.511911,0.433333
090363340808511,0.053321,0.535555,0.003625,0.501813,0.335088
090363340829787,0.042422,0.494049,0.002898,0.461419,0.357018
090363340851064,0.042843,0.461619,0.002921,0.417141,0.357456
09036334087234,0.041762,0.437816,0.002856,0.375453,0.408772
090363340893617,0.041371,0.406873,0.002808,0.346194,0.458333
090363340914894,0.04002,0.373996,0.0027,0.302952,0.462281
09036334093617,0.043563,0.41208,0.00291,0.298032,0.544737
090363340957447,0.043983,0.426361,0.002916,0.287934,0.516228
090363340978723,0.085595,0.436626,0.005698,0.375971,0.456579
0903633410,0.054702,0.435436,0.003683,0.36898,0.537719
0906774500,0.043623,0.420113,0.002933,0.329622,0.540789
090677450021277,0.042813,0.396608,0.002875,0.288452,0.522807
090677450042553,0.043533,0.359714,0.002931,0.334801,0.469737
09067745006383,0.048697,0.306903,0.003268,0.308648,0.507456
090677450085106,0.034016,0.255727,0.002291,0.257639,0.529825
090677450106383,0.031224,0.21199,0.002088,0.210513,0.604825
09067745012766,0.031134,0.178816,0.002073,0.168566,0.625439
090677450148936,0.02579,0.156799,0.00171,0.137235,0.666228
090677450170213,0.034796,0.145939,0.002295,0.115484,0.667982
090677450191489,0.030443,0.151592,0.002017,0.106163,0.677193
090677450212766,0.034316,0.181196,0.00227,0.118591,0.669737
090677450234043,0.03969,0.218834,0.002644,0.151994,0.626316
090677450255319,0.045935,0.299316,0.003089,0.221906,0.626754
090677450276596,0.049628,0.370277,0.003342,0.300363,0.548684
090677450297872,0.047136,0.382178,0.003189,0.342828,0.578509
090677450319149,0.086135,0.440345,0.005748,0.408856,0.516228
090677450340426,0.089768,0.483487,0.005912,0.461678,0.47807
090677450361702,0.090429,0.51324,0.005939,0.490937,0.425
090677450382979,0.09202,0.574829,0.006064,0.500777,0.389474
090677450404255,0.093191,0.598929,0.006232,0.508286,0.436404
090677450425532,0.093041,0.599375,0.00623,0.512429,0.454386
090677450446809,0.090549,0.593276,0.006032,0.5145,0.375
090677450468085,0.090999,0.595061,0.006026,0.515536,0.413596
090677450489362,0.132731,0.606516,0.008866,0.52175,0.441228
090677450510638,0.138015,0.611871,0.009321,0.518902,0.45
090677450531915,0.137895,0.611871,0.00931,0.522786,0.442105
090677450553191,0.150114,0.615739,0.01021,0.536251,0.392982
090677450574468,0.150624,0.623921,0.010237,0.533402,0.392105
090677450595745,0.173202,0.622583,0.011741,0.530036,0.452193
090677450617021,0.160142,0.617376,0.010931,0.527965,0.410088
090677450638298,0.19698,0.618417,0.013446,0.530036,0.412719
090677450659574,0.207788,0.622583,0.014179,0.527965,0.430263
090677450680851,0.150444,0.618863,0.01023,0.533661,0.451754
090677450702128,0.152756,0.616037,0.01037,0.546608,0.485088
090677450723404,0.137024,0.596549,0.009289,0.560849,0.485088
090677450744681,0.13216,0.596697,0.008959,0.575608,0.457456
090677450765957,0.126666,0.605772,0.008646,0.578198,0.455263
090677450787234,0.179747,0.631806,0.012237,0.570948,0.46886
090677450808511,0.084484,0.592234,0.005744,0.531072,0.507456
090677450829787,0.069503,0.553407,0.004649,0.488866,0.514912
090677450851064,0.049988,0.519042,0.003363,0.446142,0.467982
09067745087234,0.047556,0.48557,0.003205,0.410409,0.465351
090677450893617,0.043323,0.439899,0.002921,0.365355,0.452632
090677450914894,0.03993,0.393187,0.002698,0.323925,0.48114
09067745093617,0.072535,0.427105,0.004863,0.300621,0.581579
090677450957447,0.043053,0.439899,0.002906,0.295702,0.528509
090677450978723,0.068392,0.445701,0.004674,0.387882,0.448684
0906774510,0.060376,0.432907,0.004142,0.375453,0.433333
0906818600,0.05209,0.409253,0.003571,0.321336,0.462281
090681860021277,0.042993,0.382624,0.002941,0.283532,0.425877
090681860042553,0.044073,0.341714,0.003043,0.321854,0.376754
09068186006383,0.034856,0.283993,0.002393,0.296479,0.496491
090681860085106,0.029032,0.23371,0.001969,0.243397,0.545175
090681860106383,0.029602,0.19161,0.002002,0.196271,0.503509
09068186012766,0.027411,0.157989,0.001847,0.153288,0.600877
090681860148936,0.02681,0.140583,0.001791,0.124806,0.625
090681860170213,0.022217,0.131657,0.001475,0.105386,0.676754
090681860191489,0.021556,0.138203,0.001421,0.100725,0.697368
090681860212766,0.027351,0.165278,0.001811,0.112636,0.650877
090681860234043,0.030803,0.201131,0.002069,0.14552,0.599123
090681860255319,0.044164,0.2831,0.002979,0.215432,0.572368
090681860276596,0.044013,0.3554,0.002991,0.285862,0.486842
090681860297872,0.017834,0.371764,0.002048,0.328845,0.42807
090681860319149,0.042542,0.434692,0.002906,0.391248,0.43114
090681860340426,0.061096,0.485867,0.004155,0.438892,0.449123
090681860361702,0.083854,0.524695,0.00564,0.472553,0.478947
090681860382979,0.086826,0.585242,0.005825,0.484982,0.451316
090681860404255,0.087997,0.606367,0.005816,0.481098,0.500439
090681860425532,0.152546,0.604731,0.010241,0.479285,0.420614
090681860446809,0.152756,0.60607,0.01032,0.48058,0.454825
090681860468085,0.135853,0.611871,0.00919,0.484723,0.442544
090681860489362,0.150114,0.618863,0.010195,0.488089,0.435526
090681860510638,0.150114,0.615888,0.010185,0.480321,0.496491
090681860531915,0.162093,0.616483,0.010999,0.460124,0.543421
090681860553191,0.154377,0.60964,0.010559,0.470999,0.507018
090681860574468,0.160802,0.601012,0.010999,0.462714,0.486404
090681860595745,0.166747,0.59521,0.011479,0.455205,0.550439
090681860617021,0.156029,0.588069,0.01053,0.447954,0.619737
090681860638298,0.146421,0.580036,0.009609,0.440445,0.592982
090681860659574,0.084574,0.574085,0.005621,0.437079,0.63114
090681860680851,0.149814,0.56873,0.009944,0.44174,0.604386
090681860702128,0.067792,0.565457,0.00452,0.450803,0.572807
090681860723404,0.072295,0.545076,0.004807,0.477214,0.559649
090681860744681,0.067882,0.540018,0.004522,0.486794,0.529825
090681860765957,0.075477,0.553258,0.005037,0.498964,0.538158
090681860787234,0.076078,0.559506,0.005073,0.520715,0.489035
090681860808511,0.044674,0.52172,0.002995,0.494562,0.431579
090681860829787,0.042903,0.480363,0.002902,0.455722,0.427632
090681860851064,0.042002,0.452693,0.002846,0.413775,0.448684
09068186087234,0.042092,0.427105,0.002848,0.386328,0.474123
090681860893617,0.041011,0.389319,0.002757,0.33739,0.536842
090681860914894,0.035127,0.350491,0.002345,0.298032,0.585965
09068186093617,0.059535,0.401071,0.004111,0.286639,0.575
090681860957447,0.042392,0.422196,0.002885,0.279389,0.482456
090681860978723,0.075147,0.444213,0.005141,0.381668,0.491228
0906818610,0.060706,0.428741,0.004111,0.378301,0.50614
0906863700,0.051459,0.395716,0.003149,0.33972,0.50307
090686370021277,0.050588,0.382624,0.00333,0.296996,0.497368
090686370042553,0.044254,0.342011,0.003022,0.333506,0.445614
09068637006383,0.041071,0.283993,0.002796,0.295702,0.525439
090686370085106,0.03915,0.229694,0.002715,0.247022,0.565789
090686370106383,0.031344,0.178965,0.002108,0.205852,0.592982
09068637012766,0.029302,0.141773,0.001951,0.154583,0.692544
090686370148936,0.023898,0.121095,0.001548,0.124288,0.726316
090686370170213,0.025609,0.101904,0.00167,0.096323,0.744737
090686370191489,0.024078,0.100863,0.001564,0.079492,0.75
090686370212766,0.024619,0.10726,0.001597,0.075091,0.780263
090686370234043,0.02633,0.117078,0.001708,0.083635,0.775439
090686370255319,0.027321,0.152336,0.001774,0.107198,0.746053
090686370276596,0.030924,0.194734,0.001924,0.136199,0.702193
090686370297872,0.031824,0.230735,0.002077,0.154324,0.716228
090686370319149,0.040711,0.287266,0.00269,0.192905,0.675
090686370340426,0.043293,0.332937,0.002856,0.227861,0.664912
090686370361702,0.044374,0.364772,0.002946,0.256085,0.638158
090686370382979,0.060196,0.409402,0.004128,0.280684,0.630263
090686370404255,0.058214,0.418179,0.003866,0.280425,0.651316
090686370425532,0.049778,0.405832,0.00329,0.277317,0.642105
090686370446809,0.045575,0.398988,0.003078,0.26696,0.681579
090686370468085,0.048097,0.391401,0.003162,0.258415,0.710526
090686370489362,0.047256,0.386343,0.003168,0.257639,0.709211
090686370510638,0.044824,0.384261,0.002941,0.247799,0.704386
090686370531915,0.040261,0.376079,0.002605,0.234076,0.689912
090686370553191,0.037348,0.369384,0.002445,0.220611,0.689474
090686370574468,0.041011,0.363285,0.002686,0.214138,0.667544
090686370595745,0.041431,0.362987,0.002719,0.204298,0.679386
090686370617021,0.03978,0.359863,0.002601,0.193682,0.698246
090686370638298,0.037769,0.35421,0.00247,0.188762,0.727632
090686370659574,0.038489,0.354954,0.002516,0.193941,0.678509
090686370680851,0.037258,0.352574,0.002445,0.203521,0.689912
090686370702128,0.033265,0.358673,0.002183,0.224236,0.648684
090686370723404,0.037378,0.34945,0.002455,0.251683,0.593421
090686370744681,0.042242,0.36864,0.002819,0.285603,0.564912
090686370765957,0.062628,0.424874,0.004148,0.338167,0.532895
090686370787234,0.075447,0.453585,0.005021,0.396168,0.535526
090686370808511,0.071574,0.431122,0.004578,0.397721,0.502632
090686370829787,0.048097,0.396608,0.003336,0.36898,0.522368
090686370851064,0.047166,0.374442,0.003008,0.341533,0.538158
09068637087234,0.042392,0.347218,0.002829,0.313827,0.527632
090686370893617,0.040291,0.326391,0.002686,0.28405,0.568421
090686370914894,0.035577,0.30482,0.00236,0.261781,0.58114
09068637093617,0.043623,0.329961,0.002898,0.255567,0.566667
090686370957447,0.041702,0.334871,0.0028,0.258415,0.506579
090686370978723,0.070373,0.339929,0.004967,0.357069,0.428509
0906863710,0.045064,0.308093,0.003054,0.352926,0.448684
0906907100,0.041281,0.28429,0.002796,0.313827,0.465789
090690710021277,0.037529,0.238024,0.00252,0.268255,0.514912
090690710042553,0.041011,0.206932,0.002767,0.31564,0.453947
09069071006383,0.031464,0.173609,0.002221,0.283532,0.498246
090690710085106,0.027981,0.135525,0.001847,0.233299,0.555263
090690710106383,0.0266,0.110235,0.001716,0.185137,0.592544
09069071012766,0.024859,0.08554,0.001643,0.144226,0.640789
090690710148936,0.021436,0.072151,0.001342,0.109529,0.668421
090690710170213,0.021496,0.067539,0.001359,0.081823,0.685526
090690710191489,0.022097,0.068432,0.001381,0.063956,0.693421
090690710212766,0.021857,0.070663,0.001394,0.048679,0.699561
090690710234043,0.020265,0.07349,0.001327,0.045054,0.692982
090690710255319,0.023718,0.098631,0.001554,0.045054,0.699561
090690710276596,0.024859,0.126748,0.001629,0.066028,0.694737
090690710297872,0.022847,0.158286,0.001483,0.06784,0.761842
090690710319149,0.027051,0.201577,0.001743,0.103573,0.698684
090690710340426,0.029542,0.242785,0.001888,0.146556,0.630263
090690710361702,0.029602,0.277893,0.001965,0.184878,0.567544
090690710382979,0.030984,0.317316,0.002173,0.204557,0.584211
090690710404255,0.034106,0.331449,0.002273,0.217245,0.56886
090690710425532,0.032725,0.329961,0.002183,0.227343,0.575439
090690710446809,0.031524,0.321184,0.00214,0.2232,0.561842
090690710468085,0.030623,0.311812,0.00204,0.223459,0.567544
090690710489362,0.030773,0.310176,0.002044,0.225531,0.571053
090690710510638,0.030173,0.301696,0.002019,0.223718,0.572368
090690710531915,0.029873,0.29396,0.001988,0.210772,0.585088
090690710553191,0.031764,0.284142,0.00211,0.205852,0.585088
090690710574468,0.029753,0.26867,0.001978,0.190575,0.569298
090690710595745,0.027981,0.262273,0.001861,0.177369,0.617544
090690710617021,0.027111,0.255876,0.001795,0.170637,0.659649
090690710638298,0.027171,0.249926,0.001791,0.166494,0.648246
090690710659574,0.027471,0.247099,0.001803,0.166753,0.624123
090690710680851,0.027231,0.236239,0.001805,0.175298,0.583772
090690710702128,0.028221,0.246504,0.001884,0.200932,0.529825
090690710723404,0.028011,0.243082,0.001882,0.230968,0.503509
090690710744681,0.034316,0.281018,0.002368,0.283532,0.507456
090690710765957,0.042122,0.332639,0.002927,0.343604,0.455263
090690710787234,0.056203,0.367301,0.004123,0.431901,0.398246
090690710808511,0.044284,0.346772,0.003043,0.453392,0.340351
090690710829787,0.048487,0.327284,0.003334,0.438374,0.363596
090690710851064,0.041221,0.311812,0.002987,0.412998,0.357018
09069071087234,0.03987,0.297679,0.002655,0.386069,0.398684
090690710893617,0.032605,0.270604,0.002223,0.342569,0.429825
090690710914894,0.030533,0.246653,0.002063,0.298032,0.450877
09069071093617,0.036508,0.279976,0.002362,0.270844,0.498246
090690710957447,0.030173,0.285778,0.002036,0.254272,0.476316
090690710978723,0.042843,0.293216,0.002973,0.328586,0.403509
0906907110,0.034346,0.26748,0.00221,0.317452,0.409211
0906951200,0.028251,0.248884,0.001899,0.284568,0.410088
090695120021277,0.027861,0.221809,0.001853,0.260746,0.424123
090695120042553,0.029693,0.188039,0.002032,0.317193,0.358333
09069512006383,0.029753,0.164534,0.002117,0.292077,0.402632
090695120085106,0.027081,0.131806,0.001822,0.25738,0.45307
090695120106383,0.02615,0.102499,0.001741,0.216727,0.513596
09069512012766,0.024499,0.079887,0.001649,0.177628,0.521491
090695120148936,0.022727,0.068878,0.001525,0.143967,0.581579
090695120170213,0.025489,0.057126,0.00168,0.124806,0.582895
090695120191489,0.023838,0.064267,0.001595,0.115484,0.594298
090695120212766,0.025219,0.073193,0.001606,0.128431,0.575877
090695120234043,0.025579,0.072597,0.001745,0.161056,0.482895
090695120255319,0.033956,0.109491,0.002401,0.240808,0.460965
090695120276596,0.041942,0.144451,0.002948,0.352926,0.353947
090695120297872,0.035817,0.164237,0.002536,0.421802,0.258333
090695120319149,0.044194,0.207081,0.003149,0.493268,0.205702
090695120340426,0.049207,0.255132,0.003538,0.523822,0.219737
090695120361702,0.042452,0.278935,0.002979,0.515018,0.220614
090695120382979,0.046505,0.334424,0.003469,0.516313,0.237719
090695120404255,0.043293,0.35659,0.003045,0.507509,0.247807
090695120425532,0.042963,0.355103,0.003012,0.494303,0.25307
090695120446809,0.043203,0.35064,0.003018,0.489902,0.229825
090695120468085,0.042452,0.34454,0.002958,0.478767,0.282456
090695120489362,0.043023,0.340226,0.002987,0.475401,0.267982
090695120510638,0.043353,0.335614,0.003008,0.46349,0.317982
090695120531915,0.043953,0.322821,0.003039,0.451579,0.314474
090695120553191,0.043473,0.313597,0.00301,0.456758,0.305263
090695120574468,0.043233,0.305713,0.003012,0.454687,0.292982
090695120595745,0.043563,0.297233,0.003022,0.444329,0.318421
090695120617021,0.042242,0.287861,0.002927,0.434231,0.283333
090695120638298,0.042542,0.285034,0.002948,0.430606,0.325877
090695120659574,0.042933,0.285778,0.002966,0.441999,0.305702
090695120680851,0.047166,0.286224,0.003278,0.472553,0.240351
090695120702128,0.062387,0.307647,0.00436,0.512429,0.257456
090695120723404,0.06602,0.325796,0.004639,0.56551,0.239474
090695120744681,0.085715,0.368492,0.006032,0.621958,0.209649
090695120765957,0.09241,0.418477,0.006473,0.660539,0.114912
090695120787234,0.09229,0.438709,0.006518,0.67245,0.152632
090695120808511,0.085985,0.407319,0.006059,0.646556,0.197368
090695120829787,0.076618,0.377715,0.005407,0.60668,0.2
090695120851064,0.05209,0.355549,0.00365,0.560073,0.27807
09069512087234,0.043023,0.335466,0.003078,0.510875,0.295614
090695120893617,0.041041,0.313895,0.00284,0.453651,0.309649
090695120914894,0.032275,0.286224,0.002225,0.404195,0.397368
09069512093617,0.037889,0.315829,0.002586,0.362248,0.433333
090695120957447,0.035007,0.325052,0.002383,0.327033,0.425439
090695120978723,0.068362,0.34454,0.004639,0.424133,0.457018
0906951210,0.046205,0.340821,0.003118,0.4174,0.482018
0906995300,0.042963,0.326837,0.002914,0.376489,0.394737
090699530021277,0.038519,0.308837,0.002628,0.342828,0.386842
090699530042553,0.049478,0.280125,0.003382,0.400311,0.351316
09069953006383,0.038099,0.241892,0.002607,0.37131,0.325
090699530085106,0.036358,0.20485,0.002486,0.320818,0.432018
090699530106383,0.038099,0.169741,0.002561,0.273175,0.475
09069953012766,0.033025,0.142666,0.002219,0.227602,0.492105
090699530148936,0.027711,0.123475,0.001861,0.190057,0.508333
090699530170213,0.0396,0.12169,0.002636,0.16753,0.587719
090699530191489,0.031644,0.129426,0.002108,0.161056,0.601754
090699530212766,0.034316,0.152484,0.002289,0.176075,0.567982
090699530234043,0.042602,0.195478,0.002854,0.216209,0.540789
090699530255319,0.047346,0.277447,0.003216,0.308907,0.529825
090699530276596,0.061547,0.344392,0.004225,0.416882,0.341667
090699530297872,0.066921,0.357185,0.005079,0.480321,0.345614
090699530319149,0.086165,0.422493,0.006186,0.549456,0.349123
090699530340426,0.089168,0.462511,0.006219,0.579492,0.303509
090699530361702,0.090128,0.496727,0.006186,0.578457,0.276316
090699530382979,0.142909,0.555489,0.009846,0.590627,0.324561
090699530404255,0.174493,0.572746,0.012023,0.577162,0.340789
090699530425532,0.163024,0.56382,0.011225,0.577421,0.312719
090699530446809,0.139756,0.548646,0.00962,0.581564,0.333333
090699530468085,0.101507,0.545076,0.006957,0.584153,0.34693
090699530489362,0.090699,0.541208,0.006155,0.583376,0.311842
090699530510638,0.098985,0.542844,0.00672,0.588814,0.324561
090699530531915,0.089288,0.533026,0.006012,0.585966,0.315351
090699530553191,0.088807,0.517406,0.005989,0.595287,0.342105
090699530574468,0.079801,0.501041,0.005399,0.595805,0.270614
090699530595745,0.070794,0.489884,0.004809,0.589332,0.269737
090699530617021,0.063528,0.481404,0.004348,0.572501,0.378947
090699530638298,0.042272,0.471437,0.002892,0.549456,0.403947
090699530659574,0.053321,0.469206,0.003652,0.56784,0.335088
090699530680851,0.041401,0.471586,0.002875,0.602538,0.253509
090699530702128,0.074817,0.479173,0.005129,0.649404,0.20614
090699530723404,0.058905,0.48676,0.341808,0.699637,0.186404
090699530744681,0.057614,0.510562,0.011223,0.755567,0.210526
090699530765957,0.058514,0.523207,0.358386,0.793889,0.212281
090699530787234,0.089678,0.55058,0.006136,0.839461,0.047807
090699530808511,0.089738,0.517852,0.006153,0.834801,0.066667
090699530829787,0.07905,0.489289,0.005459,0.797773,0.092544
090699530851064,0.053921,0.463999,0.003762,0.755567,0.066228
09069953087234,0.059175,0.438114,0.004128,0.713102,0.142982
090699530893617,0.051399,0.404939,0.00356,0.657949,0.165789
090699530914894,0.042092,0.372806,0.002929,0.601243,0.185965
09069953093617,0.125015,0.419369,0.008631,0.534697,0.285088
090699530957447,0.043203,0.43975,0.002997,0.478767,0.299123
090699530978723,0.087486,0.451651,0.006055,0.544278,0.307456
0906995310,0.072805,0.449717,0.005002,0.525634,0.341228
090704400,0.062477,0.436924,0.004265,0.485241,0.378947
09070440021277,0.048817,0.411931,0.003328,0.447695,0.35
09070440042553,0.058004,0.3795,0.003976,0.49508,0.262719
0907044006383,0.042482,0.324308,0.002927,0.469964,0.267544
09070440085106,0.044464,0.273282,0.003047,0.414293,0.354386
09070440106383,0.041431,0.229098,0.002827,0.366649,0.42807
0907044012766,0.040951,0.188783,0.002763,0.323666,0.480702
09070440148936,0.037919,0.171675,0.002547,0.291041,0.520175
09070440170213,0.036958,0.162005,0.00247,0.257897,0.568421
09070440191489,0.034346,0.164832,0.002291,0.256603,0.601754
09070440212766,0.038789,0.195775,0.002584,0.268255,0.581579
09070440234043,0.041642,0.239512,0.002792,0.318488,0.531579
09070440255319,0.06575,0.323713,0.004483,0.424133,0.444737
09070440276596,0.07878,0.388277,0.005409,0.555412,0.342544
09070440297872,0.031794,0.387682,0.002212,0.639047,0.196053
09070440319149,0.06641,0.441386,0.004634,0.739254,0.176316
09070440340426,0.088417,0.47114,0.00613,0.778871,0.175439
09070440361702,0.086466,0.486909,0.005976,0.773951,0.201754
09070440382979,0.115798,0.537935,0.008014,0.7768,0.200439
09070440404255,0.091389,0.549836,0.006321,0.768255,0.221491
09070440425532,0.084875,0.531985,0.005881,0.75479,0.247368
09070440446809,0.061367,0.507587,0.004225,0.720352,0.232895
09070440468085,0.082593,0.502231,0.005679,0.718022,0.285088
09070440489362,0.085055,0.5,0.00581,0.716986,0.294737
09070440510638,0.053381,0.482594,0.003658,0.695236,0.260965
09070440531915,0.046896,0.470098,0.003228,0.671414,0.226316
09070440553191,0.070373,0.47114,0.004834,0.688503,0.274561
09070440574468,0.070223,0.465486,0.004823,0.701191,0.243421
09070440595745,0.068002,0.46623,0.004661,0.693682,0.251754
09070440617021,0.072415,0.46385,0.00495,0.681771,0.266228
09070440638298,0.075147,0.457453,0.005135,0.676075,0.272368
09070440659574,0.076948,0.462511,0.005249,0.677628,0.244737
09070440680851,0.047676,0.463999,0.003288,0.702486,0.198684
09070440702128,0.075477,0.47947,0.005245,0.743915,0.187719
09070440723404,0.084214,0.497471,0.005872,0.794925,0.132018
09070440744681,0.083313,0.533472,0.005806,0.847229,0.124561
09070440765957,0.086946,0.573341,0.005974,0.875712,0.151754
09070440787234,0.124475,0.602202,0.008594,0.91507,0.104386
09070440808511,0.102408,0.575424,0.007094,0.906266,0.126316
09070440829787,0.093161,0.540315,0.00645,0.874935,0.126754
09070440851064,0.090879,0.518596,0.0063,0.828068,0.116667
0907044087234,0.112946,0.498215,0.007796,0.781978,0.198684
09070440893617,0.125105,0.461619,0.008604,0.731745,0.208772
09070440914894,0.082623,0.426659,0.0057,0.661056,0.270175
0907044093617,0.074607,0.464743,0.00511,0.597359,0.380702
09070440957447,0.072145,0.473966,0.004933,0.537804,0.309211
09070440978723,0.098325,0.489586,0.006764,0.596841,0.36886
090704410,0.076648,0.486462,0.005197,0.563439,0.419298
0907084500,0.073766,0.467272,0.004954,0.513465,0.446053
090708450021277,0.071785,0.450164,0.004763,0.472035,0.475877
090708450042553,0.072685,0.412229,0.004863,0.525117,0.390351
09070845006383,0.064939,0.362541,0.00436,0.491973,0.474561
090708450085106,0.062628,0.310919,0.004196,0.445106,0.511404
090708450106383,0.044734,0.259893,0.003004,0.389436,0.521491
09070845012766,0.043803,0.221214,0.002931,0.343345,0.551754
090708450148936,0.043263,0.196519,0.002896,0.306059,0.522368
090708450170213,0.043563,0.180899,0.002912,0.275505,0.6
090708450191489,0.044104,0.188188,0.002921,0.267219,0.608333
090708450212766,0.044644,0.218834,0.002968,0.284309,0.592544
090708450234043,0.046595,0.261381,0.003116,0.328586,0.603509
090708450255319,0.067431,0.357929,0.004553,0.440186,0.477632
090708450276596,0.087847,0.425617,0.005926,0.554117,0.421491
090708450297872,0.059025,0.418179,0.004073,0.629467,0.286842
090708450319149,0.06635,0.466825,0.004591,0.716468,0.240351
090708450340426,0.087967,0.499405,0.006045,0.748835,0.257895
090708450361702,0.088207,0.513984,0.006074,0.737183,0.208772
090708450382979,0.087757,0.551324,0.006045,0.735629,0.248246
090708450404255,0.087637,0.56144,0.006026,0.724236,0.257018
090708450425532,0.086075,0.541059,0.005941,0.717504,0.257018
090708450446809,0.070043,0.520083,0.00485,0.711548,0.206579
090708450468085,0.05296,0.508182,0.0037,0.705334,0.213158
090708450489362,0.080371,0.497917,0.005575,0.703263,0.27807
090708450510638,0.070253,0.489735,0.004836,0.685655,0.265351
090708450531915,0.087547,0.48319,0.005966,0.679441,0.301316
090708450553191,0.088267,0.476941,0.005955,0.685914,0.341228
090708450574468,0.088357,0.469354,0.005947,0.6797,0.360965
090708450595745,0.091299,0.464594,0.00614,0.669083,0.359649
090708450617021,0.088868,0.459387,0.005958,0.669601,0.412719
090708450638298,0.07842,0.451503,0.005262,0.612895,0.365789
090708450659574,0.06593,0.448527,0.00447,0.646556,0.296053
090708450680851,0.049267,0.455668,0.003407,0.650181,0.297368
090708450702128,0.076979,0.474412,0.005297,0.674262,0.280263
090708450723404,0.091149,0.493603,0.00625,0.705593,0.297368
090708450744681,0.096944,0.543291,0.006633,0.747799,0.254825
090708450765957,0.127987,0.596697,0.008758,0.776541,0.271491
090708450787234,0.187102,0.611425,0.01281,0.816157,0.237281
090708450808511,0.109253,0.585838,0.007526,0.814863,0.193421
090708450829787,0.093071,0.552663,0.006415,0.787157,0.205702
090708450851064,0.107482,0.533472,0.007312,0.755826,0.312281
09070845087234,0.108563,0.50967,0.00737,0.710513,0.308772
090708450893617,0.071815,0.466677,0.004888,0.665717,0.297368
090708450914894,0.069953,0.423386,0.004782,0.609529,0.289912
09070845093617,0.074997,0.470693,0.005154,0.548679,0.435965
090708450957447,0.05233,0.477685,0.003627,0.49508,0.315789
090708450978723,0.095803,0.486314,0.006687,0.564992,0.358333
0907084510,0.097154,0.482297,0.00667,0.534438,0.451316
0907128600,0.088777,0.464743,0.005995,0.49275,0.507456
090712860021277,0.077819,0.440791,0.005243,0.459347,0.512719
090712860042553,0.084274,0.40717,0.005696,0.514241,0.486404
09071286006383,0.075778,0.355549,0.005108,0.477473,0.523684
090712860085106,0.067371,0.298572,0.004495,0.427499,0.570175
090712860106383,0.046565,0.251711,0.003114,0.374158,0.500439
09071286012766,0.044434,0.209759,0.002985,0.326774,0.521491
090712860148936,0.044584,0.1867,0.002991,0.29855,0.523246
090712860170213,0.049478,0.172716,0.003284,0.277576,0.636404
090712860191489,0.042933,0.170039,0.00284,0.263335,0.645614
090712860212766,0.046145,0.195031,0.003058,0.276023,0.660965
090712860234043,0.045455,0.238024,0.003039,0.307613,0.587281
090712860255319,0.056323,0.326986,0.003814,0.396686,0.532018
090712860276596,0.074937,0.398542,0.005091,0.490678,0.48114
090712860297872,0.07893,0.394674,0.005376,0.566287,0.399561
090712860319149,0.090459,0.448676,0.006132,0.646556,0.352632
090712860340426,0.13135,0.465784,0.008943,0.691611,0.289035
090712860361702,0.11901,0.493157,0.008176,0.685914,0.307456
090712860382979,0.152456,0.536447,0.010453,0.695495,0.300439
090712860404255,0.150054,0.549985,0.01026,0.677887,0.324123
090712860425532,0.132941,0.535406,0.009067,0.670119,0.382895
090712860446809,0.100516,0.516067,0.006834,0.663905,0.389474
090712860468085,0.096343,0.504314,0.006529,0.652771,0.390789
090712860489362,0.095292,0.496281,0.00645,0.649404,0.400877
090712860510638,0.091329,0.489884,0.006186,0.632833,0.414912
090712860531915,0.09178,0.491223,0.006186,0.606939,0.491667
090712860553191,0.097274,0.487057,0.006577,0.608234,0.496491
090712860574468,0.091089,0.4759,0.006186,0.627654,0.398246
090712860595745,0.090639,0.467123,0.006059,0.611859,0.483333
090712860617021,0.089138,0.463255,0.005937,0.601761,0.484211
090712860638298,0.088297,0.463255,0.005858,0.573796,0.54693
090712860659574,0.087667,0.463701,0.005847,0.572242,0.567982
090712860680851,0.087426,0.4759,0.005841,0.57768,0.551316
090712860702128,0.089138,0.495983,0.005908,0.597877,0.52193
090712860723404,0.089318,0.510414,0.005901,0.624288,0.459211
090712860744681,0.090279,0.545968,0.005949,0.656655,0.49386
090712860765957,0.090038,0.566052,0.005901,0.678405,0.403509
090712860787234,0.094872,0.573788,0.006346,0.71854,0.344298
090712860808511,0.090729,0.54091,0.00613,0.732522,0.27807
090712860829787,0.090189,0.510562,0.006076,0.707923,0.326754
090712860851064,0.089138,0.488545,0.006001,0.679959,0.371053
09071286087234,0.088117,0.468908,0.005964,0.652512,0.422368
090712860893617,0.081782,0.440048,0.005544,0.599171,0.457895
090712860914894,0.053951,0.407766,0.003702,0.554635,0.414474
09071286093617,0.075447,0.460131,0.005158,0.535474,0.433772
090712860957447,0.075237,0.481702,0.005137,0.5,0.472368
090712860978723,0.081992,0.490777,0.005642,0.582859,0.396491
0907128610,0.07845,0.479173,0.005336,0.555412,0.432456
0907172700,0.077489,0.446593,0.005212,0.516313,0.460526
090717270021277,0.076588,0.436626,0.005093,0.46608,0.489474
090717270042553,0.081302,0.397054,0.005436,0.508545,0.469298
09071727006383,0.075477,0.343648,0.005021,0.473589,0.575
090717270085106,0.071845,0.284737,0.004744,0.425686,0.663158
090717270106383,0.055542,0.235198,0.003621,0.373382,0.740789
09071727012766,0.049418,0.188783,0.003195,0.329622,0.701754
090717270148936,0.043383,0.160666,0.002833,0.28638,0.677193
090717270170213,0.032305,0.137757,0.002119,0.247799,0.665351
090717270191489,0.027681,0.128831,0.00182,0.222165,0.676754
090717270212766,0.031224,0.137905,0.002052,0.228379,0.676316
090717270234043,0.031524,0.147426,0.002075,0.232522,0.686404
090717270255319,0.040411,0.187295,0.002659,0.256862,0.692544
090717270276596,0.043203,0.228652,0.002842,0.292077,0.682018
090717270297872,0.038009,0.276703,0.002516,0.303988,0.712281
090717270319149,0.070614,0.343201,0.004601,0.359658,0.655263
090717270340426,0.082413,0.401964,0.00539,0.414811,0.654825
090717270361702,0.096493,0.44213,0.0063,0.44174,0.676316
090717270382979,0.102198,0.486314,0.006685,0.473848,0.622807
090717270404255,0.103939,0.495388,0.006761,0.462714,0.605263
090717270425532,0.103429,0.477834,0.006757,0.457535,0.614912
090717270446809,0.103669,0.466974,0.006755,0.452615,0.622368
090717270468085,0.103579,0.447486,0.006745,0.433195,0.637719
090717270489362,0.102978,0.436626,0.006712,0.427758,0.664474
090717270510638,0.101447,0.417882,0.006624,0.405748,0.650439
090717270531915,0.096043,0.396162,0.006265,0.392543,0.662719
090717270553191,0.091269,0.376525,0.005939,0.389694,0.669737
090717270574468,0.085505,0.360904,0.005552,0.366649,0.704825
090717270595745,0.077039,0.351235,0.00499,0.352926,0.714035
090717270617021,0.075988,0.335763,0.004915,0.33506,0.757456
090717270638298,0.074787,0.334424,0.004817,0.318747,0.74693
090717270659574,0.075057,0.336805,0.004836,0.324961,0.728947
090717270680851,0.075117,0.345135,0.004842,0.321336,0.717982
090717270702128,0.074697,0.364029,0.004836,0.339979,0.671053
090717270723404,0.057344,0.371467,0.003762,0.357328,0.652193
090717270744681,0.06644,0.414758,0.004383,0.398239,0.607018
090717270765957,0.09205,0.48319,0.006122,0.456758,0.563596
090717270787234,0.104449,0.521571,0.006936,0.524081,0.443421
090717270808511,0.106791,0.497471,0.007137,0.559037,0.405702
090717270829787,0.102708,0.461767,0.006907,0.539617,0.431579
090717270851064,0.100967,0.439601,0.006813,0.520974,0.453947
09071727087234,0.098775,0.420411,0.006645,0.489902,0.507456
090717270893617,0.100216,0.391699,0.006664,0.467633,0.541667
090717270914894,0.093311,0.363285,0.006174,0.429311,0.6
09071727093617,0.089048,0.385153,0.005862,0.416624,0.595175
090717270957447,0.090999,0.394228,0.005985,0.401088,0.552632
090717270978723,0.100757,0.386046,0.006701,0.485241,0.471491
0907172710,0.093911,0.36864,0.006248,0.464267,0.517982
0907216100,0.09181,0.340524,0.006105,0.433972,0.528947
090721610021277,0.080942,0.303184,0.005378,0.38581,0.554386
090721610042553,0.083554,0.272687,0.005573,0.437597,0.482456
09072161006383,0.067341,0.22776,0.004476,0.396427,0.559649
090721610085106,0.054521,0.191758,0.003587,0.346453,0.619737
090721610106383,0.05224,0.162452,0.00344,0.310202,0.611842
09072161012766,0.043923,0.129872,0.002902,0.259451,0.591667
090721610148936,0.043263,0.120946,0.002856,0.217245,0.637281
090721610170213,0.036988,0.103392,0.002426,0.185396,0.725877
090721610191489,0.040231,0.098929,0.002609,0.165717,0.792544
090721610212766,0.046836,0.098334,0.003008,0.160539,0.77807
090721610234043,0.044914,0.103541,0.002894,0.152512,0.806579
090721610255319,0.044974,0.124814,0.002898,0.159244,0.810526
090721610276596,0.051429,0.160071,0.003311,0.170637,0.823684
090721610297872,0.036988,0.187295,0.0023,0.165199,0.851754
090721610319149,0.064789,0.245165,0.003945,0.200414,0.852632
090721610340426,0.079771,0.294258,0.005073,0.249612,0.825877
090721610361702,0.083974,0.33249,0.00533,0.288969,0.81886
090721610382979,0.089078,0.374442,0.005336,0.311756,0.778509
090721610404255,0.087306,0.397501,0.004815,0.323149,0.807456
090721610425532,0.076438,0.38679,0.004655,0.31564,0.773684
090721610446809,0.075027,0.374591,0.004117,0.306577,0.783772
090721610468085,0.067011,0.357929,0.00383,0.303988,0.788158
090721610489362,0.062177,0.340524,0.004005,0.30347,0.752193
090721610510638,0.049418,0.332639,0.003199,0.305541,0.748684
090721610531915,0.048607,0.310473,0.003155,0.295443,0.732895
090721610553191,0.049538,0.294406,0.003228,0.298291,0.664035
090721610574468,0.046866,0.277298,0.003074,0.282755,0.648684
090721610595745,0.054762,0.263612,0.003577,0.277835,0.667105
090721610617021,0.032094,0.254686,0.002119,0.288452,0.605702
090721610638298,0.045334,0.252157,0.002995,0.282755,0.594298
090721610659574,0.036208,0.247992,0.00241,0.303729,0.52807
090721610680851,0.051729,0.25543,0.003434,0.310461,0.582018
090721610702128,0.050468,0.272538,0.003365,0.350078,0.527193
090721610723404,0.046205,0.284737,0.003097,0.375971,0.523684
090721610744681,0.062357,0.34335,0.004188,0.410668,0.501316
090721610765957,0.086436,0.416989,0.005804,0.455463,0.525877
090721610787234,0.10472,0.472925,0.006973,0.526929,0.44693
090721610808511,0.103939,0.461619,0.006936,0.561367,0.454386
090721610829787,0.096253,0.440196,0.006481,0.562403,0.444737
090721610851064,0.09199,0.423088,0.006194,0.548938,0.457456
09072161087234,0.093041,0.404195,0.006203,0.525634,0.5
090721610893617,0.095082,0.37593,0.006259,0.484982,0.618421
090721610914894,0.087306,0.340077,0.005702,0.451838,0.617544
09072161093617,0.080221,0.359863,0.005216,0.418695,0.662719
090721610957447,0.076438,0.361351,0.004971,0.399793,0.617544
090721610978723,0.094392,0.370425,0.006182,0.460642,0.573684
0907216110,0.085625,0.339036,0.005611,0.442517,0.582895
0907261200,0.083554,0.321779,0.005478,0.400311,0.608772
090726120021277,0.07941,0.290241,0.00521,0.375712,0.608772
090726120042553,0.081092,0.259447,0.005322,0.424392,0.547807
09072612006383,0.072295,0.234603,0.004749,0.399275,0.577193
090726120085106,0.054672,0.200238,0.003579,0.361989,0.630263
090726120106383,0.049958,0.171526,0.003253,0.323408,0.654386
09072612012766,0.044674,0.157691,0.002906,0.280943,0.677193
090726120148936,0.038669,0.141476,0.002505,0.25246,0.691667
090726120170213,0.044374,0.138947,0.002871,0.232004,0.722807
090726120191489,0.043233,0.153972,0.002786,0.219575,0.781579
090726120212766,0.046025,0.18551,0.00296,0.244433,0.786842
090726120234043,0.051699,0.241,0.003332,0.280425,0.793421
090726120255319,0.079891,0.335763,0.005158,0.375453,0.712719
090726120276596,0.086886,0.422642,0.005621,0.461678,0.650877
090726120297872,0.085295,0.413567,0.005548,0.527447,0.599561
090726120319149,0.087667,0.466379,0.00565,0.592957,0.572368
090726120340426,0.089918,0.481107,0.00576,0.642413,0.483772
090726120361702,0.089768,0.477983,0.005789,0.646556,0.452632
090726120382979,0.089618,0.529604,0.005796,0.649922,0.448684
090726120404255,0.127957,0.543737,0.008375,0.629208,0.536404
090726120425532,0.107061,0.527075,0.007067,0.6261,0.504386
090726120446809,0.138826,0.510414,0.009173,0.627136,0.450439
090726120468085,0.150024,0.505356,0.00983,0.630243,0.496053
090726120489362,0.153357,0.495537,0.009975,0.641895,0.496053
090726120510638,0.160802,0.495686,0.010507,0.641636,0.525877
090726120531915,0.151585,0.484082,0.009813,0.631279,0.457456
090726120553191,0.164075,0.47947,0.010692,0.633351,0.511404
090726120574468,0.158911,0.474412,0.010411,0.627654,0.444737
090726120595745,0.154678,0.468164,0.010089,0.624288,0.473246
090726120617021,0.150024,0.460726,0.009769,0.601761,0.513596
090726120638298,0.156929,0.442874,0.010268,0.592957,0.47807
090726120659574,0.15804,0.457602,0.010299,0.583118,0.555263
090726120680851,0.159121,0.463701,0.010386,0.610823,0.554825
090726120702128,0.164015,0.475751,0.010704,0.635422,0.555702
090726120723404,0.162483,0.481404,0.01065,0.671155,0.489474
090726120744681,0.162604,0.505356,0.010704,0.724495,0.436842
090726120765957,0.169509,0.545076,0.011107,0.738995,0.465351
090726120787234,0.18413,0.57111,0.011961,0.745728,0.482018
090726120808511,0.177645,0.538976,0.011608,0.723718,0.475877
090726120829787,0.163744,0.501488,0.01076,0.700932,0.441667
090726120851064,0.112015,0.469949,0.00738,0.669083,0.453947
09072612087234,0.10493,0.45061,0.006903,0.626359,0.492544
090726120893617,0.089918,0.415799,0.005899,0.58985,0.497807
090726120914894,0.086766,0.376376,0.005758,0.540135,0.489035
09072612093617,0.093431,0.423683,0.006192,0.493009,0.555702
090726120957447,0.087667,0.444511,0.00581,0.450026,0.543421
090726120978723,0.097904,0.453585,0.006498,0.525117,0.500877
0907261210,0.099135,0.454775,0.006541,0.510098,0.556579
0907305300,0.09205,0.441386,0.006061,0.469187,0.553509
090730530021277,0.090008,0.427998,0.005916,0.431642,0.588596
090730530042553,0.09265,0.394823,0.006103,0.481875,0.566228
09073053006383,0.091389,0.343499,0.005989,0.453133,0.568421
090730530085106,0.082052,0.282803,0.005349,0.398239,0.65307
090730530106383,0.063738,0.236834,0.004136,0.357328,0.734649
09073053012766,0.050618,0.19994,0.003263,0.316934,0.707895
090730530148936,0.045755,0.172419,0.002968,0.280166,0.694737
090730530170213,0.050438,0.160369,0.003263,0.261781,0.740789
090730530191489,0.047106,0.166022,0.003041,0.251683,0.761842
090730530212766,0.051669,0.189676,0.003322,0.274987,0.798246
090730530234043,0.050528,0.234008,0.003255,0.301139,0.761842
090730530255319,0.072475,0.328325,0.004703,0.386846,0.636404
090730530276596,0.074817,0.407617,0.004873,0.470223,0.587281
090730530297872,0.076258,0.405237,0.004973,0.53159,0.565789
090730530319149,0.087667,0.458792,0.005683,0.597618,0.550439
090730530340426,0.089618,0.475007,0.005783,0.625324,0.43114
090730530361702,0.089438,0.480958,0.00582,0.633868,0.445614
090730530382979,0.090339,0.531687,0.005887,0.649922,0.382456
090730530404255,0.122193,0.542398,0.008062,0.65536,0.428947
090730530425532,0.120031,0.53258,0.008,0.65769,0.382895
090730530446809,0.110754,0.519786,0.007374,0.651217,0.41886
090730530468085,0.111625,0.516067,0.007455,0.66261,0.407895
090730530489362,0.107872,0.520232,0.007214,0.672708,0.379825
090730530510638,0.125045,0.511901,0.008417,0.669342,0.397368
090730530531915,0.119161,0.504463,0.007943,0.668566,0.390351
090730530553191,0.123604,0.500595,0.008238,0.67711,0.376754
090730530574468,0.125946,0.498512,0.008405,0.686691,0.280263
090730530595745,0.137204,0.497471,0.008928,0.679959,0.309649
090730530617021,0.117179,0.488694,0.007808,0.66986,0.353947
090730530638298,0.102258,0.479768,0.00689,0.642672,0.36886
090730530659574,0.097274,0.483636,0.006516,0.647074,0.434211
090730530680851,0.102858,0.492264,0.006944,0.650181,0.383772
090730530702128,0.102258,0.492413,0.006911,0.665458,0.35614
090730530723404,0.097454,0.486016,0.006701,0.688762,0.32807
090730530744681,0.096734,0.496281,0.00656,0.711807,0.345175
090730530765957,0.100667,0.524695,0.006809,0.699379,0.362719
090730530787234,0.106761,0.554746,0.007231,0.702745,0.334649
090730530808511,0.101087,0.524695,0.006568,0.684102,0.338158
090730530829787,0.089948,0.487801,0.006115,0.648369,0.372807
090730530851064,0.073286,0.459982,0.00479,0.611082,0.371053
09073053087234,0.066891,0.436031,0.00451,0.577939,0.399123
090730530893617,0.050168,0.398691,0.003403,0.535992,0.335965
090730530914894,0.045665,0.367301,0.003126,0.49275,0.373246
09073053093617,0.059835,0.416245,0.004067,0.457017,0.501316
090730530957447,0.067191,0.432461,0.00484,0.433972,0.464474
090730530978723,0.082112,0.446296,0.00585,0.520715,0.399123
0907305310,0.084064,0.445701,0.00581,0.516572,0.474123
0907349400,0.082803,0.435138,0.005648,0.479803,0.511404
090734940021277,0.075417,0.420411,0.005025,0.448472,0.540789
090734940042553,0.084274,0.385302,0.005814,0.504661,0.426316
09073494006383,0.080581,0.331003,0.00538,0.47566,0.441228
090734940085106,0.058845,0.278786,0.004107,0.425168,0.524123
090734940106383,0.053291,0.229991,0.003571,0.376489,0.54693
09073494012766,0.047676,0.191015,0.003182,0.329881,0.553947
090734940148936,0.042332,0.167807,0.002815,0.300363,0.578947
090734940170213,0.037589,0.155906,0.002474,0.277835,0.591228
090734940191489,0.050408,0.162005,0.003322,0.268514,0.688158
090734940212766,0.045214,0.18551,0.002968,0.280943,0.651754
090734940234043,0.047166,0.234454,0.003126,0.3058,0.623246
090734940255319,0.058995,0.334127,0.003955,0.386069,0.524561
090734940276596,0.073496,0.416245,0.004909,0.475142,0.511842
090734940297872,0.073736,0.408658,0.004927,0.510098,0.488596
090734940319149,0.080851,0.455817,0.005403,0.579234,0.481579
090734940340426,0.072025,0.471437,0.004805,0.603055,0.45307
090734940361702,0.069022,0.474264,0.004647,0.596064,0.437719
090734940382979,0.068692,0.518298,0.00463,0.590886,0.425877
090734940404255,0.069052,0.526927,0.004639,0.575608,0.456579
090734940425532,0.043083,0.515769,0.002919,0.568358,0.37193
090734940446809,0.053441,0.504909,0.003623,0.568099,0.487281
090734940468085,0.051789,0.49152,0.003484,0.558519,0.450439
090734940489362,0.055332,0.486165,0.003735,0.553599,0.427632
090734940510638,0.043833,0.481553,0.002964,0.535733,0.424123
090734940531915,0.059865,0.474859,0.004013,0.531849,0.502632
090734940553191,0.063498,0.479322,0.004227,0.539099,0.47807
090734940574468,0.069653,0.474412,0.004632,0.544278,0.498246
090734940595745,0.069773,0.468164,0.004639,0.537804,0.496053
090734940617021,0.058154,0.460428,0.003889,0.53651,0.494737
090734940638298,0.049988,0.458197,0.003351,0.522527,0.498246
090734940659574,0.048757,0.457751,0.003278,0.513723,0.503947
090734940680851,0.055512,0.459982,0.00372,0.512947,0.519298
090734940702128,0.060736,0.467272,0.004065,0.522527,0.489912
090734940723404,0.05278,0.465486,0.003542,0.522786,0.511842
090734940744681,0.043023,0.472776,0.002894,0.525117,0.442982
090734940765957,0.046325,0.495983,0.003122,0.51942,0.497368
090734940787234,0.062057,0.536745,0.004136,0.550233,0.482018
090734940808511,0.059745,0.516364,0.003992,0.568617,0.423684
090734940829787,0.062658,0.48438,0.004194,0.554635,0.437281
090734940851064,0.066681,0.45418,0.004454,0.5145,0.454386
09073494087234,0.063558,0.43737,0.00426,0.501554,0.422807
090734940893617,0.05314,0.408509,0.003562,0.474366,0.396053
090734940914894,0.051459,0.375186,0.003486,0.448213,0.425877
09073494093617,0.051939,0.423981,0.003513,0.419731,0.409649
090734940957447,0.055662,0.441833,0.003781,0.403677,0.401754
090734940978723,0.076018,0.449717,0.005195,0.499741,0.451754
0907349410,0.081632,0.453436,0.005532,0.480839,0.370175
0907393500,0.07833,0.43856,0.005316,0.44899,0.430702
090739350021277,0.071995,0.416096,0.004861,0.4029,0.464474
090739350042553,0.076798,0.386046,0.005206,0.455722,0.43114
09073935006383,0.064009,0.339185,0.004333,0.428017,0.457895
090739350085106,0.050348,0.286076,0.003386,0.380373,0.530263
090739350106383,0.045845,0.231925,0.003074,0.329622,0.549123
09073935012766,0.043233,0.193246,0.002902,0.284568,0.540789
090739350148936,0.042722,0.168105,0.002867,0.250129,0.526316
090739350170213,0.029633,0.158435,0.002044,0.217504,0.491667
090739350191489,0.040231,0.161857,0.002715,0.216986,0.561404
090739350212766,0.042963,0.185808,0.002879,0.237701,0.514474
090739350234043,0.044104,0.233264,0.002977,0.272916,0.479825
090739350255319,0.074367,0.334127,0.005052,0.345676,0.438158
090739350276596,0.087156,0.420113,0.005906,0.428793,0.403947
090739350297872,0.064549,0.412229,0.004433,0.477991,0.362719
090739350319149,0.072505,0.459685,0.004992,0.550751,0.289035
090739350340426,0.089378,0.478429,0.006122,0.569394,0.354825
090739350361702,0.089378,0.479917,0.00614,0.570171,0.327193
090739350382979,0.091119,0.495388,0.006259,0.574832,0.321491
090739350404255,0.09244,0.512943,0.0063,0.566028,0.349123
090739350425532,0.09244,0.511306,0.006294,0.562144,0.344298
090739350446809,0.090999,0.502231,0.006223,0.567064,0.327632
090739350468085,0.101657,0.49524,0.006982,0.56059,0.164912
090739350489362,0.090849,0.487801,0.00628,0.556189,0.291228
090739350510638,0.085955,0.483636,0.005899,0.533143,0.287281
090739350531915,0.10472,0.478875,0.007162,0.543242,0.307456
090739350553191,0.068092,0.477239,0.004695,0.55101,0.319737
090739350574468,0.081002,0.473371,0.005567,0.555153,0.32193
090739350595745,0.060286,0.471586,0.00415,0.537027,0.335965
090739350617021,0.084364,0.466379,0.005783,0.540135,0.352632
090739350638298,0.076228,0.46266,0.005204,0.519938,0.362719
090739350659574,0.076618,0.464594,0.005206,0.51709,0.332018
090739350680851,0.076618,0.46266,0.005206,0.512429,0.316228
090739350702128,0.076558,0.464594,0.005206,0.509322,0.314474
090739350723404,0.076228,0.456858,0.005166,0.51709,0.324561
090739350744681,0.076498,0.476346,0.005206,0.520974,0.377193
090739350765957,0.077549,0.50967,0.005249,0.516572,0.435965
090739350787234,0.078179,0.542398,0.00532,0.539617,0.379386
090739350808511,0.085385,0.521125,0.005845,0.564474,0.297807
090739350829787,0.075928,0.491818,0.005168,0.55334,0.284211
090739350851064,0.076378,0.472627,0.005185,0.533143,0.285088
09073935087234,0.075898,0.451503,0.005141,0.503366,0.316667
090739350893617,0.075027,0.414162,0.005104,0.473071,0.371491
090739350914894,0.049808,0.381583,0.003446,0.437856,0.336404
09073935093617,0.053441,0.433799,0.003727,0.417141,0.435088
090739350957447,0.044554,0.448081,0.003093,0.398498,0.378509
090739350978723,0.079921,0.461767,0.005613,0.501036,0.335088
0907393510,0.079801,0.45418,0.005544,0.490161,0.385526
0907438600,0.074937,0.441684,0.005145,0.446401,0.473246
090743860021277,0.074607,0.419369,0.005079,0.410668,0.504825
090743860042553,0.07863,0.389467,0.005374,0.467115,0.431579
09074386006383,0.06605,0.33368,0.004514,0.439151,0.437719
090743860085106,0.048307,0.275216,0.00329,0.386069,0.45
090743860106383,0.049718,0.224636,0.00338,0.339979,0.49693
09074386012766,0.042783,0.185957,0.002889,0.29622,0.520614
090743860148936,0.041972,0.165724,0.002831,0.26696,0.503947
090743860170213,0.041852,0.158435,0.002819,0.24521,0.531579
090743860191489,0.042662,0.167658,0.00286,0.235629,0.554825
090743860212766,0.048367,0.196519,0.003234,0.256862,0.596491
090743860234043,0.050318,0.243231,0.003378,0.283791,0.527632
090743860255319,0.07842,0.340375,0.005287,0.36406,0.467982
090743860276596,0.085115,0.419667,0.005742,0.450026,0.4
090743860297872,0.07914,0.416394,0.005395,0.475401,0.365351
090743860319149,0.085235,0.467123,0.005806,0.537286,0.342105
090743860340426,0.086135,0.474115,0.005874,0.556447,0.341667
090743860361702,0.086556,0.494644,0.005891,0.558001,0.361842
090743860382979,0.085205,0.533621,0.005802,0.548679,0.297807
090743860404255,0.089138,0.543588,0.006072,0.547644,0.373246
090743860425532,0.086616,0.536001,0.005893,0.524858,0.427632
090743860446809,0.089138,0.522761,0.006059,0.53884,0.389474
090743860468085,0.089438,0.512794,0.00607,0.53884,0.352193
090743860489362,0.089138,0.508033,0.00603,0.532367,0.380263
090743860510638,0.091059,0.506099,0.00618,0.517349,0.407456
090743860531915,0.089138,0.496281,0.006022,0.516054,0.417544
090743860553191,0.0919,0.490479,0.006226,0.523045,0.396053
090743860574468,0.09172,0.485867,0.006215,0.532367,0.376316
090743860595745,0.090098,0.482148,0.006091,0.523045,0.382018
090743860617021,0.082653,0.471288,0.00559,0.513465,0.439912
090743860638298,0.077339,0.452693,0.005206,0.501554,0.423246
090743860659574,0.07869,0.454775,0.005318,0.487053,0.416228
090743860680851,0.085055,0.452098,0.005773,0.483169,0.408333
090743860702128,0.076468,0.452098,0.005189,0.496375,0.354386
090743860723404,0.075027,0.443767,0.005089,0.484205,0.344737
090743860744681,0.075507,0.444957,0.005137,0.489643,0.263158
090743860765957,0.075537,0.468611,0.005162,0.472812,0.330702
090743860787234,0.076438,0.501339,0.005206,0.49275,0.312281
090743860808511,0.075627,0.471883,0.00517,0.511652,0.26886
090743860829787,0.075027,0.443618,0.005123,0.493009,0.322368
090743860851064,0.075027,0.426361,0.005118,0.468928,0.367105
09074386087234,0.075027,0.40598,0.005133,0.445106,0.4
090743860893617,0.062658,0.383666,0.004319,0.40523,0.401316
090743860914894,0.043563,0.350193,0.003027,0.369498,0.371053
09074386093617,0.057764,0.405385,0.004003,0.359658,0.47807
090743860957447,0.045034,0.437072,0.003122,0.360694,0.388596
090743860978723,0.07935,0.450759,0.005573,0.471258,0.317544
0907438610,0.080611,0.45299,0.005617,0.470223,0.377632
0907482700,0.075838,0.422791,0.005214,0.423615,0.432456
090748270021277,0.075027,0.408509,0.005114,0.383739,0.46886
090748270042553,0.077219,0.373252,0.005282,0.426204,0.400439
09074827006383,0.063408,0.31568,0.004331,0.387882,0.407018
090748270085106,0.061697,0.263612,0.004217,0.345935,0.40307
090748270106383,0.048037,0.2108,0.003261,0.294666,0.46886
09074827012766,0.043803,0.17108,0.00296,0.251683,0.495175
090748270148936,0.041792,0.142666,0.002821,0.210513,0.501754
090748270170213,0.042933,0.126004,0.002889,0.182807,0.534211
090748270191489,0.043383,0.12407,0.002896,0.169083,0.577632
090748270212766,0.043023,0.120797,0.002879,0.162869,0.567982
090748270234043,0.043413,0.13136,0.002914,0.164682,0.572807
090748270255319,0.055032,0.177328,0.003671,0.185396,0.570614
090748270276596,0.061967,0.22047,0.004146,0.216727,0.560088
090748270297872,0.064819,0.262422,0.00436,0.232781,0.528509
090748270319149,0.084664,0.325498,0.005798,0.273433,0.514035
090748270340426,0.085295,0.371318,0.00585,0.304247,0.540789
090748270361702,0.086706,0.400179,0.005802,0.329363,0.554825
090748270382979,0.086976,0.434841,0.005806,0.352149,0.449123
090748270404255,0.089288,0.443023,0.005945,0.361212,0.501754
090748270425532,0.090068,0.435882,0.006016,0.36639,0.555263
090748270446809,0.087757,0.420708,0.005872,0.367944,0.544737
090748270468085,0.090068,0.409402,0.006018,0.361989,0.546491
090748270489362,0.090459,0.399732,0.006018,0.367685,0.579386
090748270510638,0.090068,0.387533,0.005939,0.360953,0.607018
090748270531915,0.090068,0.378756,0.005933,0.360435,0.57193
090748270553191,0.075627,0.367748,0.005014,0.351631,0.569298
090748270574468,0.050288,0.353615,0.003336,0.338426,0.59693
090748270595745,0.061367,0.347813,0.004061,0.334283,0.591667
090748270617021,0.049147,0.338887,0.003257,0.326774,0.602632
090748270638298,0.062958,0.330854,0.004165,0.324184,0.601754
090748270659574,0.062808,0.333234,0.004163,0.318747,0.642544
090748270680851,0.067491,0.329515,0.00446,0.323925,0.60614
090748270702128,0.083493,0.336805,0.005517,0.33972,0.609211
090748270723404,0.076408,0.325796,0.005054,0.369757,0.570614
090748270744681,0.074847,0.347962,0.004979,0.386328,0.579386
090748270765957,0.063919,0.399137,0.004256,0.393837,0.554825
090748270787234,0.081692,0.444362,0.005484,0.411704,0.514035
090748270808511,0.057464,0.427551,0.003874,0.401864,0.500439
090748270829787,0.044314,0.387087,0.002991,0.386587,0.434649
090748270851064,0.047286,0.365516,0.003184,0.360953,0.553509
09074827087234,0.067371,0.347516,0.004489,0.352149,0.575877
090748270893617,0.055872,0.329664,0.003695,0.316416,0.602193
090748270914894,0.043053,0.307944,0.00285,0.283014,0.57193
09074827093617,0.047706,0.334276,0.003155,0.272657,0.660526
090748270957447,0.045965,0.339929,0.003029,0.28405,0.572368
090748270978723,0.075477,0.349301,0.005029,0.382703,0.508333
0907482710,0.051429,0.329069,0.003446,0.385293,0.50614
0907526100,0.059325,0.30601,0.003953,0.352408,0.507895
090752610021277,0.042632,0.263761,0.002865,0.307354,0.492982
090752610042553,0.046415,0.233413,0.003126,0.355515,0.489912
09075261006383,0.042873,0.198007,0.002881,0.3203,0.515351
090752610085106,0.040471,0.160964,0.002717,0.283532,0.507456
090752610106383,0.037438,0.129128,0.002503,0.228638,0.588158
09075261012766,0.037529,0.105177,0.002482,0.190575,0.619298
090752610148936,0.034286,0.093871,0.002258,0.161056,0.646053
090752610170213,0.038609,0.084945,0.00253,0.13361,0.707895
090752610191489,0.037859,0.083755,0.002472,0.121699,0.717544
090752610212766,0.029602,0.082565,0.001932,0.107716,0.721491
090752610234043,0.024318,0.085838,0.001552,0.096582,0.766228
090752610255319,0.037649,0.112615,0.001656,0.09218,0.787719
090752610276596,0.033986,0.141922,0.001656,0.117038,0.778947
090752610297872,0.023598,0.169592,0.001579,0.11419,0.817544
090752610319149,0.038729,0.218387,0.001716,0.137494,0.822807
090752610340426,0.03966,0.272687,0.002536,0.170896,0.775877
090752610361702,0.043473,0.322523,0.002813,0.190057,0.675439
090752610382979,0.042002,0.360458,0.002752,0.197566,0.701754
090752610404255,0.042002,0.382773,0.00273,0.213879,0.759649
090752610425532,0.042002,0.383517,0.002518,0.232004,0.771491
090752610446809,0.042002,0.382475,0.002563,0.24262,0.759649
090752610468085,0.042002,0.38679,0.002711,0.248835,0.675439
090752610489362,0.044764,0.396311,0.002914,0.255049,0.732895
090752610510638,0.046565,0.40241,0.003014,0.258415,0.747368
090752610531915,0.049388,0.403303,0.003174,0.258933,0.806579
090752610553191,0.05275,0.395418,0.003373,0.252201,0.799123
090752610574468,0.051249,0.39393,0.003207,0.247022,0.81886
090752610595745,0.051009,0.39512,0.00302,0.237442,0.817982
090752610617021,0.056503,0.391253,0.003596,0.234335,0.851316
090752610638298,0.048517,0.392443,0.003085,0.232004,0.834649
090752610659574,0.045905,0.390211,0.002927,0.231745,0.817105
090752610680851,0.043893,0.390806,0.002821,0.236924,0.722368
090752610702128,0.043083,0.397947,0.002796,0.254531,0.658333
090752610723404,0.040981,0.403154,0.002686,0.276282,0.611842
090752610744681,0.045425,0.433502,0.002991,0.299327,0.654386
090752610765957,0.069683,0.490628,0.004576,0.336872,0.649561
090752610787234,0.078029,0.52053,0.005112,0.372346,0.635088
090752610808511,0.068992,0.505802,0.004541,0.389953,0.600877
090752610829787,0.048427,0.478727,0.003201,0.379855,0.571053
090752610851064,0.05287,0.457602,0.003496,0.367944,0.603509
09075261087234,0.042933,0.429783,0.002825,0.343863,0.617544
090752610893617,0.042452,0.397054,0.002788,0.319782,0.655263
090752610914894,0.033686,0.35778,0.002206,0.298809,0.639474
09075261093617,0.042993,0.371318,0.002817,0.282496,0.635965
090752610957447,0.043413,0.365814,0.002856,0.282755,0.593421
090752610978723,0.054191,0.364029,0.0036,0.373123,0.519737
0907526110,0.044254,0.333978,0.002935,0.371569,0.561404
090757200,0.047766,0.314936,0.003151,0.34464,0.572807
09075720021277,0.043653,0.27953,0.002887,0.31564,0.573246
09075720042553,0.044164,0.253198,0.002939,0.372605,0.511404
0907572006383,0.042542,0.219726,0.002831,0.339461,0.548684
09075720085106,0.043443,0.191015,0.002877,0.312015,0.573246
09075720106383,0.041582,0.16751,0.00274,0.264371,0.60307
0907572012766,0.029002,0.143112,0.001911,0.227861,0.613596
09075720148936,0.02648,0.135971,0.001739,0.195495,0.635088
09075720170213,0.032905,0.140732,0.002167,0.185137,0.620175
09075720191489,0.031134,0.145939,0.002044,0.179441,0.625877
09075720212766,0.035097,0.180452,0.002302,0.189798,0.676316
09075720234043,0.036298,0.218982,0.002389,0.217504,0.615789
09075720255319,0.05311,0.304522,0.003535,0.291818,0.597368
09075720276596,0.047796,0.398245,0.003197,0.380891,0.479825
09075720297872,0.040891,0.408361,0.00274,0.42957,0.489474
09075720319149,0.074577,0.475305,0.004969,0.492491,0.482895
09075720340426,0.085745,0.50848,0.005708,0.527965,0.491667
09075720361702,0.084244,0.525885,0.005602,0.538322,0.492105
09075720382979,0.090399,0.574234,0.005947,0.551787,0.495175
09075720404255,0.089438,0.590449,0.005852,0.551787,0.478509
09075720425532,0.089138,0.582416,0.005835,0.544278,0.510526
09075720446809,0.089288,0.574085,0.005856,0.553599,0.456579
09075720468085,0.086946,0.559952,0.00571,0.545831,0.512719
09075720489362,0.086946,0.556233,0.0057,0.516054,0.594298
09075720510638,0.085805,0.552663,0.005596,0.480321,0.570175
09075720531915,0.089138,0.553109,0.00581,0.539617,0.529825
09075720553191,0.089138,0.547605,0.00582,0.554117,0.493421
09075720574468,0.089618,0.550431,0.005835,0.568358,0.471491
09075720595745,0.090068,0.542696,0.005881,0.57276,0.461404
09075720617021,0.089288,0.530497,0.005843,0.575091,0.477632
09075720638298,0.088057,0.523802,0.005762,0.562403,0.55
09075720659574,0.088597,0.539274,0.005777,0.567323,0.519298
09075720680851,0.089768,0.55906,0.005872,0.573278,0.513596
09075720702128,0.090849,0.568878,0.005953,0.586484,0.42807
09075720723404,0.090249,0.576465,0.005908,0.612895,0.398684
09075720744681,0.090999,0.595359,0.005955,0.643967,0.400439
09075720765957,0.090399,0.598334,0.005922,0.624806,0.421053
09075720787234,0.089498,0.593127,0.005858,0.616261,0.386842
09075720808511,0.088057,0.547754,0.005831,0.623252,0.387719
09075720829787,0.084124,0.511901,0.005629,0.610564,0.389474
09075720851064,0.054431,0.480661,0.003671,0.573537,0.393421
0907572087234,0.046866,0.456114,0.003162,0.545313,0.384649
09075720893617,0.043353,0.412526,0.002919,0.502589,0.361842
09075720914894,0.041552,0.382029,0.002811,0.470741,0.355263
0907572093617,0.088177,0.433799,0.005937,0.438892,0.501754
09075720957447,0.055812,0.458941,0.003762,0.426981,0.460526
09075720978723,0.086616,0.472181,0.005883,0.52175,0.394737
090757210,0.083043,0.462957,0.00564,0.513206,0.450877
0907615300,0.083253,0.440048,0.005631,0.477214,0.47807
090761530021277,0.078269,0.413716,0.005274,0.448213,0.500439
090761530042553,0.076678,0.377417,0.00522,0.498705,0.40307
09076153006383,0.058965,0.321928,0.004011,0.478509,0.404825
090761530085106,0.047586,0.277447,0.00322,0.42465,0.442982
090761530106383,0.042783,0.221363,0.002871,0.375453,0.487281
09076153012766,0.041552,0.190122,0.002763,0.327292,0.558333
090761530148936,0.03933,0.173609,0.002601,0.291818,0.579825
090761530170213,0.02594,0.164088,0.001701,0.265148,0.64693
090761530191489,0.028672,0.171675,0.001874,0.257121,0.654825
090761530212766,0.036508,0.196816,0.002389,0.270844,0.642982
090761530234043,0.038069,0.246504,0.002509,0.300104,0.591228
090761530255319,0.044043,0.344094,0.002931,0.370533,0.571053
090761530276596,0.066981,0.423237,0.004503,0.470482,0.39386
090761530297872,0.056743,0.428593,0.003864,0.50725,0.371491
090761530319149,0.086856,0.479768,0.005858,0.569394,0.352193
090761530340426,0.089858,0.50238,0.006078,0.600725,0.347807
090761530361702,0.087907,0.506992,0.005947,0.603573,0.39693
090761530382979,0.09241,0.543588,0.006261,0.612636,0.392105
090761530404255,0.090579,0.557275,0.006091,0.607198,0.424561
090761530425532,0.088057,0.538976,0.005904,0.596841,0.417982
090761530446809,0.085865,0.518149,0.005742,0.595546,0.412719
090761530468085,0.086406,0.505356,0.005742,0.598912,0.420614
090761530489362,0.085865,0.502083,0.005731,0.597618,0.425
090761530510638,0.084094,0.494198,0.005625,0.591403,0.458333
090761530531915,0.061667,0.486314,0.004167,0.58985,0.42193
090761530553191,0.076408,0.487355,0.00517,0.608493,0.415351
090761530574468,0.084034,0.480512,0.005673,0.608234,0.398246
090761530595745,0.074697,0.475305,0.00506,0.601761,0.399123
090761530617021,0.063468,0.47233,0.004304,0.595805,0.372807
090761530638298,0.057464,0.461619,0.003903,0.586743,0.394298
090761530659574,0.056833,0.46147,0.003857,0.586484,0.402193
090761530680851,0.066711,0.463404,0.004526,0.601243,0.390351
090761530702128,0.083193,0.469354,0.005621,0.624288,0.372368
090761530723404,0.083944,0.476941,0.005663,0.642154,0.387719
090761530744681,0.082353,0.494049,0.005534,0.664682,0.395175
090761530765957,0.083854,0.513835,0.005617,0.650181,0.399561
090761530787234,0.087817,0.56263,0.005829,0.653806,0.407018
090761530808511,0.084154,0.541357,0.005588,0.641636,0.440351
090761530829787,0.077069,0.510562,0.005154,0.623252,0.405702
090761530851064,0.062838,0.491818,0.004238,0.58493,0.391667
09076153087234,0.049628,0.464296,0.003363,0.558778,0.377193
090761530893617,0.042843,0.43499,0.002902,0.518643,0.392105
090761530914894,0.042392,0.397203,0.002875,0.483687,0.422807
09076153093617,0.080821,0.448378,0.005436,0.446919,0.512281
090761530957447,0.043353,0.462809,0.002939,0.425427,0.45307
090761530978723,0.074517,0.448974,0.005079,0.520197,0.420175
0907615310,0.067011,0.447486,0.004553,0.515277,0.463596
0907659400,0.070464,0.460577,0.004753,0.481875,0.574123
090765940021277,0.060406,0.44942,0.00404,0.451062,0.582895
090765940042553,0.068422,0.413567,0.004605,0.508286,0.491667
09076594006383,0.062087,0.367004,0.004173,0.470482,0.511404
090765940085106,0.058124,0.304374,0.003851,0.418436,0.605702
090765940106383,0.050468,0.261381,0.003305,0.367426,0.607018
09076594012766,0.047556,0.218834,0.003112,0.33014,0.637719
090765940148936,0.042813,0.195626,0.002804,0.287675,0.642105
090765940170213,0.041972,0.180006,0.002746,0.251942,0.714035
090765940191489,0.042572,0.185361,0.002781,0.251683,0.662281
090765940212766,0.038459,0.205445,0.002528,0.262558,0.630702
090765940234043,0.044674,0.256918,0.00295,0.293112,0.653947
090765940255319,0.050919,0.358375,0.003398,0.365355,0.594298
090765940276596,0.049327,0.433056,0.003311,0.459347,0.467544
090765940297872,0.037138,0.419964,0.002505,0.491973,0.452632
090765940319149,0.050468,0.46742,0.003419,0.558001,0.42807
090765940340426,0.054041,0.485719,0.003668,0.586743,0.40307
090765940361702,0.045455,0.484082,0.00312,0.582341,0.333333
090765940382979,0.057073,0.522166,0.003903,0.591921,0.417105
090765940404255,0.051759,0.53734,0.003525,0.588555,0.430702
090765940425532,0.059325,0.525736,0.004032,0.585189,0.385526
090765940446809,0.057163,0.508777,0.003897,0.593216,0.393421
090765940468085,0.055572,0.497769,0.003785,0.593475,0.424123
090765940489362,0.057494,0.495686,0.003897,0.585448,0.44386
090765940510638,0.053531,0.488396,0.00361,0.562403,0.424123
090765940531915,0.047706,0.478578,0.003245,0.548421,0.385965
090765940553191,0.049147,0.4759,0.003353,0.556447,0.362281
090765940574468,0.044434,0.472478,0.003047,0.553858,0.337719
090765940595745,0.043413,0.465189,0.002975,0.547385,0.354825
090765940617021,0.042182,0.458197,0.002887,0.540653,0.364035
090765940638298,0.043383,0.446147,0.00296,0.529259,0.380263
090765940659574,0.043863,0.450461,0.002985,0.531331,0.412719
090765940680851,0.044674,0.454775,0.003039,0.538581,0.394298
090765940702128,0.045515,0.464445,0.003101,0.553081,0.366228
090765940723404,0.051969,0.481256,0.00355,0.574832,0.400439
090765940744681,0.05248,0.506248,0.003556,0.58001,0.432895
090765940765957,0.057614,0.524993,0.003893,0.572242,0.497807
090765940787234,0.070464,0.549539,0.004734,0.586484,0.439035
090765940808511,0.055332,0.520381,0.003749,0.614448,0.338596
090765940829787,0.047196,0.483487,0.003216,0.596582,0.332895
090765940851064,0.043023,0.465189,0.002937,0.568358,0.317544
09076594087234,0.042512,0.442428,0.002889,0.537286,0.413596
090765940893617,0.042873,0.419816,0.0029,0.506732,0.390351
090765940914894,0.041011,0.382178,0.00279,0.475401,0.370614
09076594093617,0.060526,0.430973,0.00409,0.43682,0.482895
090765940957447,0.042722,0.45061,0.002906,0.42232,0.431579
090765940978723,0.071364,0.466677,0.004861,0.523045,0.407895
0907659410,0.063408,0.464891,0.004308,0.513982,0.457018
0907703500,0.05281,0.445998,0.00356,0.470999,0.519737
090770350021277,0.050558,0.428295,0.003386,0.444588,0.54693
090770350042553,0.060706,0.397798,0.004082,0.490161,0.45614
09077035006383,0.048757,0.350491,0.003205,0.46349,0.468421
090770350085106,0.044944,0.293216,0.00301,0.403677,0.492105
090770350106383,0.044344,0.250372,0.002968,0.360176,0.514474
09077035012766,0.042963,0.203957,0.002848,0.311497,0.570175
090770350148936,0.041281,0.182535,0.002725,0.278353,0.619737
090770350170213,0.036268,0.174055,0.002387,0.255049,0.627193
090770350191489,0.042002,0.182684,0.002761,0.245728,0.643421
090770350212766,0.041852,0.205296,0.002757,0.264112,0.603509
090770350234043,0.043473,0.250669,0.002879,0.286639,0.601754
090770350255319,0.057524,0.344689,0.003855,0.371051,0.555263
090770350276596,0.057644,0.422345,0.003851,0.452356,0.492982
090770350297872,0.047916,0.421154,0.003236,0.481098,0.439474
090770350319149,0.051339,0.466677,0.003484,0.539617,0.397368
090770350340426,0.049958,0.484677,0.0034,0.564474,0.4
090770350361702,0.048847,0.487057,0.003342,0.559555,0.349123
090770350382979,0.06551,0.530348,0.004468,0.576385,0.435526
090770350404255,0.06608,0.543439,0.004479,0.562144,0.425
090770350425532,0.050739,0.529456,0.00345,0.564215,0.435088
090770350446809,0.05254,0.516959,0.003562,0.559037,0.424123
090770350468085,0.050438,0.507885,0.00343,0.55334,0.425439
090770350489362,0.048247,0.501934,0.003295,0.551269,0.379386
090770350510638,0.048877,0.489735,0.003336,0.541947,0.335526
090770350531915,0.048907,0.489289,0.003342,0.532626,0.35614
090770350553191,0.049057,0.491372,0.003355,0.547385,0.351754
090770350574468,0.047586,0.483487,0.003259,0.540653,0.321053
090770350595745,0.047166,0.464296,0.003236,0.535733,0.332018
090770350617021,0.043923,0.466825,0.00301,0.533661,0.343421
090770350638298,0.043353,0.451056,0.002964,0.522009,0.347368
090770350659574,0.043683,0.457304,0.002983,0.517607,0.359649
090770350680851,0.042722,0.459536,0.002914,0.516831,0.351316
090770350702128,0.043203,0.468313,0.002952,0.536251,0.351316
090770350723404,0.048607,0.47471,0.003317,0.555153,0.374123
090770350744681,0.049568,0.5,0.00338,0.572501,0.420175
090770350765957,0.060016,0.527522,0.004061,0.573796,0.455702
090770350787234,0.070914,0.556531,0.004744,0.576126,0.471053
090770350808511,0.058334,0.536894,0.003914,0.58726,0.373246
090770350829787,0.042813,0.508033,0.0029,0.568099,0.409211
090770350851064,0.043503,0.485719,0.002927,0.547385,0.438158
09077035087234,0.043083,0.469206,0.002883,0.516313,0.425439
090770350893617,0.042182,0.432609,0.002831,0.484723,0.428509
090770350914894,0.041882,0.39036,0.002829,0.447178,0.386404
09077035093617,0.054251,0.443172,0.003652,0.423356,0.463596
090770350957447,0.049718,0.463255,0.003373,0.402641,0.430263
090770350978723,0.086556,0.470693,0.00592,0.510357,0.399123
0907703510,0.086376,0.459685,0.005858,0.507768,0.451316
0907747600,0.081992,0.433502,0.005552,0.465044,0.482018
090774760021277,0.065029,0.417435,0.004379,0.428017,0.507018
090774760042553,0.071214,0.38069,0.004817,0.481616,0.416667
09077476006383,0.059055,0.329217,0.00399,0.451838,0.458333
090774760085106,0.046145,0.275067,0.003089,0.399793,0.525877
090774760106383,0.048487,0.235793,0.003209,0.351631,0.591667
09077476012766,0.043263,0.195775,0.002844,0.307872,0.597368
090774760148936,0.041281,0.174204,0.002715,0.267478,0.666667
090774760170213,0.041552,0.168551,0.002715,0.248317,0.663596
090774760191489,0.042032,0.172121,0.002744,0.243915,0.680263
090774760212766,0.041942,0.193544,0.002744,0.248835,0.65614
090774760234043,0.045034,0.244868,0.002958,0.279648,0.665789
090774760255319,0.067972,0.329961,0.004466,0.360176,0.619737
090774760276596,0.09154,0.41803,0.006005,0.440445,0.542105
090774760297872,0.053381,0.407022,0.003544,0.467115,0.478947
090774760319149,0.080341,0.464296,0.005282,0.519938,0.504386
090774760340426,0.086406,0.48438,0.00565,0.549974,0.485526
090774760361702,0.085865,0.494496,0.005619,0.543501,0.516228
090774760382979,0.090909,0.541803,0.005947,0.560849,0.519737
090774760404255,0.148973,0.549688,0.00978,0.549456,0.528509
090774760425532,0.144049,0.541357,0.00958,0.560849,0.472368
090774760446809,0.137264,0.529009,0.009127,0.55826,0.488596
090774760468085,0.138826,0.523802,0.009248,0.561367,0.487719
090774760489362,0.086406,0.512943,0.005744,0.557483,0.454386
090774760510638,0.088477,0.50967,0.005858,0.549456,0.439035
090774760531915,0.088357,0.499256,0.005816,0.539099,0.447368
090774760553191,0.090639,0.493603,0.00598,0.552563,0.464912
090774760574468,0.090159,0.491223,0.005943,0.544795,0.441228
090774760595745,0.089918,0.480958,0.005914,0.540653,0.432895
090774760617021,0.085865,0.469801,0.005654,0.529777,0.455263
090774760638298,0.085775,0.454329,0.005677,0.522527,0.478509
090774760659574,0.057914,0.4518,0.003847,0.506473,0.433333
090774760680851,0.050378,0.449866,0.003376,0.515795,0.391667
090774760702128,0.047556,0.443618,0.003222,0.519161,0.325
090774760723404,0.042873,0.43856,0.002931,0.532108,0.284649
090774760744681,0.044704,0.443916,0.00307,0.544278,0.284649
090774760765957,0.043683,0.462065,0.002995,0.540135,0.325
090774760787234,0.042722,0.489586,0.002921,0.536251,0.284211
090774760808511,0.041852,0.468908,0.002877,0.541688,0.260965
090774760829787,0.041702,0.439899,0.002865,0.51709,0.289035
090774760851064,0.040201,0.427105,0.002744,0.489125,0.302632
09077476087234,0.04008,0.417138,0.002732,0.467892,0.314035
090774760893617,0.029452,0.388129,0.002002,0.410927,0.349123
090774760914894,0.030263,0.353764,0.00205,0.381926,0.342544
09077476093617,0.048697,0.419518,0.003292,0.367685,0.477193
090774760957447,0.044644,0.457156,0.003029,0.367685,0.433333
090774760978723,0.076318,0.461767,0.005226,0.4855,0.381579
0907747610,0.069323,0.453436,0.004732,0.47825,0.407018
0907792700,0.054912,0.410741,0.00372,0.441222,0.464474
090779270021277,0.048127,0.396013,0.003234,0.393837,0.483772
090779270042553,0.055152,0.363731,0.003716,0.438115,0.410088
09077927006383,0.048037,0.312258,0.003226,0.406266,0.484649
090779270085106,0.043083,0.250223,0.002877,0.353185,0.50614
090779270106383,0.042542,0.211098,0.002829,0.301139,0.583333
09077927012766,0.029212,0.172419,0.001926,0.249871,0.627632
090779270148936,0.020506,0.141029,0.001344,0.220093,0.683772
090779270170213,0.02594,0.130021,0.001689,0.204298,0.719298
090779270191489,0.02567,0.110681,0.001672,0.187727,0.709211
090779270212766,0.02594,0.120946,0.001685,0.174003,0.754386
090779270234043,0.025519,0.138054,0.001653,0.171414,0.752632
090779270255319,0.033085,0.181642,0.002154,0.210772,0.673684
090779270276596,0.036988,0.228057,0.00242,0.237442,0.67193
090779270297872,0.034046,0.259447,0.002225,0.249612,0.690789
090779270319149,0.043863,0.321928,0.002881,0.28146,0.699561
090779270340426,0.042993,0.369682,0.00284,0.315122,0.637281
090779270361702,0.057584,0.396906,0.003828,0.332729,0.613158
090779270382979,0.063468,0.434395,0.004215,0.356033,0.65
090779270404255,0.047676,0.445998,0.003155,0.363542,0.648246
090779270425532,0.042452,0.429188,0.002808,0.368203,0.622807
090779270446809,0.043143,0.412377,0.002856,0.367426,0.616228
090779270468085,0.043323,0.400476,0.002871,0.356292,0.588158
090779270489362,0.042512,0.389021,0.002827,0.362248,0.574123
090779270510638,0.043533,0.381583,0.002896,0.351631,0.56886
090779270531915,0.043053,0.361797,0.002871,0.348006,0.542544
090779270553191,0.041792,0.346772,0.002786,0.339202,0.582895
090779270574468,0.040231,0.335317,0.002667,0.333247,0.594298
090779270595745,0.041822,0.324755,0.002773,0.322631,0.557456
090779270617021,0.042813,0.32773,0.002854,0.323666,0.506579
090779270638298,0.043233,0.328325,0.002898,0.31072,0.489912
090779270659574,0.042813,0.324457,0.002871,0.3058,0.490789
090779270680851,0.041942,0.326688,0.002819,0.314863,0.461842
090779270702128,0.042752,0.329069,0.002885,0.325997,0.460526
090779270723404,0.041762,0.327581,0.002823,0.332988,0.474561
090779270744681,0.042122,0.349598,0.002856,0.331693,0.510088
090779270765957,0.043323,0.382475,0.002904,0.340756,0.549561
090779270787234,0.044164,0.429783,0.002935,0.34697,0.574561
090779270808511,0.050588,0.422196,0.003369,0.395132,0.509211
090779270829787,0.044794,0.390658,0.003018,0.386328,0.450877
090779270851064,0.042783,0.375781,0.002896,0.361212,0.440351
09077927087234,0.041251,0.351235,0.002786,0.336613,0.497807
090779270893617,0.041942,0.329961,0.002821,0.315898,0.493421
090779270914894,0.036147,0.309729,0.002424,0.289487,0.505702
09077927093617,0.042602,0.329515,0.002848,0.287675,0.575877
090779270957447,0.043923,0.344094,0.002919,0.292595,0.547807
090779270978723,0.056863,0.342309,0.003814,0.397721,0.430263
0907792710,0.048247,0.319845,0.003251,0.396945,0.478947
0907836100,0.043953,0.283844,0.002941,0.357587,0.479386
090783610021277,0.043863,0.24576,0.002912,0.322631,0.551754
090783610042553,0.047196,0.224784,0.003143,0.37623,0.507018
09078361006383,0.043143,0.188188,0.002867,0.340756,0.531579
090783610085106,0.043863,0.154567,0.002887,0.288969,0.579386
090783610106383,0.042542,0.129872,0.002788,0.249612,0.654386
09078361012766,0.029873,0.109491,0.001948,0.205852,0.690789
090783610148936,0.025129,0.090747,0.001643,0.171155,0.666228
090783610170213,0.022847,0.088367,0.001494,0.139824,0.682456
090783610191489,0.019485,0.088664,0.001278,0.137494,0.691228
090783610212766,0.018194,0.093276,0.001186,0.128431,0.717544
090783610234043,0.024138,0.109045,0.00157,0.122734,0.77193
090783610255319,0.028522,0.1385,0.001843,0.136717,0.749123
090783610276596,0.028672,0.167063,0.001861,0.165717,0.70614
090783610297872,0.033115,0.22047,0.002144,0.159503,0.764035
090783610319149,0.037318,0.263166,0.00241,0.176334,0.75614
090783610340426,0.042362,0.310473,0.002738,0.195236,0.736404
090783610361702,0.043383,0.33859,0.002813,0.216468,0.736842
090783610382979,0.044704,0.358524,0.002904,0.233558,0.701754
090783610404255,0.044854,0.358375,0.002916,0.248058,0.721491
090783610425532,0.047736,0.360309,0.003091,0.262817,0.729386
090783610446809,0.045184,0.359119,0.002923,0.270067,0.716228
090783610468085,0.045725,0.355698,0.002968,0.27421,0.702193
090783610489362,0.041281,0.336656,0.002688,0.26696,0.672368
090783610510638,0.040921,0.331449,0.002673,0.266183,0.653509
090783610531915,0.035307,0.32163,0.002316,0.261781,0.624561
090783610553191,0.042993,0.30958,0.002856,0.258933,0.569737
090783610574468,0.040621,0.300655,0.002707,0.253237,0.555263
090783610595745,0.02636,0.296043,0.001741,0.245987,0.684211
090783610617021,0.02672,0.287117,0.001751,0.245987,0.609649
090783610638298,0.034076,0.290985,0.002243,0.246504,0.611842
090783610659574,0.041131,0.297828,0.002713,0.251165,0.626316
090783610680851,0.041221,0.285332,0.002727,0.258933,0.585526
090783610702128,0.038249,0.29753,0.002547,0.26463,0.560526
090783610723404,0.035997,0.313597,0.002418,0.275764,0.510965
090783610744681,0.038669,0.326242,0.002609,0.273433,0.54693
090783610765957,0.03978,0.359714,0.002667,0.27913,0.57193
090783610787234,0.043803,0.398393,0.002921,0.295702,0.59693
090783610808511,0.043803,0.399286,0.002933,0.343863,0.541667
090783610829787,0.046535,0.395567,0.00312,0.343086,0.55307
090783610851064,0.043593,0.365367,0.002914,0.320818,0.526754
09078361087234,0.035307,0.333234,0.002362,0.288193,0.550877
090783610893617,0.041281,0.335912,0.002757,0.263594,0.600439
090783610914894,0.029723,0.317019,0.001978,0.230709,0.574561
09078361093617,0.036298,0.319548,0.002408,0.226049,0.609649
090783610957447,0.031794,0.300803,0.00211,0.223459,0.553947
090783610978723,0.041702,0.287712,0.002815,0.325479,0.423246
0907836110,0.037889,0.252008,0.002576,0.329622,0.393421
090788200,0.034286,0.224636,0.002339,0.31072,0.396053
09078820021277,0.036898,0.202321,0.002497,0.281719,0.433333
09078820042553,0.043023,0.184171,0.002914,0.353185,0.39693
0907882006383,0.035967,0.153823,0.002435,0.322631,0.442105
09078820085106,0.035907,0.135823,0.00242,0.283532,0.447807
09078820106383,0.044404,0.133442,0.002977,0.234593,0.539035
0907882012766,0.032875,0.128831,0.002185,0.208441,0.609211
09078820148936,0.028882,0.132401,0.001913,0.197048,0.635088
09078820170213,0.033686,0.158584,0.002229,0.197307,0.617982
09078820191489,0.043293,0.196519,0.002856,0.219575,0.710526
09078820212766,0.06545,0.267629,0.004287,0.290523,0.753947
09078820234043,0.081932,0.354805,0.00538,0.361989,0.637719
09078820255319,0.103879,0.395418,0.007,0.4855,0.502193
09078820276596,0.114807,0.457304,0.007792,0.572242,0.384211
09078820297872,0.074847,0.473222,0.005075,0.544278,0.448684
09078820319149,0.075057,0.490925,0.005039,0.548938,0.419737
09078820340426,0.076768,0.544481,0.005104,0.568099,0.480263
09078820361702,0.075387,0.570068,0.004994,0.554117,0.473246
09078820382979,0.077669,0.566796,0.005154,0.556706,0.49386
09078820404255,0.075808,0.561589,0.005031,0.564992,0.489035
09078820425532,0.082623,0.569176,0.005507,0.566028,0.466667
09078820446809,0.085415,0.571854,0.005721,0.569653,0.471491
09078820468085,0.07887,0.57111,0.005253,0.555153,0.486404
09078820489362,0.087967,0.569027,0.00585,0.553081,0.507018
09078820510638,0.086916,0.571705,0.005773,0.552305,0.485526
09078820531915,0.089138,0.563969,0.005937,0.556447,0.497807
09078820553191,0.089138,0.557572,0.005935,0.56318,0.479386
09078820574468,0.085505,0.549985,0.005696,0.549197,0.486842
09078820595745,0.077189,0.540167,0.005118,0.535215,0.467982
09078820617021,0.075928,0.539274,0.005044,0.529259,0.467982
09078820638298,0.075057,0.537786,0.004992,0.531072,0.473684
09078820659574,0.075087,0.533621,0.004996,0.534438,0.476754
09078820680851,0.06557,0.522017,0.004375,0.544019,0.447368
09078820702128,0.074937,0.519339,0.005014,0.554894,0.45
09078820723404,0.05308,0.500595,0.003581,0.557483,0.410088
09078820744681,0.043953,0.474412,0.002985,0.527965,0.364035
09078820765957,0.041582,0.458048,0.002819,0.506732,0.397368
09078820787234,0.041942,0.47471,0.002852,0.515018,0.289474
09078820808511,0.041852,0.470693,0.002873,0.516313,0.292982
09078820829787,0.041612,0.449122,0.002856,0.51217,0.305702
09078820851064,0.04011,0.411485,0.002738,0.480062,0.321053
0907882087234,0.037198,0.374442,0.002526,0.449508,0.324123
09078820893617,0.03897,0.388724,0.002624,0.390212,0.493421
09078820914894,0.033085,0.396013,0.002208,0.346453,0.504825
0907882093617,0.080221,0.420857,0.005312,0.301916,0.638596
09078820957447,0.042993,0.441535,0.002831,0.297255,0.626316
09078820978723,0.089138,0.43856,0.0058,0.419731,0.47193
090788210,0.079831,0.417882,0.005363,0.444588,0.473684
0907924300,0.060226,0.384856,0.004061,0.423874,0.448246
090792430021277,0.054161,0.33011,0.003652,0.400052,0.465351
090792430042553,0.061307,0.286373,0.004142,0.452097,0.413596
09079243006383,0.049358,0.245611,0.003338,0.430088,0.425877
090792430085106,0.047466,0.204552,0.003182,0.375712,0.479386
090792430106383,0.043353,0.180452,0.002889,0.333247,0.547368
09079243012766,0.042512,0.166022,0.002823,0.293112,0.562719
090792430148936,0.041522,0.157542,0.002759,0.277835,0.558333
090792430170213,0.043683,0.180601,0.002889,0.274469,0.601316
090792430191489,0.050739,0.220768,0.00334,0.304247,0.650439
090792430212766,0.079711,0.305861,0.005272,0.381668,0.564474
090792430234043,0.096433,0.380542,0.006419,0.478767,0.549561
090792430255319,0.109373,0.40598,0.007405,0.601502,0.352193
090792430276596,0.147742,0.464296,0.010133,0.717245,0.238596
090792430297872,0.072655,0.479173,0.005004,0.661833,0.250439
090792430319149,0.067611,0.48914,0.004651,0.652771,0.236842
090792430340426,0.085865,0.53496,0.005891,0.674003,0.257456
090792430361702,0.089138,0.554299,0.006076,0.656137,0.304386
090792430382979,0.089288,0.542993,0.006101,0.659762,0.288158
090792430404255,0.072925,0.525885,0.004996,0.662351,0.278509
090792430425532,0.083193,0.524844,0.0057,0.671932,0.270614
090792430446809,0.075507,0.52529,0.005174,0.664164,0.292544
090792430468085,0.07842,0.512348,0.00538,0.649404,0.302193
090792430489362,0.082743,0.505951,0.005638,0.644744,0.30614
090792430510638,0.069653,0.504314,0.004744,0.632056,0.301754
090792430531915,0.051009,0.492264,0.003511,0.62869,0.22193
090792430553191,0.062868,0.485421,0.004339,0.636976,0.219737
090792430574468,0.048877,0.476049,0.003373,0.625324,0.195614
090792430595745,0.048217,0.466677,0.003338,0.603573,0.198246
090792430617021,0.048307,0.469057,0.003346,0.596841,0.193421
090792430638298,0.048006,0.479768,0.00334,0.590109,0.173246
090792430659574,0.047796,0.480065,0.003324,0.593475,0.173684
090792430680851,0.045815,0.482148,0.003197,0.588555,0.179825
090792430702128,0.050919,0.488694,0.003544,0.575867,0.194737
090792430723404,0.042963,0.463701,0.002968,0.546608,0.255702
090792430744681,0.041852,0.465338,0.00286,0.522786,0.309211
090792430765957,0.041762,0.472925,0.002833,0.494562,0.329825
090792430787234,0.043353,0.501636,0.002946,0.513723,0.302193
090792430808511,0.043863,0.510116,0.002991,0.552822,0.250439
090792430829787,0.046746,0.492562,0.003207,0.564474,0.23114
090792430851064,0.043773,0.455519,0.003002,0.535215,0.274561
09079243087234,0.042062,0.414162,0.002875,0.494821,0.298246
090792430893617,0.042002,0.425915,0.002854,0.438633,0.386404
090792430914894,0.040261,0.429337,0.002705,0.380373,0.464474
09079243093617,0.086436,0.457156,0.005719,0.336095,0.517105
090792430957447,0.044704,0.473073,0.003008,0.325997,0.501754
090792430978723,0.083463,0.472925,0.005654,0.454169,0.384211
0907924310,0.081812,0.457453,0.005517,0.461937,0.510965
0907969400,0.083674,0.43008,0.005636,0.452874,0.464912
090796940021277,0.059865,0.378608,0.00404,0.431383,0.442544
090796940042553,0.076348,0.323118,0.005164,0.491196,0.412281
09079694006383,0.059085,0.272835,0.003984,0.461678,0.42807
090796940085106,0.068632,0.229694,0.004605,0.41999,0.462281
090796940106383,0.049928,0.205147,0.003336,0.363024,0.526316
09079694012766,0.050528,0.188932,0.003351,0.336872,0.577193
090796940148936,0.050919,0.188932,0.003351,0.317452,0.613158
090796940170213,0.053531,0.220321,0.003513,0.316157,0.667544
090796940191489,0.074757,0.264356,0.004859,0.353444,0.660526
090796940212766,0.081752,0.350788,0.00537,0.425945,0.646053
090796940234043,0.177555,0.446445,0.011824,0.5145,0.52193
090796940255319,0.230455,0.472627,0.01564,0.631797,0.373684
090796940276596,0.39441,0.518596,0.026886,0.738477,0.269737
090796940297872,0.114597,0.532431,0.0079,0.677369,0.267544
090796940319149,0.090489,0.518893,0.006232,0.655878,0.277193
090796940340426,0.080881,0.554894,0.005521,0.652512,0.312719
090796940361702,0.064249,0.567539,0.004377,0.629984,0.317105
090796940382979,0.049658,0.548944,0.003415,0.629467,0.260526
090796940404255,0.044344,0.527819,0.003056,0.618591,0.233333
090796940425532,0.048547,0.51443,0.003357,0.618591,0.209211
090796940446809,0.045064,0.508033,0.003126,0.604091,0.234211
090796940468085,0.042602,0.493157,0.002943,0.584412,0.233772
090796940489362,0.042602,0.486611,0.002943,0.570689,0.228509
090796940510638,0.03963,0.480512,0.00338,0.568099,0.32807
090796940531915,0.042002,0.478132,0.00345,0.571466,0.32807
090796940553191,0.042002,0.470396,0.003415,0.576903,0.32807
090796940574468,0.042002,0.464594,0.003295,0.562144,0.32807
090796940595745,0.042002,0.446296,0.003484,0.549974,0.324123
090796940617021,0.043983,0.455817,0.003135,0.540653,0.324123
090796940638298,0.042302,0.459833,0.003336,0.538063,0.322807
090796940659574,0.042002,0.460875,0.003378,0.543242,0.322807
090796940680851,0.042602,0.45299,0.003434,0.540911,0.321491
090796940702128,0.043893,0.459536,0.003481,0.530554,0.321491
090796940723404,0.042002,0.439899,0.00318,0.501036,0.32807
090796940744681,0.040771,0.447188,0.002765,0.468151,0.37807
090796940765957,0.041942,0.46266,0.002831,0.45624,0.411404
090796940787234,0.043323,0.500893,0.002908,0.467115,0.375439
090796940808511,0.043233,0.501488,0.003357,0.521491,0.353509
090796940829787,0.042752,0.482892,0.003351,0.527447,0.353509
090796940851064,0.042933,0.44823,0.002908,0.499223,0.37807
09079694087234,0.041161,0.419964,0.002775,0.474883,0.372368
090796940893617,0.041732,0.436626,0.002794,0.425168,0.436404
090796940914894,0.036358,0.4277,0.00242,0.3739,0.478509
09079694093617,0.087306,0.452246,0.005719,0.348006,0.601316
090796940957447,0.044284,0.471437,0.002958,0.338685,0.549123
090796940978723,0.080881,0.468164,0.005426,0.460124,0.540351
0907969410,0.080371,0.453883,0.005372,0.470999,0.548684
0908013500,0.06557,0.42294,0.00436,0.447954,0.560088
090801350021277,0.055842,0.370128,0.003712,0.420249,0.519298
090801350042553,0.065029,0.312109,0.004346,0.485241,0.448246
09080135006383,0.049898,0.264207,0.003338,0.451321,0.484211
090801350085106,0.048787,0.220619,0.003247,0.40523,0.519298
090801350106383,0.047526,0.191163,0.003151,0.35681,0.535526
09080135012766,0.047286,0.170485,0.003143,0.321336,0.554386
090801350148936,0.047316,0.174948,0.003137,0.300104,0.56886
090801350170213,0.051129,0.198007,0.003384,0.304764,0.59386
090801350191489,0.071124,0.239512,0.004684,0.336354,0.571053
090801350212766,0.084935,0.319845,0.005652,0.412998,0.532456
090801350234043,0.136724,0.407319,0.009215,0.494045,0.540351
090801350255319,0.136153,0.429188,0.009271,0.621958,0.337719
090801350276596,0.139576,0.478727,0.009638,0.706111,0.174561
090801350297872,0.086256,0.482148,0.005964,0.645262,0.271053
090801350319149,0.073796,0.465784,0.005066,0.618591,0.252193
090801350340426,0.071334,0.509372,0.004834,0.607716,0.341228
090801350361702,0.085205,0.53615,0.005814,0.590109,0.314035
090801350382979,0.075087,0.524398,0.005139,0.574055,0.303509
090801350404255,0.049748,0.507141,0.003413,0.567323,0.260526
090801350425532,0.048847,0.49762,0.003357,0.561885,0.254386
090801350446809,0.045274,0.494942,0.003124,0.554635,0.250439
090801350468085,0.045004,0.487801,0.003105,0.542724,0.233333
090801350489362,0.044314,0.479322,0.003058,0.537804,0.250439
090801350510638,0.044554,0.4759,0.00307,0.542465,0.273684
090801350531915,0.051579,0.472032,0.003538,0.547385,0.27193
090801350553191,0.123244,0.46147,0.008359,0.550751,0.452193
090801350574468,0.156239,0.449122,0.010586,0.549197,0.438596
090801350595745,0.147232,0.463106,0.009977,0.537286,0.494737
090801350617021,0.088447,0.467272,0.005978,0.527965,0.414474
090801350638298,0.07926,0.467272,0.00539,0.537286,0.387281
090801350659574,0.060526,0.468015,0.00413,0.53392,0.311404
090801350680851,0.045545,0.461767,0.003128,0.523563,0.287719
090801350702128,0.041882,0.47233,0.002892,0.522527,0.254825
090801350723404,0.042062,0.458941,0.002894,0.489902,0.292105
090801350744681,0.041972,0.457751,0.002869,0.448731,0.334649
090801350765957,0.041912,0.466082,0.002846,0.431642,0.348684
090801350787234,0.043263,0.494942,0.002929,0.433713,0.350439
090801350808511,0.044013,0.495091,0.002997,0.472294,0.288158
090801350829787,0.044794,0.479024,0.003047,0.473589,0.306579
090801350851064,0.042152,0.443469,0.00286,0.448731,0.344737
09080135087234,0.040861,0.414758,0.002757,0.415847,0.383333
090801350893617,0.041101,0.433056,0.00275,0.369498,0.45
090801350914894,0.038189,0.439155,0.002538,0.323925,0.495614
09080135093617,0.09253,0.47233,0.006101,0.300363,0.555702
090801350957447,0.051489,0.483338,0.003454,0.292595,0.518421
090801350978723,0.078269,0.474859,0.005299,0.416106,0.501754
0908013510,0.06554,0.456114,0.004427,0.418954,0.506579
0908057600,0.063318,0.42413,0.004256,0.397721,0.519737
090805760021277,0.056893,0.365219,0.003801,0.374158,0.505263
090805760042553,0.067251,0.315977,0.004514,0.422838,0.441228
09080576006383,0.050258,0.2651,0.003384,0.404713,0.42807
090805760085106,0.049147,0.219578,0.003286,0.346194,0.496053
090805760106383,0.045935,0.193692,0.003058,0.302434,0.560088
09080576012766,0.045034,0.174353,0.002981,0.273433,0.585526
090805760148936,0.043503,0.17837,0.002871,0.247799,0.625877
090805760170213,0.044974,0.20366,0.00296,0.251942,0.610526
090805760191489,0.055722,0.245909,0.003658,0.27913,0.663596
090805760212766,0.076378,0.328622,0.005044,0.350337,0.579386
090805760234043,0.094061,0.408212,0.006188,0.429052,0.589912
090805760255319,0.093191,0.430824,0.006261,0.553599,0.375877
090805760276596,0.098955,0.48795,0.006749,0.624806,0.256579
090805760297872,0.049448,0.492413,0.003392,0.566805,0.335088
090805760319149,0.049598,0.502827,0.003378,0.546608,0.346053
090805760340426,0.070674,0.559357,0.004759,0.559037,0.461404
090805760361702,0.06638,0.576763,0.004449,0.559296,0.439035
090805760382979,0.076618,0.569325,0.005139,0.563956,0.407456
090805760404255,0.053681,0.556531,0.003616,0.560331,0.382895
090805760425532,0.054341,0.541059,0.003673,0.563439,0.377193
090805760446809,0.051759,0.536299,0.003515,0.564215,0.361404
090805760468085,0.050679,0.529307,0.00345,0.556706,0.337719
090805760489362,0.048217,0.518298,0.00329,0.545831,0.348246
090805760510638,0.049057,0.515769,0.003344,0.54376,0.353947
090805760531915,0.045094,0.505207,0.003076,0.535733,0.326754
090805760553191,0.046986,0.50238,0.003207,0.530036,0.327193
090805760574468,0.044584,0.480512,0.003041,0.519938,0.34693
090805760595745,0.044824,0.480512,0.003049,0.504143,0.339912
090805760617021,0.044494,0.479768,0.003024,0.491455,0.341228
090805760638298,0.045034,0.475156,0.003064,0.487571,0.364912
090805760659574,0.047346,0.482148,0.003228,0.493786,0.326316
090805760680851,0.047886,0.483041,0.003274,0.489384,0.313158
090805760702128,0.048307,0.494347,0.003301,0.497411,0.301754
090805760723404,0.046265,0.47828,0.003168,0.483169,0.32193
090805760744681,0.043143,0.472032,0.002929,0.458312,0.389912
090805760765957,0.043803,0.46504,0.002948,0.445106,0.392982
090805760787234,0.043413,0.457751,0.002912,0.42957,0.380263
090805760808511,0.042392,0.448676,0.002854,0.438115,0.319737
090805760829787,0.042933,0.436924,0.002898,0.439151,0.366667
090805760851064,0.042212,0.412824,0.002833,0.401864,0.385526
09080576087234,0.040591,0.378905,0.002723,0.37623,0.433772
090805760893617,0.041852,0.409848,0.002788,0.340756,0.472807
090805760914894,0.042662,0.431717,0.002838,0.307613,0.515789
09080576093617,0.082623,0.457007,0.005465,0.292595,0.592982
090805760957447,0.057614,0.476941,0.003816,0.293371,0.564035
090805760978723,0.063919,0.455073,0.004306,0.419731,0.500439
0908057610,0.059175,0.448676,0.003997,0.419213,0.496491
0908101700,0.051189,0.416989,0.003452,0.390471,0.494737
090810170021277,0.05302,0.354805,0.003552,0.348783,0.521491
090810170042553,0.051519,0.300655,0.003457,0.411445,0.423246
09081017006383,0.045304,0.24814,0.003066,0.370533,0.460526
090810170085106,0.044374,0.198453,0.002973,0.311497,0.499123
090810170106383,0.042602,0.16751,0.002838,0.264112,0.532456
09081017012766,0.041762,0.152336,0.002771,0.231227,0.580263
090810170148936,0.03954,0.145492,0.002613,0.210772,0.591667
090810170170213,0.032635,0.147129,0.002146,0.200414,0.639035
090810170191489,0.042752,0.158286,0.002804,0.206111,0.61886
090810170212766,0.043773,0.179857,0.002873,0.221129,0.650877
090810170234043,0.047526,0.219131,0.00312,0.244951,0.64693
090810170255319,0.055902,0.259,0.003685,0.292336,0.617982
090810170276596,0.074817,0.327432,0.004948,0.335318,0.610965
090810170297872,0.071034,0.384112,0.004659,0.330658,0.69693
090810170319149,0.087607,0.427105,0.005737,0.350596,0.621491
090810170340426,0.087607,0.467123,0.005719,0.371828,0.634211
090810170361702,0.086045,0.470247,0.005621,0.366908,0.655263
090810170382979,0.087607,0.458346,0.00575,0.374158,0.637719
090810170404255,0.070974,0.449569,0.004657,0.366132,0.620614
090810170425532,0.064519,0.434097,0.004258,0.360176,0.634649
090810170446809,0.075447,0.425915,0.004971,0.360435,0.646053
090810170468085,0.061487,0.4036,0.004051,0.348006,0.630702
090810170489362,0.076228,0.39274,0.005037,0.341792,0.606579
090810170510638,0.057974,0.374442,0.003828,0.324443,0.610965
090810170531915,0.050799,0.361351,0.003353,0.314345,0.630263
090810170553191,0.050709,0.348408,0.003344,0.31305,0.61886
090810170574468,0.048937,0.334871,0.003216,0.295961,0.612719
090810170595745,0.046746,0.331895,0.003078,0.290005,0.607456
090810170617021,0.051129,0.328027,0.003359,0.280943,0.627193
090810170638298,0.046746,0.331449,0.003083,0.284568,0.621491
090810170659574,0.054672,0.353169,0.003604,0.302693,0.597368
090810170680851,0.050438,0.346474,0.003336,0.307095,0.595614
090810170702128,0.066741,0.376971,0.004406,0.321595,0.597368
090810170723404,0.067822,0.390211,0.004479,0.328068,0.64386
090810170744681,0.063348,0.40122,0.004157,0.327292,0.707456
090810170765957,0.073076,0.399583,0.004763,0.327033,0.707895
090810170787234,0.064069,0.402559,0.004169,0.340497,0.675877
090810170808511,0.061817,0.397798,0.004051,0.376748,0.631579
090810170829787,0.058605,0.384261,0.003855,0.382444,0.609649
090810170851064,0.049988,0.363136,0.003282,0.36898,0.629386
09081017087234,0.043443,0.339482,0.00285,0.339202,0.612281
090810170893617,0.043893,0.352127,0.002873,0.319782,0.660526
090810170914894,0.043203,0.350045,0.002827,0.290264,0.664035
09081017093617,0.044674,0.364772,0.00291,0.283014,0.707895
090810170957447,0.043443,0.349301,0.002838,0.28146,0.645175
090810170978723,0.049327,0.334871,0.003178,0.375971,0.539912
0908101710,0.043563,0.299167,0.0029,0.379855,0.525877
0911199100,0.042632,0.267629,0.002838,0.356292,0.546053
091119910021277,0.042572,0.232966,0.002806,0.330917,0.567982
091119910042553,0.043413,0.188634,0.002877,0.398757,0.467105
09111991006383,0.043053,0.160666,0.002848,0.370533,0.536404
091119910085106,0.03882,0.128831,0.002545,0.324702,0.605263
091119910106383,0.041131,0.113805,0.002669,0.28146,0.672368
09111991012766,0.030023,0.096549,0.001942,0.243138,0.69693
091119910148936,0.02606,0.089408,0.001685,0.212325,0.72807
091119910170213,0.027831,0.098036,0.001749,0.18928,0.696491
091119910191489,0.026,0.10116,0.001687,0.177369,0.69693
091119910212766,0.02645,0.119012,0.001718,0.174262,0.724123
091119910234043,0.035187,0.139542,0.002275,0.168307,0.694737
091119910255319,0.040561,0.168253,0.002638,0.183325,0.649561
091119910276596,0.042152,0.223892,0.002744,0.221906,0.678509
091119910297872,0.047766,0.273133,0.003099,0.202745,0.65307
091119910319149,0.059175,0.319548,0.003855,0.206888,0.713596
091119910340426,0.044704,0.371169,0.002896,0.22812,0.76886
091119910361702,0.043953,0.387682,0.002813,0.237442,0.781579
091119910382979,0.044944,0.390658,0.002806,0.25246,0.786842
091119910404255,0.043653,0.381583,0.002815,0.247022,0.745175
091119910425532,0.042993,0.372211,0.002767,0.256862,0.758772
091119910446809,0.043683,0.366855,0.002815,0.249612,0.736404
091119910468085,0.043143,0.355995,0.002796,0.248058,0.717105
091119910489362,0.042632,0.341267,0.002754,0.232263,0.736842
091119910510638,0.042632,0.323416,0.00275,0.235111,0.738596
091119910531915,0.042692,0.303184,0.002746,0.217504,0.723246
091119910553191,0.027921,0.291877,0.001786,0.223977,0.788158
091119910574468,0.027261,0.276108,0.001737,0.226825,0.826754
091119910595745,0.027081,0.274621,0.001708,0.23537,0.831579
091119910617021,0.037829,0.26629,0.002447,0.210254,0.606579
091119910638298,0.042452,0.272538,0.002798,0.205075,0.668421
091119910659574,0.037498,0.282059,0.002441,0.223977,0.742105
091119910680851,0.030924,0.279232,0.001992,0.236147,0.733772
091119910702128,0.038729,0.296192,0.002484,0.259192,0.759211
091119910723404,0.042392,0.331598,0.002732,0.264371,0.715789
091119910744681,0.042572,0.357185,0.002759,0.262558,0.735526
091119910765957,0.044314,0.385153,0.002875,0.269032,0.735088
091119910787234,0.060106,0.434097,0.003548,0.29363,0.735088
091119910808511,0.081182,0.450907,0.005274,0.345935,0.712719
091119910829787,0.076438,0.447337,0.004952,0.363542,0.716228
091119910851064,0.058364,0.407766,0.003781,0.354221,0.695175
09111991087234,0.047226,0.373847,0.003066,0.326256,0.660965
091119910893617,0.044254,0.374145,0.002879,0.300363,0.704825
091119910914894,0.042632,0.363731,0.002761,0.262558,0.722368
09111991093617,0.043023,0.370128,0.002777,0.249612,0.785088
091119910957447,0.042572,0.349598,0.002738,0.236665,0.715351
091119910978723,0.044644,0.333829,0.002919,0.333765,0.591228
0911199110,0.043053,0.305118,0.00284,0.339979,0.605263
0911243200,0.042422,0.283547,0.002788,0.3203,0.624123
091124320021277,0.042032,0.253198,0.00275,0.302175,0.607895
091124320042553,0.043053,0.224189,0.00285,0.372346,0.524561
09112432006383,0.043833,0.192353,0.002887,0.353962,0.58114
091124320085106,0.043683,0.165873,0.00285,0.308131,0.645614
091124320106383,0.036538,0.14698,0.002362,0.277059,0.708772
09112432012766,0.027771,0.137757,0.001789,0.239254,0.725877
091124320148936,0.034586,0.146683,0.002223,0.231227,0.739035
091124320170213,0.043743,0.172121,0.002815,0.223459,0.721491
091124320191489,0.044134,0.220321,0.002848,0.236924,0.724123
091124320212766,0.048097,0.310324,0.003135,0.284568,0.715789
091124320234043,0.067251,0.407319,0.004375,0.350596,0.660526
091124320255319,0.045274,0.438114,0.00302,0.438633,0.541667
091124320276596,0.07875,0.5,0.005189,0.506473,0.572368
091124320297872,0.043743,0.524844,0.002883,0.455722,0.525439
091124320319149,0.044224,0.517257,0.002908,0.44407,0.525439
091124320340426,0.057284,0.554151,0.003729,0.44666,0.663158
091124320361702,0.051819,0.568134,0.003357,0.439669,0.60614
091124320382979,0.047796,0.555192,0.003118,0.426722,0.569298
091124320404255,0.044073,0.534811,0.002885,0.422838,0.571491
091124320425532,0.044164,0.521125,0.002885,0.409114,0.562281
091124320446809,0.043803,0.513984,0.002865,0.408856,0.591667
091124320468085,0.043983,0.510711,0.002869,0.412481,0.575877
091124320489362,0.044134,0.509372,0.002877,0.402123,0.594737
091124320510638,0.044134,0.50476,0.002873,0.401346,0.588158
091124320531915,0.044104,0.498066,0.002875,0.397721,0.585526
091124320553191,0.044073,0.48914,0.002879,0.410668,0.564912
091124320574468,0.043713,0.479917,0.002856,0.408856,0.578509
091124320595745,0.043863,0.469801,0.002856,0.4029,0.6
091124320617021,0.043143,0.470842,0.0028,0.397721,0.606579
091124320638298,0.043923,0.478875,0.002852,0.40782,0.570614
091124320659574,0.044164,0.481702,0.002883,0.413516,0.536404
091124320680851,0.044194,0.484826,0.002896,0.415329,0.536404
091124320702128,0.044134,0.508033,0.002883,0.415847,0.604825
091124320723404,0.043653,0.506843,0.002831,0.392802,0.635965
091124320744681,0.043803,0.507141,0.002823,0.359399,0.653947
091124320765957,0.043983,0.500893,0.002833,0.325997,0.65307
091124320787234,0.044314,0.523207,0.00286,0.316675,0.65
091124320808511,0.044464,0.52767,0.002879,0.35448,0.62193
091124320829787,0.044824,0.507438,0.002908,0.36639,0.644737
091124320851064,0.043233,0.470693,0.002788,0.344122,0.640351
09112432087234,0.041071,0.42532,0.002655,0.326256,0.617544
091124320893617,0.041792,0.442279,0.00268,0.289228,0.751316
091124320914894,0.040771,0.446147,0.002584,0.262558,0.732456
09112432093617,0.046175,0.46504,0.002946,0.236406,0.749561
091124320957447,0.045485,0.483041,0.00291,0.240808,0.757018
091124320978723,0.093311,0.478875,0.006101,0.372864,0.654825
0911243210,0.063438,0.463999,0.004169,0.384516,0.660526
0911287300,0.048727,0.43618,0.003203,0.361989,0.62193
091128730021277,0.045995,0.380393,0.003024,0.319524,0.603509
091128730042553,0.051909,0.328027,0.003411,0.381926,0.610965
09112873006383,0.044914,0.277298,0.002943,0.346712,0.663158
091128730085106,0.041492,0.224784,0.002694,0.302434,0.75307
091128730106383,0.041702,0.197709,0.002678,0.262299,0.755702
09112873012766,0.027921,0.180006,0.001791,0.227343,0.796053
091128730148936,0.030833,0.17346,0.001978,0.212325,0.805702
091128730170213,0.035697,0.200387,0.002287,0.197566,0.793421
091128730191489,0.03888,0.246058,0.002484,0.192905,0.85
091128730212766,0.044374,0.339631,0.002621,0.212843,0.831579
091128730234043,0.068602,0.434841,0.002889,0.241585,0.844298
091128730255319,0.02603,0.455222,0.001676,0.263076,0.742105
091128730276596,0.048247,0.509075,0.00311,0.308907,0.72193
091128730297872,0.042843,0.517108,0.002769,0.262558,0.715351
091128730319149,0.042843,0.512943,0.00273,0.263335,0.719298
091128730340426,0.044224,0.549836,0.002827,0.272139,0.720175
091128730361702,0.043623,0.551622,0.002802,0.273951,0.698246
091128730382979,0.043083,0.541357,0.002765,0.267737,0.708333
091128730404255,0.043233,0.519488,0.002775,0.279389,0.697807
091128730425532,0.043023,0.510414,0.002763,0.28146,0.708333
091128730446809,0.042632,0.501934,0.002732,0.276282,0.72807
091128730468085,0.042632,0.484528,0.002725,0.279648,0.725877
091128730489362,0.042632,0.477536,0.00273,0.269291,0.719298
091128730510638,0.042632,0.473222,0.002736,0.270326,0.690351
091128730531915,0.042632,0.462214,0.002738,0.26696,0.704386
091128730553191,0.042632,0.457602,0.002736,0.266183,0.707018
091128730574468,0.042242,0.442725,0.002711,0.262558,0.702632
091128730595745,0.03891,0.421749,0.002497,0.260228,0.689912
091128730617021,0.041161,0.423683,0.002644,0.260746,0.683772
091128730638298,0.042632,0.442279,0.002744,0.276541,0.65614
091128730659574,0.042632,0.445403,0.002754,0.281719,0.64693
091128730680851,0.042632,0.43618,0.002759,0.299068,0.642982
091128730702128,0.042632,0.437816,0.00275,0.302693,0.649123
091128730723404,0.041852,0.405683,0.00269,0.29363,0.664474
091128730744681,0.042632,0.416989,0.002725,0.276023,0.697807
091128730765957,0.042632,0.422791,0.002713,0.258933,0.720175
091128730787234,0.043023,0.455817,0.002742,0.269032,0.678509
091128730808511,0.044073,0.46504,0.002829,0.301398,0.614035
091128730829787,0.043563,0.455965,0.002811,0.316416,0.630702
091128730851064,0.042632,0.417138,0.002738,0.299327,0.662719
09112873087234,0.035247,0.385748,0.002254,0.27421,0.664474
091128730893617,0.036688,0.406129,0.002337,0.236665,0.749123
091128730914894,0.041552,0.416096,0.002626,0.210772,0.740789
09112873093617,0.044854,0.446593,0.002835,0.201709,0.810088
091128730957447,0.044824,0.463404,0.002842,0.202227,0.761842
091128730978723,0.114717,0.465635,0.00683,0.353962,0.717982
0911287310,0.060466,0.449717,0.003934,0.372605,0.695614
0911331400,0.05212,0.422791,0.003394,0.338426,0.634649
091133140021277,0.046355,0.371467,0.003037,0.306577,0.63114
091133140042553,0.050498,0.3133,0.003311,0.380891,0.589912
09113314006383,0.044854,0.263463,0.002952,0.341015,0.603509
091133140085106,0.043173,0.218536,0.002821,0.299327,0.726316
091133140106383,0.042032,0.187742,0.002705,0.266701,0.758333
09113314012766,0.034766,0.176436,0.002235,0.222165,0.774123
091133140148936,0.037859,0.179857,0.00243,0.193941,0.791667
091133140170213,0.040741,0.204106,0.002599,0.206629,0.817544
091133140191489,0.043383,0.245314,0.002773,0.249612,0.769737
091133140212766,0.053561,0.329217,0.003463,0.320041,0.809649
091133140234043,0.064699,0.425915,0.004179,0.397462,0.687719
091133140255319,0.049027,0.437965,0.003226,0.492491,0.540351
091133140276596,0.077969,0.483636,0.005162,0.589332,0.50614
091133140297872,0.049147,0.492115,0.003261,0.544278,0.482456
091133140319149,0.045455,0.48676,0.003018,0.542983,0.420175
091133140340426,0.054491,0.527819,0.003612,0.55593,0.481579
091133140361702,0.053591,0.536001,0.003546,0.579751,0.485088
091133140382979,0.057584,0.532877,0.003814,0.589591,0.480263
091133140404255,0.057464,0.517703,0.003812,0.604091,0.453509
091133140425532,0.05221,0.510414,0.003481,0.603832,0.444737
091133140446809,0.055032,0.507736,0.003668,0.612895,0.395175
091133140468085,0.049988,0.491967,0.003359,0.600466,0.387719
091133140489362,0.049808,0.492413,0.003346,0.610306,0.404825
091133140510638,0.054131,0.496876,0.003629,0.614707,0.461842
091133140531915,0.061367,0.500446,0.004094,0.631797,0.425439
091133140553191,0.064459,0.500893,0.0043,0.629984,0.432018
091133140574468,0.060376,0.496132,0.00403,0.632833,0.444298
091133140595745,0.05314,0.488843,0.003562,0.627136,0.424123
091133140617021,0.091299,0.492413,0.006194,0.617297,0.281579
091133140638298,0.107752,0.486462,0.007353,0.613672,0.332895
091133140659574,0.147262,0.487206,0.009994,0.607457,0.357895
091133140680851,0.158971,0.477834,0.010804,0.607975,0.31886
091133140702128,0.119761,0.47709,0.008151,0.598654,0.341228
091133140723404,0.055602,0.452841,0.003779,0.55334,0.311404
091133140744681,0.043803,0.438262,0.002981,0.516831,0.32193
091133140765957,0.044434,0.425915,0.002997,0.470741,0.371053
091133140787234,0.047946,0.451056,0.003224,0.468669,0.332895
091133140808511,0.048367,0.46266,0.003272,0.472294,0.377632
091133140829787,0.044374,0.439453,0.002975,0.474625,0.433772
091133140851064,0.042632,0.40717,0.002811,0.449508,0.486404
09113314087234,0.041672,0.377566,0.002719,0.422579,0.535088
091133140893617,0.041462,0.402559,0.002671,0.371828,0.675
091133140914894,0.041792,0.413121,0.002661,0.341274,0.720175
09113314093617,0.043743,0.44332,0.00279,0.317193,0.714912
091133140957447,0.044614,0.454627,0.002865,0.311497,0.687719
091133140978723,0.083433,0.453585,0.005037,0.444847,0.567982
0911331410,0.049358,0.438709,0.003295,0.434749,0.51886
0911376500,0.046926,0.406724,0.003145,0.40523,0.546491
091137650021277,0.046265,0.351681,0.003066,0.368203,0.56886
091137650042553,0.057374,0.297679,0.003797,0.423874,0.510965
09113765006383,0.047406,0.248587,0.003132,0.394614,0.606579
091137650085106,0.043863,0.206337,0.002869,0.341015,0.651754
091137650106383,0.042182,0.18075,0.002738,0.302175,0.732456
09113765012766,0.037198,0.166766,0.002401,0.274987,0.730702
091137650148936,0.037258,0.165873,0.002412,0.246504,0.716228
091137650170213,0.03984,0.196519,0.002574,0.284568,0.75
091137650191489,0.043683,0.234752,0.002827,0.29622,0.705263
091137650212766,0.051069,0.320143,0.003322,0.348265,0.741667
091137650234043,0.073616,0.411038,0.004801,0.435008,0.62193
091137650255319,0.048397,0.42889,0.003211,0.541688,0.511842
091137650276596,0.116759,0.483338,0.007759,0.62144,0.470175
091137650297872,0.049688,0.487504,0.003301,0.582341,0.474123
091137650319149,0.043983,0.487206,0.002908,0.556447,0.492105
091137650340426,0.059385,0.531687,0.003897,0.57535,0.535088
091137650361702,0.053861,0.554299,0.003517,0.570689,0.527632
091137650382979,0.05281,0.548944,0.003471,0.571983,0.534649
091137650404255,0.055422,0.538976,0.003639,0.579751,0.526754
091137650425532,0.050769,0.53496,0.003344,0.582859,0.514474
091137650446809,0.053951,0.534811,0.003544,0.574573,0.487719
091137650468085,0.053921,0.534514,0.003548,0.569653,0.514912
091137650489362,0.051729,0.537638,0.003394,0.556447,0.525877
091137650510638,0.068452,0.545076,0.004472,0.571466,0.521053
091137650531915,0.060856,0.543737,0.003984,0.573796,0.517105
091137650553191,0.056203,0.541506,0.003685,0.571466,0.516228
091137650574468,0.055152,0.531985,0.003619,0.567582,0.499123
091137650595745,0.051159,0.530646,0.003371,0.549456,0.510965
091137650617021,0.051789,0.530794,0.003415,0.548162,0.509211
091137650638298,0.05278,0.531985,0.003481,0.550233,0.490351
091137650659574,0.049658,0.529009,0.003276,0.548938,0.50614
091137650680851,0.049658,0.51562,0.003276,0.540911,0.513596
091137650702128,0.048607,0.515918,0.003197,0.532626,0.537281
091137650723404,0.044404,0.489735,0.0029,0.502071,0.568421
091137650744681,0.044254,0.474859,0.002877,0.466598,0.581579
091137650765957,0.043623,0.460875,0.002831,0.425168,0.610526
091137650787234,0.044284,0.480661,0.002869,0.422579,0.571491
091137650808511,0.044524,0.484826,0.002904,0.447954,0.519298
091137650829787,0.044134,0.462957,0.002898,0.465044,0.493421
091137650851064,0.042903,0.426064,0.002815,0.436044,0.560965
09113765087234,0.035187,0.383963,0.002289,0.399534,0.531579
091137650893617,0.03981,0.405385,0.002576,0.363283,0.590351
091137650914894,0.040831,0.421006,0.002621,0.323149,0.683772
09113765093617,0.045575,0.453883,0.002923,0.306577,0.699561
091137650957447,0.046716,0.46147,0.003012,0.308907,0.713596
091137650978723,0.071394,0.456263,0.004659,0.437856,0.584649
0911376510,0.045695,0.436328,0.003049,0.429829,0.53114
091142600,0.047406,0.397352,0.003166,0.392802,0.524561
09114260021277,0.045184,0.341714,0.003006,0.363801,0.554825
09114260042553,0.048877,0.285629,0.003249,0.417918,0.535965
0911426006383,0.047466,0.240851,0.003137,0.391507,0.574123
09114260085106,0.043293,0.197263,0.002838,0.335318,0.671491
09114260106383,0.041371,0.17465,0.002686,0.293371,0.693421
0911426012766,0.031854,0.155906,0.002069,0.252719,0.719298
09114260148936,0.027141,0.159923,0.001745,0.173485,0.762719
09114260170213,0.036928,0.188486,0.002372,0.184102,0.798684
09114260191489,0.042632,0.226272,0.002761,0.277576,0.711842
09114260212766,0.047616,0.308688,0.00311,0.344899,0.707895
09114260234043,0.051399,0.39274,0.003373,0.421543,0.610965
09114260255319,0.036628,0.415501,0.002474,0.52667,0.471053
09114260276596,0.089618,0.470544,0.006032,0.610823,0.450877
09114260297872,0.046475,0.490777,0.00312,0.566805,0.451316
09114260319149,0.046806,0.481702,0.003126,0.556965,0.426316
09114260340426,0.053621,0.531538,0.00355,0.559296,0.513596
09114260361702,0.050228,0.547159,0.003313,0.557483,0.522368
09114260382979,0.049628,0.54091,0.003274,0.558778,0.49693
09114260404255,0.046145,0.529307,0.003056,0.566028,0.438596
09114260425532,0.050468,0.526927,0.003353,0.574573,0.454386
09114260446809,0.050348,0.525588,0.003346,0.576385,0.435088
09114260468085,0.048757,0.519339,0.003259,0.571207,0.411842
09114260489362,0.046025,0.508331,0.003078,0.568617,0.416228
09114260510638,0.048757,0.502529,0.003259,0.569135,0.399561
09114260531915,0.046685,0.498066,0.003128,0.575608,0.403509
09114260553191,0.047946,0.489884,0.003216,0.579751,0.357895
09114260574468,0.045695,0.479173,0.003056,0.577421,0.407456
09114260595745,0.044554,0.473669,0.002975,0.564733,0.458333
09114260617021,0.044854,0.480214,0.002981,0.555412,0.427632
09114260638298,0.045364,0.473669,0.003035,0.557742,0.401316
09114260659574,0.045605,0.479173,0.003051,0.554117,0.405263
09114260680851,0.044434,0.477834,0.002968,0.550233,0.422807
09114260702128,0.044434,0.465486,0.002956,0.535992,0.471491
09114260723404,0.043473,0.439601,0.002879,0.501554,0.47193
09114260744681,0.042843,0.42294,0.002833,0.476955,0.444737
09114260765957,0.043743,0.418328,0.002904,0.439927,0.437281
09114260787234,0.042813,0.431419,0.002823,0.426722,0.539474
09114260808511,0.042632,0.430973,0.002788,0.441222,0.477193
09114260829787,0.042632,0.414014,0.002808,0.463231,0.482895
09114260851064,0.03924,0.382029,0.00257,0.420766,0.489474
0911426087234,0.036208,0.349747,0.002385,0.387364,0.481579
09114260893617,0.040711,0.386938,0.002655,0.31564,0.656579
09114260914894,0.03984,0.415353,0.002547,0.252201,0.746053
0911426093617,0.047376,0.448974,0.003043,0.296479,0.674561
09114260957447,0.046986,0.45299,0.003043,0.323149,0.693421
09114260978723,0.055332,0.437072,0.003519,0.436302,0.579386
091142610,0.046595,0.426956,0.003099,0.434231,0.597368
0911464700,0.047676,0.395716,0.003147,0.393061,0.637719
091146470021277,0.043983,0.327581,0.002873,0.349819,0.672368
091146470042553,0.046445,0.26748,0.003049,0.407302,0.603947
09114647006383,0.043233,0.218536,0.002823,0.375712,0.713596
091146470085106,0.038639,0.170187,0.002501,0.315381,0.697807
091146470106383,0.036177,0.14936,0.002331,0.267478,0.724561
09114647012766,0.030533,0.131211,0.001971,0.232004,0.732456
091146470148936,0.023058,0.121541,0.001491,0.206629,0.744737
091146470170213,0.02609,0.128831,0.001683,0.200932,0.769298
091146470191489,0.02636,0.13731,0.001695,0.182807,0.794298
091146470212766,0.038129,0.170039,0.002437,0.196271,0.846053
091146470234043,0.041912,0.208718,0.002655,0.238995,0.817982
091146470255319,0.043383,0.246355,0.002788,0.297514,0.724123
091146470276596,0.05275,0.318209,0.003425,0.347229,0.730263
091146470297872,0.049838,0.369682,0.003199,0.353703,0.736842
091146470319149,0.047796,0.413865,0.003091,0.369498,0.747368
091146470340426,0.05326,0.453883,0.003423,0.394873,0.775877
091146470361702,0.058454,0.467718,0.003766,0.412222,0.75
091146470382979,0.082533,0.459536,0.004165,0.425945,0.72193
091146470404255,0.059805,0.451651,0.00388,0.437856,0.717105
091146470425532,0.063408,0.440494,0.004117,0.425427,0.700439
091146470446809,0.062748,0.431717,0.004088,0.443553,0.678509
091146470468085,0.050378,0.421154,0.003278,0.434231,0.652193
091146470489362,0.055512,0.406873,0.003614,0.431124,0.670175
091146470510638,0.063648,0.393187,0.004094,0.422061,0.707456
091146470531915,0.063198,0.3856,0.004046,0.404454,0.748684
091146470553191,0.044764,0.370723,0.00286,0.364319,0.75307
091146470574468,0.045575,0.36745,0.002921,0.372605,0.737281
091146470595745,0.047166,0.361202,0.003027,0.368462,0.72807
091146470617021,0.045154,0.359566,0.0029,0.358364,0.741667
091146470638298,0.046746,0.358822,0.00301,0.365355,0.737281
091146470659574,0.049267,0.360904,0.003151,0.376748,0.735965
091146470680851,0.044674,0.351235,0.002869,0.383739,0.708772
091146470702128,0.049177,0.359268,0.003182,0.38115,0.672807
091146470723404,0.044734,0.363136,0.00291,0.381409,0.665351
091146470744681,0.044794,0.369384,0.002906,0.363283,0.662719
091146470765957,0.044073,0.371764,0.002854,0.345158,0.740351
091146470787234,0.045184,0.39036,0.002908,0.336354,0.734211
091146470808511,0.045094,0.390806,0.002908,0.344122,0.710965
091146470829787,0.050709,0.378608,0.00327,0.35189,0.687719
091146470851064,0.045515,0.349152,0.002906,0.330399,0.713158
09114647087234,0.042903,0.325052,0.002661,0.31072,0.74386
091146470893617,0.043143,0.335317,0.002732,0.294666,0.753509
091146470914894,0.042542,0.336953,0.002709,0.267219,0.802632
09114647093617,0.042632,0.349152,0.002657,0.258415,0.818421
091146470957447,0.042632,0.327135,0.002705,0.268773,0.776754
091146470978723,0.044284,0.310622,0.002873,0.350337,0.582018
0911464710,0.043173,0.276852,0.002819,0.374417,0.656579
0911508100,0.042182,0.252752,0.002742,0.338685,0.626316
091150810021277,0.041281,0.214073,0.002676,0.31072,0.621491
091150810042553,0.043443,0.186254,0.002844,0.365355,0.557018
09115081006383,0.042152,0.151443,0.002734,0.335318,0.674123
091150810085106,0.030593,0.121392,0.001948,0.28405,0.718421
091150810106383,0.029993,0.105623,0.001928,0.239772,0.725439
09115081012766,0.02576,0.092383,0.001656,0.190316,0.760526
091150810148936,0.025639,0.08435,0.001523,0.160798,0.765789
091150810170213,0.0266,0.091193,0.001656,0.141378,0.831579
091150810191489,0.02594,0.090747,0.001656,0.141119,0.820614
091150810212766,0.031584,0.10726,0.002005,0.136199,0.860088
091150810234043,0.037889,0.125707,0.002401,0.140601,0.823246
091150810255319,0.038609,0.149658,0.002424,0.169083,0.853509
091150810276596,0.038609,0.196221,0.002443,0.201968,0.84386
091150810297872,0.04011,0.249926,0.002034,0.201709,0.853509
091150810319149,0.042542,0.294853,0.002547,0.208441,0.853509
091150810340426,0.043113,0.346474,0.002613,0.235629,0.860526
091150810361702,0.043173,0.375335,0.002673,0.24262,0.848246
091150810382979,0.048067,0.393782,0.002835,0.266701,0.842982
091150810404255,0.043923,0.39512,0.002703,0.267737,0.834211
091150810425532,0.045515,0.392294,0.002653,0.267737,0.825439
091150810446809,0.046565,0.38798,0.002779,0.274728,0.817105
091150810468085,0.042993,0.376525,0.002727,0.273951,0.819737
091150810489362,0.043143,0.361946,0.002738,0.274469,0.783772
091150810510638,0.041041,0.347813,0.002582,0.267219,0.851316
091150810531915,0.041642,0.333383,0.00263,0.258156,0.794737
091150810553191,0.03912,0.319845,0.002476,0.253237,0.79386
091150810574468,0.035037,0.30839,0.002233,0.238477,0.760526
091150810595745,0.038429,0.307498,0.002455,0.237183,0.771491
091150810617021,0.037679,0.307349,0.002405,0.23304,0.763596
091150810638298,0.03918,0.313151,0.002491,0.242103,0.79693
091150810659574,0.036538,0.327581,0.00232,0.251424,0.813158
091150810680851,0.041822,0.328771,0.002653,0.266442,0.803947
091150810702128,0.043773,0.358971,0.002798,0.280425,0.761842
091150810723404,0.044073,0.377864,0.002823,0.288711,0.746491
091150810744681,0.043023,0.38798,0.002757,0.286121,0.783772
091150810765957,0.043893,0.396311,0.002794,0.283273,0.801754
091150810787234,0.043983,0.400922,0.002806,0.299068,0.766667
091150810808511,0.045004,0.403303,0.002889,0.334283,0.722368
091150810829787,0.045004,0.392889,0.002914,0.36173,0.691228
091150810851064,0.042783,0.362392,0.002765,0.353185,0.691667
09115081087234,0.040501,0.333085,0.002605,0.327292,0.725
091150810893617,0.042542,0.338143,0.002732,0.307872,0.736404
091150810914894,0.038669,0.339036,0.002457,0.264889,0.783772
09115081093617,0.03894,0.342606,0.002472,0.258674,0.79693
091150810957447,0.042392,0.329515,0.00268,0.267478,0.752632
091150810978723,0.044734,0.314192,0.002881,0.365355,0.631579
0911508110,0.042843,0.274174,0.002781,0.362248,0.642982
0911553200,0.043503,0.262868,0.002823,0.34697,0.623684
091155320021277,0.043443,0.232223,0.002815,0.323149,0.635965
091155320042553,0.043833,0.203957,0.002875,0.382444,0.52807
09115532006383,0.043023,0.175394,0.002819,0.355256,0.661404
091155320085106,0.033055,0.143707,0.002137,0.314863,0.689474
091155320106383,0.02648,0.131062,0.001718,0.278353,0.677632
09115532012766,0.02648,0.127343,0.001718,0.256603,0.695614
091155320148936,0.02648,0.133591,0.001718,0.228638,0.729386
091155320170213,0.042783,0.166617,0.002769,0.241067,0.740351
091155320191489,0.044404,0.209908,0.002877,0.269291,0.685965
091155320212766,0.059115,0.298274,0.003845,0.330399,0.729825
091155320234043,0.070373,0.388872,0.004578,0.417918,0.69693
091155320255319,0.062748,0.4277,0.004146,0.543242,0.532456
091155320276596,0.0789,0.481553,0.005249,0.628172,0.460965
091155320297872,0.046565,0.486165,0.003087,0.566028,0.471491
091155320319149,0.044884,0.49152,0.002966,0.558001,0.484211
091155320340426,0.053921,0.538828,0.003544,0.549974,0.555263
091155320361702,0.063829,0.556828,0.004157,0.555153,0.558333
091155320382979,0.05218,0.548795,0.003419,0.543501,0.507018
091155320404255,0.050078,0.539125,0.003297,0.542465,0.487281
091155320425532,0.05227,0.535555,0.003444,0.549197,0.496053
091155320446809,0.058935,0.530794,0.003887,0.564215,0.485088
091155320468085,0.058424,0.519786,0.003845,0.554376,0.490789
091155320489362,0.053441,0.519042,0.003513,0.55593,0.495614
091155320510638,0.068122,0.517703,0.004466,0.557742,0.47807
091155320531915,0.059175,0.506397,0.003891,0.559555,0.480263
091155320553191,0.056503,0.505356,0.003718,0.561108,0.464474
091155320574468,0.050859,0.493454,0.003544,0.555153,0.468421
091155320595745,0.090729,0.492711,0.00603,0.547126,0.472368
091155320617021,0.049628,0.495686,0.00329,0.546867,0.458333
091155320638298,0.05284,0.499405,0.003492,0.550492,0.501316
091155320659574,0.056713,0.507438,0.003747,0.55593,0.480263
091155320680851,0.048637,0.503422,0.003216,0.552822,0.492105
091155320702128,0.047556,0.504909,0.003149,0.543501,0.474123
091155320723404,0.044284,0.483487,0.002919,0.488866,0.538158
091155320744681,0.044073,0.469057,0.002887,0.448731,0.528947
091155320765957,0.042632,0.456114,0.002779,0.413257,0.626754
091155320787234,0.042632,0.465635,0.002761,0.403159,0.546491
091155320808511,0.044104,0.465635,0.002879,0.429311,0.522807
091155320829787,0.043923,0.448527,0.002879,0.450803,0.49693
091155320851064,0.042662,0.411782,0.0028,0.432936,0.512719
09115532087234,0.041852,0.376227,0.002736,0.402382,0.573246
091155320893617,0.042632,0.4036,0.002757,0.358622,0.633333
091155320914894,0.042152,0.407468,0.002715,0.317452,0.689474
09115532093617,0.044013,0.435287,0.002825,0.295702,0.708772
091155320957447,0.047196,0.443916,0.003043,0.30088,0.649123
091155320978723,0.080041,0.43737,0.005208,0.419731,0.635088
0911553210,0.063348,0.428146,0.004148,0.427499,0.646491
0911597300,0.046625,0.40241,0.003097,0.402382,0.591228
091159730021277,0.044614,0.345879,0.002935,0.360176,0.607456
091159730042553,0.054011,0.294555,0.003567,0.430088,0.575439
09115973006383,0.044344,0.242785,0.002912,0.390989,0.614035
091159730085106,0.043983,0.194287,0.002885,0.343863,0.603509
091159730106383,0.042933,0.172716,0.002796,0.294666,0.723684
09115973012766,0.042632,0.159328,0.002746,0.277576,0.745175
091159730148936,0.042632,0.162154,0.002736,0.275246,0.786842
091159730170213,0.041191,0.191163,0.002644,0.281201,0.742544
091159730191489,0.042783,0.2349,0.002771,0.295961,0.688596
091159730212766,0.06566,0.320143,0.004294,0.356551,0.738596
091159730234043,0.067701,0.407766,0.004441,0.443035,0.619298
091159730255319,0.063378,0.426361,0.004215,0.554635,0.450439
091159730276596,0.070193,0.48319,0.004697,0.626618,0.428947
091159730297872,0.050648,0.49152,0.003376,0.590109,0.448684
091159730319149,0.050679,0.497471,0.003361,0.566028,0.470175
091159730340426,0.077759,0.541208,0.005114,0.566028,0.532895
091159730361702,0.082443,0.560101,0.005415,0.564215,0.517982
091159730382979,0.069353,0.549093,0.004574,0.566805,0.445175
091159730404255,0.055302,0.535555,0.003671,0.568099,0.437719
091159730425532,0.054882,0.529009,0.003646,0.575091,0.448684
091159730446809,0.054041,0.524546,0.003587,0.577421,0.415351
091159730468085,0.050318,0.513389,0.003355,0.571466,0.421491
091159730489362,0.050108,0.515174,0.003346,0.568876,0.390789
091159730510638,0.064939,0.517108,0.004329,0.583635,0.445175
091159730531915,0.063318,0.516662,0.004204,0.588555,0.442544
091159730553191,0.076288,0.50967,0.005068,0.59943,0.436842
091159730574468,0.063708,0.505504,0.004231,0.60202,0.414474
091159730595745,0.050048,0.497322,0.003351,0.587778,0.370175
091159730617021,0.067161,0.505207,0.0043,0.592439,0.437719
091159730638298,0.054311,0.504017,0.003627,0.588814,0.400877
091159730659574,0.059385,0.508331,0.00397,0.589073,0.402632
091159730680851,0.045635,0.504017,0.003062,0.582341,0.376316
091159730702128,0.044854,0.500298,0.003012,0.562144,0.39693
091159730723404,0.043563,0.472627,0.002902,0.51709,0.480263
091159730744681,0.043293,0.459685,0.00285,0.477991,0.53114
091159730765957,0.042632,0.450907,0.002796,0.441999,0.512719
091159730787234,0.042722,0.461321,0.002802,0.430088,0.547368
091159730808511,0.044284,0.469949,0.002906,0.45391,0.500439
091159730829787,0.043413,0.457304,0.002858,0.460124,0.483333
091159730851064,0.042632,0.421898,0.0028,0.440963,0.510526
09115973087234,0.037709,0.383814,0.002468,0.403936,0.535965
091159730893617,0.041612,0.402559,0.002698,0.369239,0.635965
091159730914894,0.042242,0.418625,0.002719,0.328068,0.698684
09115973093617,0.044704,0.44213,0.002873,0.308389,0.699561
091159730957447,0.046235,0.451205,0.002975,0.303988,0.690789
091159730978723,0.093131,0.445552,0.005345,0.423097,0.571053
0911597310,0.05314,0.433353,0.00354,0.428793,0.525
0911641400,0.046265,0.39884,0.003087,0.399016,0.567544
091164140021277,0.044944,0.347069,0.002981,0.366649,0.550877
091164140042553,0.045695,0.293365,0.003047,0.413775,0.501316
09116414006383,0.042933,0.237876,0.002852,0.379078,0.587719
091164140085106,0.042813,0.199345,0.002825,0.330658,0.612281
091164140106383,0.042092,0.175543,0.00274,0.285344,0.726316
09116414012766,0.034016,0.156352,0.002198,0.255567,0.748684
091164140148936,0.037108,0.159923,0.002399,0.241844,0.756579
091164140170213,0.041041,0.186998,0.00264,0.263853,0.748684
091164140191489,0.042632,0.221809,0.002748,0.280943,0.715789
091164140212766,0.044884,0.306308,0.00291,0.363283,0.770175
091164140234043,0.051879,0.401071,0.003355,0.43216,0.701316
091164140255319,0.051879,0.417733,0.003413,0.555671,0.561404
091164140276596,0.069473,0.470247,0.004634,0.632833,0.452193
091164140297872,0.056143,0.485421,0.003737,0.590368,0.477193
091164140319149,0.050558,0.493901,0.003353,0.576903,0.467982
091164140340426,0.130539,0.53734,0.008635,0.56784,0.467105
091164140361702,0.125826,0.548349,0.008386,0.56551,0.454386
091164140382979,0.137174,0.541654,0.009186,0.582859,0.430702
091164140404255,0.126456,0.52767,0.008484,0.579234,0.401316
091164140425532,0.108593,0.518596,0.007314,0.574314,0.388596
091164140446809,0.140597,0.516215,0.009481,0.585966,0.378947
091164140468085,0.1312,0.513835,0.008864,0.5826,0.380702
091164140489362,0.139546,0.508777,0.009429,0.582082,0.378509
091164140510638,0.148613,0.514877,0.010029,0.588814,0.387719
091164140531915,0.149964,0.512794,0.010118,0.591921,0.376316
091164140553191,0.104179,0.513389,0.007046,0.594252,0.327632
091164140574468,0.086226,0.505207,0.005864,0.576385,0.297368
091164140595745,0.101177,0.502231,0.006905,0.580269,0.309649
091164140617021,0.094572,0.507736,0.006452,0.582859,0.314035
091164140638298,0.096163,0.509372,0.006564,0.591144,0.316228
091164140659574,0.10502,0.509967,0.007173,0.59943,0.26886
091164140680851,0.090879,0.497025,0.006228,0.615484,0.261404
091164140702128,0.085115,0.487206,0.005837,0.611341,0.215351
091164140723404,0.044644,0.447635,0.003068,0.573278,0.178509
091164140744681,0.044073,0.452841,0.003029,0.537286,0.26886
091164140765957,0.043863,0.441982,0.002991,0.508027,0.306579
091164140787234,0.044824,0.45061,0.003054,0.500518,0.292982
091164140808511,0.044494,0.450164,0.003035,0.504143,0.284211
091164140829787,0.043563,0.432461,0.002966,0.483169,0.297807
091164140851064,0.042963,0.395567,0.002908,0.455722,0.331579
09116414087234,0.042662,0.377715,0.002873,0.433195,0.417982
091164140893617,0.042632,0.398542,0.002831,0.381409,0.476316
091164140914894,0.043173,0.408956,0.00285,0.327292,0.557456
09116414093617,0.048277,0.437667,0.00317,0.306836,0.557895
091164140957447,0.05224,0.446742,0.003452,0.296479,0.576754
091164140978723,0.11817,0.448081,0.007979,0.426463,0.407456
0911641410,0.070944,0.425171,0.004861,0.436561,0.401754
0911685500,0.056713,0.390658,0.003891,0.412222,0.410965
091168550021277,0.045425,0.335168,0.003087,0.377525,0.427632
091168550042553,0.053561,0.281464,0.003654,0.432677,0.370614
09116855006383,0.042783,0.234752,0.0029,0.392025,0.420614
091168550085106,0.042302,0.19042,0.002848,0.347747,0.478509
091168550106383,0.031674,0.161857,0.002123,0.296737,0.492982
09116855012766,0.020956,0.151889,0.001396,0.25971,0.539912
091168550148936,0.032515,0.158584,0.002164,0.242361,0.557018
091168550170213,0.042332,0.186254,0.002811,0.251424,0.578947
091168550191489,0.044584,0.226569,0.002948,0.280684,0.610088
091168550212766,0.076498,0.302737,0.005083,0.363024,0.560965
091168550234043,0.120301,0.388277,0.008006,0.446919,0.518421
091168550255319,0.098265,0.413716,0.006674,0.568876,0.398684
091168550276596,0.140207,0.47947,0.009555,0.656137,0.339035
091168550297872,0.085805,0.490479,0.005812,0.615225,0.329386
091168550319149,0.098235,0.504165,0.006653,0.617556,0.367544
091168550340426,0.151825,0.550283,0.010235,0.629467,0.380263
091168550361702,0.130359,0.568283,0.008756,0.615225,0.419737
091168550382979,0.109613,0.560845,0.007364,0.611082,0.372807
091168550404255,0.113967,0.554597,0.007752,0.620404,0.332456
091168550425532,0.14438,0.550431,0.009645,0.617556,0.336404
091168550446809,0.162333,0.548051,0.01107,0.63102,0.264474
091168550468085,0.15843,0.540762,0.010777,0.615225,0.341228
091168550489362,0.125886,0.536894,0.00855,0.604091,0.338158
091168550510638,0.119731,0.535109,0.008139,0.605127,0.337281
091168550531915,0.100546,0.526331,0.006851,0.606163,0.325877
091168550553191,0.080731,0.519042,0.005505,0.604868,0.315789
091168550574468,0.076618,0.51086,0.005228,0.598912,0.31886
091168550595745,0.07899,0.500446,0.005376,0.583376,0.339035
091168550617021,0.077009,0.503719,0.005222,0.575608,0.353509
091168550638298,0.070464,0.50848,0.004782,0.585189,0.358772
091168550659574,0.068062,0.50848,0.004634,0.599948,0.292982
091168550680851,0.058695,0.503719,0.004022,0.599689,0.285965
091168550702128,0.086826,0.505504,0.005931,0.617556,0.324123
091168550723404,0.050588,0.495686,0.003454,0.584412,0.282895
091168550744681,0.046535,0.484826,0.003187,0.560331,0.294737
091168550765957,0.045094,0.470396,0.00307,0.525893,0.329386
091168550787234,0.049688,0.475751,0.003376,0.530036,0.309649
091168550808511,0.046685,0.476644,0.003191,0.531072,0.265789
091168550829787,0.043173,0.453734,0.00295,0.525117,0.286404
091168550851064,0.043083,0.412526,0.002923,0.488089,0.360526
09116855087234,0.042722,0.373252,0.002867,0.449249,0.401316
091168550893617,0.043203,0.396311,0.002877,0.398239,0.475439
091168550914894,0.043293,0.41208,0.002856,0.350854,0.542982
09116855093617,0.060826,0.456709,0.003992,0.315898,0.599123
091168550957447,0.046716,0.463553,0.003089,0.307872,0.545175
091168550978723,0.106731,0.453288,0.007216,0.421025,0.39693
0911685510,0.071334,0.431122,0.0049,0.440704,0.361842
091173600,0.047436,0.398245,0.003261,0.418177,0.351754
09117360021277,0.046385,0.343945,0.00317,0.384775,0.390789
09117360042553,0.057464,0.290539,0.003928,0.438374,0.358333
0911736006383,0.044614,0.23371,0.003029,0.402382,0.42193
09117360085106,0.042122,0.191907,0.002835,0.353185,0.507456
09117360106383,0.042452,0.168997,0.002823,0.306836,0.560965
0911736012766,0.041041,0.156799,0.002717,0.27913,0.584211
09117360148936,0.03951,0.160071,0.002613,0.250647,0.611842
09117360170213,0.042632,0.187891,0.002815,0.258674,0.617105
09117360191489,0.044674,0.233413,0.002958,0.285085,0.633772
09117360212766,0.064939,0.311366,0.004304,0.362765,0.669737
09117360234043,0.079711,0.404046,0.005324,0.452356,0.536842
09117360255319,0.095413,0.432907,0.006479,0.579751,0.436404
09117360276596,0.087727,0.491818,0.005997,0.669601,0.303947
09117360297872,0.068632,0.508182,0.004649,0.647074,0.390351
09117360319149,0.064069,0.522761,0.004304,0.633351,0.437719
09117360340426,0.147922,0.573193,0.009784,0.648369,0.524123
09117360361702,0.126997,0.590896,0.008361,0.650958,0.514035
09117360382979,0.095893,0.582713,0.006095,0.64811,0.470175
09117360404255,0.093821,0.576317,0.006217,0.645779,0.456579
09117360425532,0.104569,0.570217,0.006942,0.646815,0.486404
09117360446809,0.106761,0.571705,0.007079,0.644226,0.457895
09117360468085,0.09208,0.562035,0.006113,0.635681,0.45307
09117360489362,0.064639,0.554746,0.004306,0.618332,0.431579
09117360510638,0.076018,0.553109,0.005071,0.612377,0.447368
09117360531915,0.06557,0.546861,0.004368,0.609529,0.414474
09117360553191,0.055482,0.542993,0.003706,0.600725,0.430702
09117360574468,0.05209,0.533026,0.003475,0.59218,0.38114
09117360595745,0.048517,0.524695,0.003263,0.571983,0.403509
09117360617021,0.047886,0.519786,0.003218,0.566287,0.383333
09117360638298,0.049628,0.524993,0.003342,0.569394,0.389035
09117360659574,0.049418,0.522166,0.003332,0.571724,0.357456
09117360680851,0.049448,0.507587,0.00334,0.582082,0.397807
09117360702128,0.049868,0.499702,0.003355,0.58493,0.352632
09117360723404,0.045124,0.466082,0.003039,0.562662,0.386842
09117360744681,0.044194,0.445403,0.00295,0.536769,0.417105
09117360765957,0.043953,0.433204,0.002925,0.512429,0.432018
09117360787234,0.044194,0.438411,0.002921,0.498446,0.464474
09117360808511,0.044524,0.447486,0.002943,0.498446,0.436842
09117360829787,0.043683,0.43008,0.002898,0.49275,0.416667
09117360851064,0.042783,0.403749,0.002833,0.466857,0.467544
0911736087234,0.042002,0.364772,0.002761,0.420766,0.514035
09117360893617,0.042963,0.399286,0.002804,0.388659,0.578509
09117360914894,0.043263,0.410592,0.002806,0.344381,0.623246
0911736093617,0.051699,0.441535,0.00334,0.33014,0.619298
09117360957447,0.045725,0.451354,0.00295,0.310461,0.657018
09117360978723,0.097874,0.427551,0.006365,0.44407,0.608772
091173610,0.075748,0.415799,0.00495,0.446919,0.585965
0911774700,0.059896,0.383963,0.003918,0.419731,0.576316
091177470021277,0.047136,0.319101,0.003095,0.380632,0.507018
091177470042553,0.048427,0.267034,0.003216,0.430865,0.495614
09117747006383,0.046415,0.215263,0.003066,0.393837,0.552632
091177470085106,0.044944,0.17227,0.002964,0.340238,0.586404
091177470106383,0.043713,0.146534,0.002867,0.291041,0.638158
09117747012766,0.042182,0.127938,0.002759,0.258933,0.67193
091177470148936,0.041131,0.122583,0.00268,0.230709,0.65
091177470170213,0.027411,0.130318,0.001789,0.224236,0.661842
091177470191489,0.036268,0.140286,0.002364,0.222941,0.697368
091177470212766,0.042843,0.1687,0.002788,0.236665,0.762281
091177470234043,0.042212,0.204999,0.002709,0.271621,0.74693
091177470255319,0.043233,0.250074,0.00279,0.31564,0.695614
091177470276596,0.044764,0.31449,0.002921,0.363542,0.657895
091177470297872,0.043773,0.371764,0.002862,0.354221,0.681579
091177470319149,0.053561,0.412675,0.003511,0.375453,0.664912
091177470340426,0.063648,0.457602,0.004161,0.394096,0.695614
091177470361702,0.073316,0.477536,0.004171,0.403418,0.672807
091177470382979,0.055963,0.465338,0.003662,0.392543,0.675
091177470404255,0.051339,0.451056,0.003355,0.394096,0.667982
091177470425532,0.047406,0.433948,0.003103,0.38348,0.673684
091177470446809,0.046836,0.430229,0.003058,0.370274,0.716228
091177470468085,0.044254,0.41803,0.002889,0.362248,0.692544
091177470489362,0.045004,0.404344,0.002939,0.361471,0.686404
091177470510638,0.044224,0.388872,0.002894,0.354738,0.675877
091177470531915,0.044494,0.364624,0.002902,0.336095,0.714035
091177470553191,0.044524,0.354359,0.002896,0.335836,0.702632
091177470574468,0.043953,0.346325,0.002856,0.32289,0.729825
091177470595745,0.042632,0.333085,0.00275,0.307613,0.752632
091177470617021,0.042632,0.328771,0.002752,0.307613,0.725439
091177470638298,0.042632,0.321482,0.002763,0.304505,0.742982
091177470659574,0.042632,0.325201,0.002765,0.316934,0.705263
091177470680851,0.041251,0.309432,0.002665,0.315898,0.711404
091177470702128,0.042302,0.326242,0.002725,0.32522,0.654386
091177470723404,0.043953,0.343945,0.002862,0.328327,0.701754
091177470744681,0.044704,0.346921,0.00291,0.329622,0.69693
091177470765957,0.043923,0.346623,0.002875,0.317711,0.645175
091177470787234,0.044314,0.354656,0.002898,0.319006,0.675
091177470808511,0.044644,0.361351,0.002929,0.343863,0.635526
091177470829787,0.049418,0.357185,0.003255,0.348006,0.604825
091177470851064,0.044013,0.329813,0.002902,0.322113,0.619737
09117747087234,0.043263,0.311961,0.002844,0.299845,0.641228
091177470893617,0.043383,0.327135,0.002838,0.269808,0.721491
091177470914894,0.042873,0.331598,0.002781,0.255567,0.750439
09117747093617,0.044104,0.346177,0.002848,0.261005,0.736404
091177470957447,0.043923,0.331151,0.002848,0.277835,0.646491
091177470978723,0.050168,0.31687,0.003315,0.367167,0.550877
0911774710,0.043923,0.273282,0.00291,0.359658,0.558772
0911818100,0.043473,0.241148,0.002871,0.329622,0.595614
091181810021277,0.043083,0.20485,0.002819,0.305541,0.615351
091181810042553,0.043353,0.176287,0.002852,0.350337,0.55614
09118181006383,0.042632,0.137459,0.002792,0.32755,0.666228
091181810085106,0.034586,0.1144,0.002248,0.279389,0.679825
091181810106383,0.02579,0.093722,0.00167,0.23537,0.690351
09118181012766,0.018374,0.088813,0.001192,0.193423,0.718421
091181810148936,0.016002,0.080184,0.001037,0.170378,0.757018
091181810170213,0.022367,0.085391,0.001452,0.146815,0.726316
091181810191489,0.023688,0.085094,0.001548,0.143967,0.688596
091181810212766,0.027501,0.097888,0.001795,0.140083,0.669298
091181810234043,0.030954,0.123624,0.002017,0.144485,0.72807
091181810255319,0.038309,0.148616,0.002484,0.14811,0.753947
091181810276596,0.040471,0.195031,0.002603,0.182289,0.795175
091181810297872,0.040441,0.240702,0.00258,0.198343,0.802193
091181810319149,0.044013,0.295001,0.002819,0.205852,0.785088
091181810340426,0.044434,0.346474,0.002856,0.233817,0.780702
091181810361702,0.045394,0.370128,0.002925,0.252978,0.791228
091181810382979,0.048607,0.373103,0.003126,0.269291,0.762281
091181810404255,0.044944,0.369235,0.0029,0.282237,0.74693
091181810425532,0.044494,0.367004,0.002885,0.28405,0.724123
091181810446809,0.045304,0.363136,0.002933,0.292595,0.724561
091181810468085,0.044614,0.360904,0.002898,0.290523,0.691228
091181810489362,0.044974,0.357185,0.002914,0.283014,0.74386
091181810510638,0.044734,0.343053,0.002904,0.27913,0.720175
091181810531915,0.044073,0.331449,0.002867,0.262558,0.72193
091181810553191,0.043713,0.318506,0.002844,0.261005,0.719298
091181810574468,0.042542,0.314341,0.002746,0.251424,0.810965
091181810595745,0.041732,0.311217,0.002678,0.249871,0.812281
091181810617021,0.041672,0.313151,0.002684,0.25738,0.732456
091181810638298,0.043413,0.304374,0.002815,0.259451,0.723246
091181810659574,0.043953,0.312556,0.002856,0.266183,0.714035
091181810680851,0.043293,0.305713,0.002823,0.266442,0.691667
091181810702128,0.043563,0.318953,0.002848,0.285085,0.700439
091181810723404,0.043923,0.336507,0.002877,0.284827,0.684211
091181810744681,0.043683,0.339482,0.002852,0.27421,0.728947
091181810765957,0.043713,0.342309,0.002846,0.260487,0.733772
091181810787234,0.043833,0.36388,0.002848,0.261264,0.753947
091181810808511,0.044224,0.389616,0.002883,0.296996,0.716228
091181810829787,0.048997,0.387533,0.003203,0.332211,0.658772
091181810851064,0.044073,0.354061,0.002894,0.314086,0.636404
09118181087234,0.043293,0.322821,0.002842,0.291041,0.680263
091181810893617,0.043803,0.340077,0.00286,0.271103,0.725439
091181810914894,0.042722,0.335912,0.002765,0.241844,0.817982
09118181093617,0.042632,0.339631,0.00274,0.240808,0.80614
091181810957447,0.042873,0.32654,0.002769,0.240031,0.720175
091181810978723,0.044194,0.306308,0.002896,0.326774,0.58114
0911818110,0.043773,0.274174,0.002898,0.348524,0.585088
0911862200,0.043623,0.248289,0.002885,0.32522,0.586842
091186220021277,0.043053,0.219131,0.00284,0.295443,0.605702
091186220042553,0.043233,0.191461,0.002865,0.362506,0.571053
09118622006383,0.044824,0.166766,0.002941,0.33972,0.656579
091186220085106,0.031794,0.138352,0.002081,0.291559,0.627193
091186220106383,0.026,0.125112,0.001699,0.247022,0.661404
09118622012766,0.02627,0.126302,0.001708,0.208959,0.682895
091186220148936,0.027351,0.135525,0.001776,0.198602,0.679386
091186220170213,0.040621,0.168402,0.00263,0.211031,0.754825
091186220191489,0.043203,0.213478,0.002779,0.238736,0.758333
091186220212766,0.045935,0.294555,0.002981,0.304247,0.686404
091186220234043,0.044614,0.379054,0.002931,0.388141,0.592982
091186220255319,0.049027,0.4036,0.00329,0.511134,0.45307
091186220276596,0.050679,0.472776,0.003444,0.601761,0.369298
091186220297872,0.045304,0.486611,0.003049,0.557742,0.409649
091186220319149,0.046776,0.505802,0.003135,0.542724,0.418421
091186220340426,0.081032,0.55177,0.005382,0.561885,0.519737
091186220361702,0.073856,0.565308,0.004869,0.549715,0.501754
091186220382979,0.06581,0.556233,0.004358,0.56059,0.461842
091186220404255,0.047736,0.538976,0.003184,0.560331,0.435965
091186220425532,0.050288,0.537638,0.003363,0.562144,0.425
091186220446809,0.049087,0.539125,0.003282,0.551269,0.432895
091186220468085,0.046205,0.533175,0.003091,0.540135,0.453509
091186220489362,0.049297,0.528414,0.003292,0.545831,0.424123
091186220510638,0.048997,0.524993,0.003284,0.551787,0.407895
091186220531915,0.048367,0.520976,0.003251,0.549974,0.419298
091186220553191,0.050318,0.51562,0.003384,0.555671,0.405263
091186220574468,0.049658,0.508331,0.003351,0.547903,0.37193
091186220595745,0.049207,0.50476,0.003324,0.539099,0.395614
091186220617021,0.047766,0.508331,0.00322,0.527965,0.389912
091186220638298,0.050198,0.512943,0.003384,0.535215,0.414912
091186220659574,0.047946,0.51205,0.003232,0.526152,0.393421
091186220680851,0.047346,0.507438,0.003187,0.530036,0.387281
091186220702128,0.045124,0.499405,0.003039,0.513465,0.42807
091186220723404,0.043263,0.485867,0.002889,0.481357,0.475439
091186220744681,0.044073,0.47947,0.002916,0.448731,0.493421
091186220765957,0.042903,0.463106,0.002829,0.409632,0.510965
091186220787234,0.043743,0.457899,0.002885,0.388141,0.501316
091186220808511,0.044104,0.460875,0.002916,0.411445,0.49693
091186220829787,0.043983,0.444064,0.002916,0.449508,0.441228
091186220851064,0.043203,0.413419,0.002877,0.431642,0.428947
09118622087234,0.041311,0.379054,0.002736,0.408338,0.492544
091186220893617,0.043713,0.399137,0.002867,0.3739,0.610526
091186220914894,0.044794,0.408658,0.002931,0.323149,0.62807
09118622093617,0.048577,0.441535,0.003162,0.298032,0.685526
091186220957447,0.046535,0.453734,0.003033,0.290782,0.630263
091186220978723,0.095382,0.450015,0.00634,0.416882,0.574123
0911862210,0.054672,0.437072,0.003654,0.419731,0.527632
0911907300,0.045485,0.402856,0.003058,0.396945,0.558772
091190730021277,0.045725,0.348408,0.003035,0.364319,0.585088
091190730042553,0.048277,0.294704,0.003209,0.422061,0.528947
09119073006383,0.043863,0.243975,0.002914,0.399016,0.549561
091190730085106,0.043383,0.205147,0.002867,0.345676,0.607895
091190730106383,0.042392,0.178518,0.002784,0.297773,0.678509
09119073012766,0.041642,0.166617,0.002696,0.267996,0.748684
091190730148936,0.03918,0.17227,0.002524,0.251683,0.764035
091190730170213,0.042903,0.195478,0.002779,0.263594,0.693421
091190730191489,0.043953,0.238619,0.002875,0.275764,0.664035
091190730212766,0.050168,0.317316,0.003313,0.343604,0.641228
091190730234043,0.058815,0.398988,0.003918,0.426981,0.547368
091190730255319,0.074637,0.423088,0.005066,0.548421,0.427193
091190730276596,0.095382,0.477239,0.006496,0.642413,0.344298
091190730297872,0.046145,0.492115,0.003116,0.584153,0.385088
091190730319149,0.058274,0.505951,0.00392,0.57043,0.420614
091190730340426,0.112766,0.551622,0.00748,0.567323,0.521053
091190730361702,0.100606,0.565605,0.006647,0.568358,0.492544
091190730382979,0.086946,0.560994,0.005758,0.557483,0.472368
091190730404255,0.084814,0.548795,0.005638,0.563439,0.447807
091190730425532,0.075657,0.542844,0.00505,0.561367,0.423684
091190730446809,0.06557,0.540167,0.004389,0.564474,0.407895
091190730468085,0.054792,0.533621,0.003673,0.539617,0.413158
091190730489362,0.05272,0.531241,0.003554,0.535215,0.365351
091190730510638,0.05215,0.533026,0.003531,0.540394,0.422368
091190730531915,0.050799,0.531538,0.00344,0.545572,0.348246
091190730553191,0.049928,0.526034,0.003342,0.553599,0.339474
091190730574468,0.049808,0.524249,0.003388,0.547903,0.351316
091190730595745,0.049778,0.523654,0.003384,0.536769,0.387281
091190730617021,0.05239,0.52529,0.003538,0.532108,0.426316
091190730638298,0.048397,0.532133,0.003295,0.534438,0.446491
091190730659574,0.054191,0.529604,0.003646,0.537804,0.428947
091190730680851,0.05224,0.52648,0.003519,0.542206,0.417982
091190730702128,0.047496,0.525439,0.003249,0.535733,0.355263
091190730723404,0.044344,0.506694,0.002968,0.502848,0.39693
091190730744681,0.044524,0.495537,0.002993,0.473848,0.461842
091190730765957,0.043713,0.474412,0.002923,0.447954,0.449123
091190730787234,0.043863,0.470544,0.002925,0.440704,0.472807
091190730808511,0.044254,0.47352,0.002941,0.447954,0.449123
091190730829787,0.044073,0.454478,0.002941,0.46841,0.418421
091190730851064,0.043443,0.41922,0.002912,0.451579,0.45
09119073087234,0.03912,0.380839,0.002615,0.425945,0.429386
091190730893617,0.044464,0.405683,0.002956,0.377784,0.528947
091190730914894,0.043653,0.423981,0.002892,0.333765,0.59693
09119073093617,0.048067,0.445998,0.003187,0.305282,0.633772
091190730957447,0.048607,0.455222,0.00323,0.2913,0.568421
091190730978723,0.088597,0.452395,0.005985,0.423615,0.512719
0911907310,0.057704,0.42889,0.003932,0.423356,0.472807
0911951400,0.045785,0.394525,0.003124,0.404713,0.489035
091195140021277,0.045304,0.335763,0.003066,0.368721,0.514474
091195140042553,0.055392,0.282208,0.003758,0.430865,0.438596
09119514006383,0.045394,0.23014,0.003058,0.398498,0.552193
091195140085106,0.043503,0.181642,0.002904,0.352667,0.580702
091195140106383,0.041462,0.163642,0.002761,0.307095,0.612281
09119514012766,0.03969,0.147873,0.002628,0.272139,0.611404
091195140148936,0.042392,0.148765,0.0028,0.260228,0.624123
091195140170213,0.042332,0.175841,0.00279,0.255308,0.647807
091195140191489,0.044013,0.224933,0.002906,0.284827,0.608772
091195140212766,0.049958,0.308242,0.003332,0.348265,0.624561
091195140234043,0.064519,0.394079,0.004344,0.443035,0.47193
091195140255319,0.076528,0.429337,0.005243,0.564474,0.377632
091195140276596,0.099856,0.490925,0.006849,0.64552,0.320614
091195140297872,0.045605,0.507736,0.003097,0.604091,0.375
091195140319149,0.055062,0.508777,0.00371,0.584671,0.37807
091195140340426,0.106491,0.554597,0.007156,0.594511,0.422368
091195140361702,0.087366,0.566498,0.005864,0.583376,0.411842
091195140382979,0.093821,0.558762,0.006311,0.588555,0.407018
091195140404255,0.071905,0.54463,0.004842,0.586225,0.368421
091195140425532,0.072295,0.53972,0.004867,0.58493,0.385526
091195140446809,0.060046,0.537191,0.00404,0.574832,0.376316
091195140468085,0.061937,0.527522,0.004163,0.571724,0.41886
091195140489362,0.050108,0.519488,0.003365,0.558001,0.409211
091195140510638,0.048757,0.511455,0.003286,0.56551,0.370614
091195140531915,0.048037,0.507141,0.003243,0.57276,0.362719
091195140553191,0.049147,0.500595,0.003319,0.570689,0.35
091195140574468,0.048727,0.49033,0.003292,0.563698,0.354825
091195140595745,0.044854,0.484231,0.003037,0.541688,0.378947
091195140617021,0.045635,0.487355,0.003095,0.545831,0.360965
091195140638298,0.046956,0.499405,0.003193,0.546349,0.316667
091195140659574,0.051399,0.50476,0.003506,0.551787,0.332895
091195140680851,0.050648,0.502975,0.003461,0.550233,0.324123
091195140702128,0.05281,0.514579,0.003602,0.548162,0.317982
091195140723404,0.044043,0.489289,0.002995,0.50725,0.35
091195140744681,0.045334,0.497025,0.003068,0.478509,0.413158
091195140765957,0.043323,0.49033,0.002912,0.443811,0.453947
091195140787234,0.044104,0.486462,0.002943,0.425945,0.483772
091195140808511,0.043953,0.492264,0.002931,0.444588,0.454386
091195140829787,0.045635,0.478578,0.00307,0.482651,0.388158
091195140851064,0.043383,0.44332,0.002923,0.459347,0.407895
09119514087234,0.043293,0.412229,0.002904,0.448731,0.415351
091195140893617,0.050588,0.436328,0.003371,0.396686,0.513596
091195140914894,0.046535,0.43737,0.003103,0.349301,0.534649
09119514093617,0.058575,0.459238,0.003887,0.311238,0.580263
091195140957447,0.070974,0.468015,0.004703,0.310202,0.579825
091195140978723,0.09202,0.467867,0.006219,0.428534,0.510965
0911951410,0.089348,0.457453,0.006091,0.446401,0.508333
0911995500,0.072355,0.422345,0.004911,0.414293,0.464474
091199550021277,0.07938,0.364921,0.005376,0.392802,0.483772
091199550042553,0.073166,0.311812,0.004967,0.44407,0.426316
09119955006383,0.049598,0.259,0.003363,0.414034,0.486404
091199550085106,0.043593,0.214817,0.002929,0.360694,0.525
091199550106383,0.043173,0.187147,0.002879,0.319006,0.557018
09119955012766,0.042843,0.164386,0.002846,0.282237,0.587719
091199550148936,0.042903,0.170336,0.00284,0.269549,0.593421
091199550170213,0.043353,0.19994,0.002875,0.26696,0.628509
091199550191489,0.045875,0.243082,0.003043,0.294666,0.618421
091199550212766,0.072985,0.330408,0.004879,0.359917,0.596491
091199550234043,0.098925,0.423386,0.006626,0.443811,0.523246
091199550255319,0.081842,0.453288,0.005571,0.563439,0.391228
091199550276596,0.097574,0.506099,0.006641,0.641895,0.364035
091199550297872,0.047346,0.518596,0.003211,0.580787,0.394737
091199550319149,0.058635,0.516662,0.003959,0.560849,0.361842
091199550340426,0.0925,0.55906,0.005806,0.556189,0.397368
091199550361702,0.071184,0.570961,0.004796,0.54376,0.404386
091199550382979,0.061607,0.55787,0.004159,0.541429,0.367982
091199550404255,0.055182,0.532133,0.003739,0.539876,0.357018
091199550425532,0.064759,0.52886,0.004593,0.541947,0.368421
091199550446809,0.069353,0.525736,0.004684,0.54117,0.372807
091199550468085,0.060766,0.516662,0.004113,0.533143,0.357895
091199550489362,0.055302,0.510711,0.003741,0.528483,0.345614
091199550510638,0.055122,0.504165,0.003741,0.540653,0.317544
091199550531915,0.051849,0.484677,0.00354,0.539617,0.284649
091199550553191,0.053681,0.48795,0.003671,0.545313,0.308772
091199550574468,0.049057,0.480065,0.003357,0.542983,0.271491
091199550595745,0.047496,0.470693,0.003265,0.539358,0.244737
091199550617021,0.048427,0.476198,0.003332,0.534179,0.264035
091199550638298,0.048847,0.477983,0.003357,0.535992,0.270175
091199550659574,0.049448,0.482297,0.003403,0.538581,0.25614
091199550680851,0.046926,0.478132,0.00323,0.540135,0.251316
091199550702128,0.053501,0.488099,0.003675,0.532367,0.30307
091199550723404,0.044374,0.484826,0.003035,0.494562,0.29386
091199550744681,0.043443,0.481404,0.00295,0.450544,0.390789
091199550765957,0.042783,0.471586,0.002887,0.416624,0.403509
091199550787234,0.043953,0.48319,0.002933,0.405748,0.475439
091199550808511,0.044584,0.502529,0.002981,0.421284,0.419737
091199550829787,0.044224,0.494198,0.002981,0.451321,0.382456
091199550851064,0.042963,0.458197,0.002894,0.438115,0.395175
09119955087234,0.041882,0.420411,0.002806,0.405489,0.412281
091199550893617,0.046505,0.442279,0.003101,0.365096,0.527193
091199550914894,0.047196,0.446891,0.003139,0.32755,0.563158
09119955093617,0.063048,0.467272,0.004179,0.299845,0.626754
091199550957447,0.071094,0.480809,0.004688,0.292336,0.619737
091199550978723,0.087216,0.474115,0.005874,0.416882,0.489035
0911995510,0.071274,0.458346,0.004838,0.419472,0.494737
0912039600,0.057674,0.426064,0.003936,0.389436,0.410088
091203960021277,0.05215,0.367599,0.00355,0.352149,0.42807
091203960042553,0.06587,0.311366,0.004503,0.417918,0.392982
09120396006383,0.048397,0.261083,0.00329,0.384775,0.464035
091203960085106,0.044884,0.214519,0.003008,0.333247,0.559211
091203960106383,0.042873,0.187742,0.002844,0.287934,0.638158
09120396012766,0.042632,0.171675,0.002806,0.255567,0.659649
091203960148936,0.042272,0.175394,0.002769,0.240808,0.666667
091203960170213,0.043623,0.203511,0.002846,0.24521,0.668421
091203960191489,0.043743,0.241595,0.002892,0.272398,0.579386
091203960212766,0.064429,0.332639,0.004321,0.334801,0.561404
091203960234043,0.083644,0.42889,0.005694,0.423097,0.446491
091203960255319,0.068932,0.450907,0.00472,0.529518,0.38114
091203960276596,0.100606,0.507438,0.006882,0.607198,0.374123
091203960297872,0.062387,0.497025,0.004236,0.555671,0.335965
091203960319149,0.070794,0.507736,0.004796,0.553599,0.364474
091203960340426,0.097124,0.554151,0.006554,0.550492,0.438596
091203960361702,0.087036,0.565754,0.005845,0.555671,0.412281
091203960382979,0.080071,0.555936,0.005405,0.553081,0.394298
091203960404255,0.062117,0.541803,0.004211,0.565769,0.348684
091203960425532,0.0659,0.530497,0.004474,0.572242,0.350439
091203960446809,0.070494,0.524695,0.00479,0.574832,0.356579
091203960468085,0.061637,0.517406,0.004568,0.571724,0.361842
091203960489362,0.080851,0.508033,0.005488,0.573796,0.345614
091203960510638,0.085715,0.508628,0.005837,0.578716,0.320614
091203960531915,0.049207,0.493306,0.003346,0.573278,0.369737
091203960553191,0.051009,0.486909,0.003461,0.568876,0.376754
091203960574468,0.044854,0.477239,0.003035,0.561885,0.450877
091203960595745,0.043563,0.463404,0.002923,0.547126,0.447807
091203960617021,0.046175,0.462065,0.003089,0.542983,0.432895
091203960638298,0.044734,0.46028,0.003008,0.529777,0.408772
091203960659574,0.043353,0.455668,0.002914,0.539876,0.460526
091203960680851,0.047406,0.447486,0.003172,0.534438,0.372368
091203960702128,0.047766,0.440345,0.003236,0.519161,0.310526
091203960723404,0.042632,0.41922,0.002885,0.484723,0.355263
091203960744681,0.042933,0.416543,0.002887,0.447178,0.364035
091203960765957,0.042722,0.401964,0.002862,0.409891,0.45307
091203960787234,0.042632,0.409551,0.002821,0.383221,0.577193
091203960808511,0.042542,0.420262,0.002781,0.394614,0.518421
091203960829787,0.045695,0.41208,0.003039,0.41999,0.380263
091203960851064,0.042843,0.394972,0.002875,0.402382,0.401316
09120396087234,0.040711,0.360458,0.002711,0.375971,0.437719
091203960893617,0.046025,0.396608,0.003043,0.352408,0.539912
091203960914894,0.048457,0.420559,0.003184,0.328327,0.566667
09120396093617,0.084514,0.452246,0.005525,0.310461,0.635965
091203960957447,0.06536,0.465933,0.004265,0.304764,0.642982
091203960978723,0.081182,0.448825,0.005384,0.425427,0.482456
0912039610,0.082713,0.439006,0.005515,0.425945,0.530263
0912084700,0.070343,0.408361,0.004684,0.384775,0.483772
091208470021277,0.069203,0.347664,0.004622,0.348006,0.515351
091208470042553,0.072355,0.292175,0.004873,0.397204,0.465351
09120847006383,0.058665,0.243529,0.003961,0.372605,0.452632
091208470085106,0.043413,0.191015,0.002912,0.307872,0.531579
091208470106383,0.042722,0.162749,0.002838,0.270067,0.608772
09120847012766,0.041942,0.138798,0.002754,0.227861,0.655263
091208470148936,0.03984,0.134335,0.002607,0.207405,0.678947
091208470170213,0.035217,0.140137,0.002302,0.198084,0.696491
091208470191489,0.035637,0.149658,0.002318,0.204816,0.705263
091208470212766,0.041612,0.175692,0.002703,0.232522,0.702632
091208470234043,0.042272,0.213924,0.00275,0.25479,0.663596
091208470255319,0.043863,0.259,0.002877,0.297773,0.685965
091208470276596,0.064009,0.320887,0.004206,0.359399,0.704386
091208470297872,0.067611,0.379203,0.00442,0.369239,0.740351
091208470319149,0.071004,0.412972,0.004628,0.387882,0.728509
091208470340426,0.084274,0.448825,0.005177,0.411963,0.751754
091208470361702,0.077579,0.46385,0.005039,0.417659,0.714912
091208470382979,0.076048,0.4518,0.004956,0.41507,0.719737
091208470404255,0.073856,0.433651,0.004823,0.418954,0.662281
091208470425532,0.072085,0.422047,0.004726,0.41274,0.667105
091208470446809,0.06587,0.408063,0.004333,0.411704,0.624561
091208470468085,0.058544,0.395567,0.003874,0.396945,0.632456
091208470489362,0.06545,0.380839,0.004321,0.385034,0.61886
091208470510638,0.055512,0.371616,0.003681,0.377525,0.569737
091208470531915,0.05227,0.350491,0.003481,0.361471,0.558772
091208470553191,0.043683,0.336061,0.002921,0.353703,0.528947
091208470574468,0.043653,0.329961,0.002916,0.337649,0.536404
091208470595745,0.043113,0.323564,0.002887,0.323149,0.52807
091208470617021,0.043023,0.318506,0.002881,0.31072,0.552193
091208470638298,0.042993,0.306605,0.002883,0.310979,0.535088
091208470659574,0.043413,0.318804,0.002912,0.33014,0.531579
091208470680851,0.042692,0.293514,0.002873,0.331952,0.496491
091208470702128,0.043143,0.314192,0.002904,0.333506,0.513158
091208470723404,0.043203,0.325796,0.002906,0.331176,0.514474
091208470744681,0.042903,0.329813,0.002877,0.319265,0.53114
091208470765957,0.042933,0.319994,0.002883,0.31072,0.546491
091208470787234,0.043143,0.327879,0.002881,0.310461,0.558772
091208470808511,0.043923,0.360309,0.002931,0.332211,0.575439
091208470829787,0.045184,0.353615,0.003014,0.349042,0.524123
091208470851064,0.043293,0.331003,0.002904,0.338944,0.527632
09120847087234,0.042843,0.306456,0.002867,0.314086,0.55307
091208470893617,0.043353,0.324011,0.002892,0.297255,0.59693
091208470914894,0.043113,0.33011,0.002867,0.267737,0.618421
09120847093617,0.044194,0.34216,0.00291,0.270585,0.673246
091208470957447,0.044314,0.32892,0.002923,0.273175,0.597368
091208470978723,0.053681,0.307795,0.004049,0.377007,0.540351
0912084710,0.043113,0.275513,0.002898,0.379337,0.485965
0912128100,0.042873,0.249479,0.002883,0.34231,0.532456
091212810021277,0.042963,0.215561,0.002873,0.314086,0.494737
091212810042553,0.043263,0.18194,0.00291,0.362765,0.454825
09121281006383,0.042963,0.146831,0.002881,0.342569,0.525
091212810085106,0.041672,0.116186,0.002757,0.294925,0.596491
091212810106383,0.028191,0.100714,0.001851,0.254272,0.625877
09121281012766,0.022847,0.080928,0.001502,0.204816,0.655702
091212810148936,0.023568,0.078697,0.001545,0.177887,0.65
091212810170213,0.022757,0.082267,0.001491,0.15536,0.660526
091212810191489,0.023748,0.083457,0.001556,0.148369,0.674561
091212810212766,0.024829,0.10235,0.001626,0.147851,0.68114
091212810234043,0.032485,0.125112,0.002117,0.151994,0.697807
091212810255319,0.036838,0.145046,0.002395,0.178405,0.728509
091212810276596,0.040261,0.188783,0.002615,0.20378,0.733333
091212810297872,0.038699,0.242636,0.00252,0.207405,0.738596
091212810319149,0.044254,0.29277,0.002869,0.221647,0.778509
091212810340426,0.044344,0.340821,0.002883,0.244692,0.734649
091212810361702,0.043803,0.364921,0.002871,0.253237,0.695614
091212810382979,0.044284,0.373252,0.002904,0.270844,0.704825
091212810404255,0.044194,0.362243,0.002902,0.272657,0.692982
091212810425532,0.044134,0.354061,0.002904,0.276282,0.660965
091212810446809,0.043503,0.350788,0.002867,0.265924,0.659211
091212810468085,0.043863,0.347218,0.002896,0.278353,0.665789
091212810489362,0.043053,0.334573,0.00284,0.268255,0.662281
091212810510638,0.043053,0.324159,0.002833,0.263594,0.690789
091212810531915,0.043173,0.302737,0.002833,0.261781,0.685965
091212810553191,0.042632,0.305861,0.002794,0.256603,0.690789
091212810574468,0.043353,0.301845,0.002829,0.249871,0.672368
091212810595745,0.043023,0.295001,0.002823,0.241326,0.679386
091212810617021,0.043053,0.295745,0.002825,0.238477,0.701316
091212810638298,0.043413,0.295448,0.002848,0.248317,0.669737
091212810659574,0.043173,0.299911,0.002842,0.263335,0.648246
091212810680851,0.042722,0.287414,0.002817,0.273951,0.617544
091212810702128,0.043473,0.302142,0.002877,0.280943,0.609211
091212810723404,0.043533,0.296043,0.002894,0.292853,0.619298
091212810744681,0.042813,0.314787,0.002835,0.286898,0.607018
091212810765957,0.042783,0.313448,0.002833,0.281978,0.611404
091212810787234,0.043983,0.332788,0.00291,0.285085,0.671491
091212810808511,0.053711,0.366706,0.003535,0.312532,0.651316
091212810829787,0.074367,0.376822,0.004902,0.358105,0.660088
091212810851064,0.05203,0.356144,0.003432,0.344381,0.594298
09121281087234,0.043653,0.320589,0.0029,0.319524,0.584211
091212810893617,0.044224,0.335763,0.002925,0.290005,0.687719
091212810914894,0.043773,0.330705,0.002871,0.261781,0.687281
09121281093617,0.043893,0.334573,0.002869,0.243138,0.694298
091212810957447,0.043113,0.311514,0.002825,0.238995,0.627632
091212810978723,0.063798,0.30006,0.004231,0.339979,0.540789
0912128110,0.043473,0.268819,0.002912,0.353703,0.514912
0912172200,0.042752,0.244868,0.002869,0.326515,0.530702
091217220021277,0.043083,0.22047,0.002879,0.312015,0.506579
091217220042553,0.046235,0.188337,0.003101,0.377525,0.437719
09121722006383,0.043053,0.166171,0.002894,0.35448,0.497368
091217220085106,0.040861,0.140137,0.002727,0.311238,0.584211
091217220106383,0.029693,0.126748,0.001959,0.251942,0.579825
09121722012766,0.02612,0.124219,0.001718,0.212325,0.617105
091217220148936,0.024018,0.128682,0.001583,0.21854,0.617105
091217220170213,0.03933,0.164683,0.002599,0.227343,0.569298
091217220191489,0.057073,0.213181,0.003806,0.24262,0.52807
091217220212766,0.076528,0.291877,0.005201,0.301916,0.437281
091217220234043,0.097154,0.373252,0.006666,0.388659,0.359649
091217220255319,0.093041,0.398691,0.00651,0.513206,0.263596
091217220276596,0.119791,0.452693,0.008365,0.603573,0.229825
091217220297872,0.094992,0.476793,0.00668,0.551269,0.291228
091217220319149,0.122913,0.492711,0.008484,0.540653,0.280702
091217220340426,0.143269,0.540762,0.009848,0.550233,0.376316
091217220361702,0.129278,0.555489,0.008859,0.552563,0.317982
091217220382979,0.130569,0.550729,0.009011,0.548938,0.241228
091217220404255,0.106341,0.547605,0.00736,0.546608,0.275877
091217220425532,0.116398,0.545968,0.008043,0.550492,0.278947
091217220446809,0.111835,0.543142,0.007752,0.552563,0.266228
091217220468085,0.11877,0.534067,0.008218,0.546349,0.26886
091217220489362,0.146842,0.530943,0.010079,0.550492,0.257895
091217220510638,0.148253,0.53496,0.010172,0.562144,0.242105
091217220531915,0.146121,0.532877,0.010023,0.56059,0.240351
091217220553191,0.14438,0.53496,0.00989,0.576903,0.243421
091217220574468,0.125976,0.527819,0.00861,0.571983,0.199123
091217220595745,0.143509,0.525141,0.009699,0.561885,0.393421
091217220617021,0.127537,0.533472,0.008575,0.560073,0.360965
091217220638298,0.139276,0.542249,0.009356,0.562403,0.353509
091217220659574,0.146211,0.54701,0.009782,0.570689,0.383772
091217220680851,0.137144,0.541654,0.009221,0.569394,0.40307
091217220702128,0.129849,0.530943,0.008756,0.56318,0.382456
091217220723404,0.089948,0.506099,0.006086,0.512688,0.360088
091217220744681,0.059145,0.483338,0.003999,0.466857,0.378509
091217220765957,0.044224,0.454478,0.002981,0.423356,0.404386
091217220787234,0.044284,0.449122,0.002975,0.399275,0.4
091217220808511,0.05251,0.45537,0.00354,0.403418,0.369737
091217220829787,0.060916,0.445552,0.00413,0.439927,0.342544
091217220851064,0.047466,0.408956,0.003222,0.431124,0.342982
09121722087234,0.042873,0.364177,0.0029,0.400052,0.392544
091217220893617,0.049478,0.400922,0.003317,0.367426,0.483333
091217220914894,0.063558,0.414906,0.004242,0.324702,0.514035
09121722093617,0.069233,0.437965,0.004614,0.298809,0.53114
091217220957447,0.067431,0.460726,0.004518,0.288969,0.540351
091217220978723,0.124775,0.452395,0.008425,0.424133,0.483772
0912172210,0.091329,0.432609,0.006221,0.423615,0.434649
0912216300,0.067071,0.399286,0.004605,0.405489,0.405263
091221630021277,0.056863,0.339185,0.003897,0.363283,0.39693
091221630042553,0.066561,0.268819,0.004572,0.420766,0.327632
09122163006383,0.042813,0.238322,0.002935,0.386069,0.426754
091221630085106,0.043053,0.19518,0.002916,0.339461,0.41886
091221630106383,0.036718,0.174502,0.002486,0.285344,0.475
09122163012766,0.042272,0.143856,0.002838,0.258674,0.551754
091221630148936,0.043383,0.149063,0.002904,0.243138,0.550877
091221630170213,0.047346,0.165576,0.003176,0.249353,0.526754
091221630191489,0.049177,0.212586,0.003292,0.269549,0.50614
091221630212766,0.061006,0.301398,0.004142,0.333247,0.483333
091221630234043,0.086075,0.400476,0.005887,0.415847,0.442544
091221630255319,0.085865,0.403749,0.005912,0.538322,0.302632
091221630276596,0.096343,0.479768,0.006672,0.616002,0.27193
091221630297872,0.05296,0.485421,0.003641,0.562662,0.305263
091221630319149,0.054912,0.501041,0.003776,0.562144,0.275
091221630340426,0.089408,0.544332,0.006113,0.563698,0.351754
091221630361702,0.086135,0.561738,0.005852,0.558519,0.351754
091221630382979,0.085535,0.55787,0.005816,0.561885,0.344737
091221630404255,0.085415,0.547307,0.005816,0.569653,0.338158
091221630425532,0.088447,0.541059,0.00602,0.573278,0.303947
091221630446809,0.087817,0.540613,0.005989,0.581564,0.34386
091221630468085,0.085505,0.534216,0.005823,0.579751,0.324561
091221630489362,0.092771,0.53496,0.006338,0.577162,0.290789
091221630510638,0.093971,0.532728,0.006429,0.589332,0.300439
091221630531915,0.092771,0.533175,0.006342,0.590368,0.306579
091221630553191,0.09268,0.527522,0.00635,0.598912,0.289474
091221630574468,0.085385,0.516364,0.005852,0.597618,0.292982
091221630595745,0.087396,0.509521,0.005985,0.589073,0.303947
091221630617021,0.096944,0.513091,0.006629,0.586225,0.288158
091221630638298,0.089498,0.516067,0.006124,0.58985,0.321053
091221630659574,0.093611,0.513835,0.006394,0.593475,0.292982
091221630680851,0.085205,0.506397,0.005835,0.585189,0.295614
091221630702128,0.081482,0.50357,0.005569,0.568358,0.285965
091221630723404,0.054101,0.464594,0.003714,0.521491,0.271491
091221630744681,0.050979,0.463701,0.003481,0.464785,0.311842
091221630765957,0.043953,0.44823,0.002983,0.426722,0.383333
091221630787234,0.044644,0.441386,0.00301,0.403677,0.366228
091221630808511,0.044674,0.457602,0.003014,0.405748,0.364912
091221630829787,0.047646,0.446891,0.003236,0.435267,0.310088
091221630851064,0.043743,0.412675,0.002973,0.432677,0.338158
09122163087234,0.043293,0.379351,0.002925,0.395909,0.380702
091221630893617,0.053291,0.401815,0.003585,0.366132,0.428509
091221630914894,0.049388,0.40598,0.003328,0.317452,0.480702
09122163093617,0.064039,0.449717,0.004304,0.288711,0.478947
091221630957447,0.055212,0.462809,0.003741,0.291041,0.458772
091221630978723,0.096463,0.458494,0.006647,0.417141,0.386404
0912216310,0.089438,0.442428,0.006151,0.425945,0.444298
0912261400,0.068212,0.407766,0.004682,0.395909,0.380263
091226140021277,0.055092,0.347664,0.003774,0.352667,0.362719
091226140042553,0.066711,0.298274,0.004591,0.404454,0.337281
09122614006383,0.054491,0.248289,0.003731,0.378819,0.374123
091226140085106,0.049207,0.200982,0.003353,0.332211,0.429386
091226140106383,0.044013,0.180155,0.002973,0.283014,0.498246
09122614012766,0.042662,0.169741,0.002862,0.260487,0.50614
091226140148936,0.042632,0.171229,0.002848,0.236665,0.573246
091226140170213,0.044164,0.195478,0.00295,0.24029,0.567544
091226140191489,0.048457,0.231181,0.003253,0.259451,0.50307
091226140212766,0.072055,0.319845,0.004936,0.327033,0.462719
091226140234043,0.094092,0.411038,0.006504,0.409891,0.377193
091226140255319,0.086286,0.435585,0.006003,0.524599,0.329386
091226140276596,0.123964,0.484231,0.008585,0.619627,0.282018
091226140297872,0.067761,0.495835,0.004643,0.562662,0.364912
091226140319149,0.070133,0.506546,0.00479,0.547903,0.325877
091226140340426,0.130359,0.556084,0.008857,0.565251,0.378947
091226140361702,0.11898,0.570812,0.008062,0.565769,0.347807
091226140382979,0.098475,0.564564,0.006707,0.568099,0.351316
091226140404255,0.085055,0.548795,0.005825,0.570689,0.289035
091226140425532,0.089858,0.547307,0.006169,0.580528,0.315351
091226140446809,0.085625,0.538679,0.00587,0.583376,0.267982
091226140468085,0.085475,0.53496,0.005895,0.587002,0.289912
091226140489362,0.093941,0.530646,0.006464,0.587519,0.238596
091226140510638,0.104419,0.534067,0.007312,0.605904,0.25614
091226140531915,0.087847,0.530051,0.006084,0.617556,0.25
091226140553191,0.093881,0.52291,0.006491,0.618074,0.201754
091226140574468,0.111265,0.519191,0.007711,0.617038,0.199561
091226140595745,0.103669,0.512496,0.007198,0.613413,0.189035
091226140617021,0.09211,0.512943,0.00639,0.603055,0.203509
091226140638298,0.107151,0.515174,0.007407,0.612636,0.236842
091226140659574,0.083704,0.514133,0.005787,0.608752,0.24386
091226140680851,0.090849,0.504909,0.006265,0.600984,0.284211
091226140702128,0.083043,0.506546,0.005725,0.584412,0.315351
091226140723404,0.051339,0.481553,0.003511,0.535474,0.391667
091226140744681,0.056173,0.461767,0.00381,0.493009,0.387719
091226140765957,0.05224,0.442874,0.003546,0.441222,0.342982
091226140787234,0.044434,0.444957,0.003016,0.419472,0.366667
091226140808511,0.046535,0.455668,0.003155,0.413775,0.350439
091226140829787,0.051009,0.450907,0.003471,0.448472,0.328509
091226140851064,0.044704,0.419964,0.003041,0.440963,0.307895
09122614087234,0.043353,0.390658,0.002943,0.416106,0.371053
091226140893617,0.066831,0.419816,0.004487,0.370016,0.460526
091226140914894,0.047886,0.427254,0.003232,0.33972,0.474123
09122614093617,0.067761,0.453734,0.004545,0.315898,0.510526
091226140957447,0.071755,0.430675,0.00484,0.312532,0.512281
091226140978723,0.093641,0.411038,0.006431,0.431642,0.430702
0912261410,0.083944,0.390062,0.005773,0.43682,0.410526
0912305500,0.064459,0.41565,0.004439,0.400311,0.389912
091230550021277,0.062688,0.359119,0.004306,0.361989,0.389035
091230550042553,0.068992,0.303779,0.004996,0.418695,0.351754
09123055006383,0.066861,0.255281,0.004591,0.379078,0.392105
091230550085106,0.044644,0.213329,0.003047,0.333506,0.440789
091230550106383,0.043173,0.185361,0.00291,0.28146,0.513596
09123055012766,0.042632,0.174948,0.002858,0.25246,0.560088
091230550148936,0.042662,0.176733,0.002842,0.238995,0.579386
091230550170213,0.043683,0.203065,0.002906,0.248835,0.599123
091230550191489,0.050138,0.241595,0.003349,0.265924,0.547368
091230550212766,0.0783,0.328027,0.005301,0.332729,0.464912
091230550234043,0.09223,0.41803,0.006331,0.415847,0.389474
091230550255319,0.070373,0.432163,0.004886,0.531849,0.265789
091230550276596,0.101117,0.483785,0.007038,0.619627,0.239035
091230550297872,0.050078,0.496578,0.003481,0.574573,0.271053
091230550319149,0.058094,0.500298,0.004024,0.576385,0.235088
091230550340426,0.115588,0.542844,0.007925,0.593475,0.364035
091230550361702,0.095503,0.560399,0.006498,0.61885,0.319298
091230550382979,0.084334,0.551175,0.005756,0.625324,0.322807
091230550404255,0.080972,0.539869,0.005552,0.631797,0.284649
091230550425532,0.07899,0.538233,0.005434,0.636199,0.286842
091230550446809,0.074186,0.535406,0.005098,0.654583,0.290789
091230550468085,0.066621,0.523802,0.004591,0.642931,0.286404
091230550489362,0.080371,0.51324,0.005509,0.650181,0.260088
091230550510638,0.101027,0.513835,0.00694,0.655619,0.260965
091230550531915,0.10586,0.514133,0.007262,0.684102,0.289912
091230550553191,0.101567,0.506992,0.006973,0.694718,0.244737
091230550574468,0.102978,0.506546,0.007086,0.69653,0.245614
091230550595745,0.106341,0.511009,0.00731,0.690057,0.269737
091230550617021,0.087517,0.513686,0.006988,0.699379,0.235088
091230550638298,0.089318,0.512348,0.009443,0.70145,0.235088
091230550659574,0.134562,0.513389,0.009289,0.706629,0.218421
091230550680851,0.109733,0.500595,0.007599,0.705334,0.165789
091230550702128,0.108412,0.503273,0.007524,0.690057,0.176754
091230550723404,0.07854,0.482297,0.005434,0.636976,0.210526
091230550744681,0.056923,0.46266,0.003903,0.578975,0.292105
091230550765957,0.051189,0.440048,0.003502,0.525634,0.244737
091230550787234,0.054311,0.440345,0.003737,0.503884,0.252193
091230550808511,0.057914,0.461619,0.003965,0.492491,0.278509
091230550829787,0.065059,0.454329,0.00446,0.510098,0.225877
091230550851064,0.051129,0.423981,0.003517,0.502848,0.239474
09123055087234,0.043353,0.38917,0.002968,0.467633,0.305702
091230550893617,0.077789,0.41565,0.005251,0.418436,0.404825
091230550914894,0.050258,0.428741,0.003392,0.370274,0.380263
09123055093617,0.074787,0.454924,0.005071,0.350596,0.45614
091230550957447,0.070464,0.464445,0.004769,0.337908,0.476316
091230550978723,0.089708,0.456114,0.006184,0.455463,0.396053
0912305510,0.081302,0.432014,0.005634,0.456499,0.371053
0912349600,0.059205,0.392443,0.004096,0.402641,0.348246
091234960021277,0.059505,0.33978,0.004111,0.369239,0.333333
091234960042553,0.064249,0.288902,0.004445,0.421025,0.301754
09123496006383,0.058785,0.23981,0.003758,0.384516,0.392544
091234960085106,0.043473,0.198899,0.002956,0.33506,0.476316
091234960106383,0.043323,0.175245,0.002914,0.287934,0.512281
09123496012766,0.045635,0.165724,0.003056,0.261781,0.517544
091234960148936,0.045485,0.165278,0.003035,0.246245,0.580702
091234960170213,0.048817,0.197858,0.003261,0.254272,0.599561
091234960191489,0.048937,0.234603,0.003282,0.283014,0.522368
091234960212766,0.079951,0.322821,0.00543,0.35681,0.461404
091234960234043,0.089738,0.412526,0.006118,0.439669,0.476316
091234960255319,0.075387,0.426956,0.005172,0.553858,0.297807
091234960276596,0.094122,0.474859,0.006512,0.634645,0.203509
091234960297872,0.056563,0.483933,0.003926,0.609529,0.216228
091234960319149,0.076498,0.497471,0.005282,0.597359,0.245175
091234960340426,0.084394,0.545671,0.005783,0.606163,0.324123
091234960361702,0.083584,0.564564,0.005698,0.608234,0.340789
091234960382979,0.077279,0.553258,0.005262,0.607198,0.335088
091234960404255,0.076528,0.543588,0.005224,0.608234,0.302632
091234960425532,0.063708,0.536745,0.004398,0.610823,0.306579
091234960446809,0.071094,0.531985,0.004882,0.607975,0.31886
091234960468085,0.072655,0.523654,0.005033,0.596064,0.307018
091234960489362,0.074306,0.518001,0.005081,0.588555,0.325
091234960510638,0.073196,0.516215,0.00485,0.589591,0.341667
091234960531915,0.077969,0.512645,0.00533,0.58726,0.283772
091234960553191,0.099015,0.506694,0.006469,0.58493,0.265351
091234960574468,0.067852,0.494049,0.004537,0.568099,0.267982
091234960595745,0.054491,0.484677,0.003737,0.546867,0.284649
091234960617021,0.064429,0.487057,0.00441,0.535215,0.286404
091234960638298,0.062598,0.488991,0.004416,0.536769,0.242982
091234960659574,0.058725,0.484677,0.004034,0.535733,0.27807
091234960680851,0.044824,0.458792,0.003087,0.540394,0.259211
091234960702128,0.044254,0.453436,0.003054,0.534697,0.317544
091234960723404,0.043293,0.427105,0.002964,0.495857,0.354825
091234960744681,0.043383,0.410146,0.002931,0.460901,0.413158
091234960765957,0.042843,0.3856,0.002856,0.403159,0.388596
091234960787234,0.043173,0.394377,0.0029,0.383998,0.460526
091234960808511,0.043323,0.409402,0.002908,0.383998,0.392544
091234960829787,0.043713,0.400476,0.002946,0.419213,0.332895
091234960851064,0.043263,0.382178,0.002925,0.399534,0.39386
09123496087234,0.042632,0.352722,0.002869,0.382185,0.392544
091234960893617,0.048307,0.380988,0.003232,0.346453,0.484649
091234960914894,0.044164,0.407468,0.002962,0.312532,0.55
09123496093617,0.072055,0.444957,0.004813,0.303988,0.532456
091234960957447,0.06635,0.457156,0.004462,0.291041,0.513158
091234960978723,0.080641,0.432907,0.005538,0.418177,0.389474
0912349610,0.059355,0.416543,0.004086,0.416624,0.441228
0912393700,0.054401,0.384707,0.003737,0.385034,0.42193
091239370021277,0.047166,0.322969,0.003224,0.343863,0.435965
091239370042553,0.053531,0.262719,0.00366,0.401605,0.401754
09123937006383,0.060616,0.222702,0.003988,0.372346,0.395175
091239370085106,0.042813,0.179857,0.002898,0.314345,0.459211
091239370106383,0.041341,0.152931,0.002777,0.259192,0.550439
09123937012766,0.040981,0.138352,0.002725,0.21595,0.579386
091239370148936,0.035607,0.130616,0.002364,0.20145,0.594737
091239370170213,0.030653,0.138054,0.002021,0.193164,0.687719
091239370191489,0.03993,0.151145,0.002611,0.204039,0.69386
091239370212766,0.037709,0.181791,0.002466,0.217245,0.688596
091239370234043,0.03912,0.217495,0.002551,0.245728,0.659649
091239370255319,0.043473,0.261827,0.00285,0.301916,0.65
091239370276596,0.044554,0.323416,0.002943,0.353444,0.645175
091239370297872,0.044013,0.378459,0.002921,0.343345,0.632456
091239370319149,0.050769,0.411782,0.003369,0.356551,0.623246
091239370340426,0.060376,0.455668,0.004015,0.383221,0.635965
091239370361702,0.051309,0.465635,0.003295,0.383739,0.635088
091239370382979,0.053831,0.453288,0.003583,0.390471,0.593421
091239370404255,0.051849,0.44094,0.003454,0.388141,0.603509
091239370425532,0.053291,0.427403,0.003542,0.387882,0.61886
091239370446809,0.045575,0.41208,0.003016,0.36406,0.619737
091239370468085,0.045695,0.399286,0.003103,0.37131,0.602193
091239370489362,0.044494,0.385153,0.002946,0.359917,0.645175
091239370510638,0.045575,0.371021,0.003012,0.34697,0.64693
091239370531915,0.044434,0.353317,0.002925,0.33739,0.621491
091239370553191,0.044404,0.342755,0.002931,0.336095,0.632456
091239370574468,0.044254,0.331003,0.002916,0.314863,0.619737
091239370595745,0.044374,0.323564,0.002931,0.311497,0.613596
091239370617021,0.044194,0.321333,0.002919,0.305023,0.617105
091239370638298,0.043893,0.315977,0.00291,0.304764,0.610088
091239370659574,0.044164,0.321035,0.002925,0.317193,0.602193
091239370680851,0.043353,0.306159,0.002883,0.317452,0.574123
091239370702128,0.043863,0.318804,0.002921,0.328068,0.575
091239370723404,0.043923,0.324457,0.002919,0.331693,0.593421
091239370744681,0.043923,0.32535,0.00291,0.318488,0.587719
091239370765957,0.043173,0.315829,0.002871,0.306059,0.585088
091239370787234,0.043653,0.32535,0.0029,0.290264,0.625877
091239370808511,0.044224,0.348259,0.002923,0.301916,0.655702
091239370829787,0.044554,0.353317,0.002946,0.334283,0.601754
091239370851064,0.044254,0.323862,0.002937,0.341792,0.566228
09123937087234,0.043893,0.307051,0.002914,0.315381,0.600877
091239370893617,0.044194,0.329664,0.002916,0.29855,0.659211
091239370914894,0.043803,0.32773,0.002877,0.277576,0.669298
09123937093617,0.045785,0.346325,0.002991,0.277317,0.707018
091239370957447,0.044404,0.329069,0.002906,0.274469,0.625439
091239370978723,0.044524,0.317019,0.002954,0.368721,0.563158
0912393710,0.043983,0.282803,0.002939,0.376748,0.521053
0912438100,0.043533,0.248884,0.002902,0.347229,0.522807
091243810021277,0.041942,0.219875,0.002788,0.315898,0.523684
091243810042553,0.041101,0.17108,0.002744,0.36406,0.480263
09124381006383,0.040741,0.152484,0.002696,0.343604,0.564474
091243810085106,0.031164,0.120351,0.002061,0.284827,0.605263
091243810106383,0.029963,0.099078,0.001951,0.243656,0.689474
09124381012766,0.028972,0.088515,0.001525,0.205593,0.689474
091243810148936,0.02651,0.080333,0.001352,0.17711,0.707018
091243810170213,0.028492,0.081672,0.001735,0.15303,0.661842
091243810191489,0.032905,0.08554,0.002164,0.146038,0.690789
091243810212766,0.035247,0.099375,0.002304,0.137235,0.699561
091243810234043,0.038219,0.128087,0.002389,0.149146,0.688596
091243810255319,0.031374,0.156947,0.002056,0.165976,0.679386
091243810276596,0.042362,0.205594,0.002561,0.209477,0.689474
091243810297872,0.047766,0.25781,0.002428,0.197825,0.689474
091243810319149,0.050829,0.302291,0.002464,0.213102,0.689474
091243810340426,0.070914,0.345879,0.003272,0.226049,0.667544
091243810361702,0.049928,0.375781,0.002919,0.242879,0.69386
091243810382979,0.05239,0.375632,0.002941,0.259451,0.702632
091243810404255,0.045845,0.365516,0.002933,0.267996,0.702632
091243810425532,0.044734,0.360012,0.002927,0.271621,0.702632
091243810446809,0.044764,0.353317,0.002925,0.267737,0.702632
091243810468085,0.044734,0.339482,0.002929,0.276541,0.682018
091243810489362,0.044614,0.329069,0.002919,0.269549,0.699561
091243810510638,0.044644,0.315234,0.002921,0.269549,0.678509
091243810531915,0.044614,0.299018,0.002919,0.258415,0.680702
091243810553191,0.044404,0.293365,0.002914,0.257121,0.675877
091243810574468,0.044374,0.279381,0.002902,0.24521,0.648246
091243810595745,0.044464,0.272092,0.002919,0.246763,0.659649
091243810617021,0.044614,0.274174,0.002923,0.245469,0.670614
091243810638298,0.044614,0.271794,0.002916,0.255308,0.646491
091243810659574,0.044584,0.275216,0.002923,0.269808,0.658772
091243810680851,0.043833,0.276257,0.002879,0.278871,0.664474
091243810702128,0.043563,0.295299,0.002871,0.294407,0.638596
091243810723404,0.043983,0.315977,0.002904,0.309684,0.628947
091243810744681,0.044164,0.327879,0.002912,0.297514,0.644737
091243810765957,0.043683,0.329069,0.002875,0.288193,0.702193
091243810787234,0.044614,0.350491,0.002921,0.282237,0.705702
091243810808511,0.046265,0.370723,0.003027,0.300363,0.687281
091243810829787,0.053561,0.374145,0.003533,0.337649,0.606579
091243810851064,0.046205,0.349896,0.00306,0.340238,0.627193
09124381087234,0.044494,0.317019,0.002933,0.313309,0.642544
091243810893617,0.044614,0.3313,0.002921,0.286639,0.692544
091243810914894,0.043743,0.326688,0.002852,0.246763,0.70307
09124381093617,0.044164,0.335019,0.002885,0.236406,0.683772
091243810957447,0.044194,0.322672,0.002885,0.242103,0.667105
091243810978723,0.046836,0.309878,0.003105,0.343345,0.561842
0912438110,0.044224,0.285629,0.002948,0.356033,0.576316
0912482200,0.043443,0.260785,0.002898,0.33014,0.518421
091248220021277,0.043653,0.232223,0.002908,0.31305,0.49386
091248220042553,0.043623,0.204106,0.002941,0.375194,0.463596
09124822006383,0.042692,0.17227,0.002802,0.353962,0.512719
091248220085106,0.038399,0.14936,0.002551,0.304505,0.546491
091248220106383,0.037468,0.13493,0.002476,0.263594,0.642105
09124822012766,0.03891,0.131508,0.002553,0.233558,0.653509
091248220148936,0.035217,0.137608,0.002304,0.216468,0.667105
091248220170213,0.042752,0.167807,0.002808,0.212843,0.636404
091248220191489,0.045274,0.200684,0.002997,0.234076,0.608333
091248220212766,0.062838,0.294853,0.004373,0.301657,0.547368
091248220234043,0.081542,0.386343,0.005725,0.378042,0.484649
091248220255319,0.069593,0.403005,0.004757,0.499223,0.348246
091248220276596,0.100727,0.464594,0.006942,0.596064,0.308772
091248220297872,0.079891,0.484826,0.005494,0.565769,0.325877
091248220319149,0.064009,0.490777,0.004379,0.553858,0.327193
091248220340426,0.104329,0.537935,0.007071,0.550233,0.394737
091248220361702,0.101207,0.560547,0.006718,0.546867,0.400877
091248220382979,0.082983,0.557275,0.005584,0.50725,0.415351
091248220404255,0.093521,0.546564,0.006302,0.539617,0.380263
091248220425532,0.078059,0.537935,0.00526,0.541947,0.386404
091248220446809,0.081632,0.527373,0.005498,0.56784,0.364035
091248220468085,0.080641,0.523802,0.005399,0.558778,0.359649
091248220489362,0.083584,0.522315,0.005918,0.54609,0.370175
091248220510638,0.079951,0.519786,0.005426,0.561367,0.358333
091248220531915,0.087036,0.518001,0.005889,0.563956,0.35
091248220553191,0.0795,0.515025,0.005384,0.565251,0.369298
091248220574468,0.095773,0.509521,0.006487,0.556965,0.378509
091248220595745,0.061066,0.507141,0.004225,0.551528,0.37807
091248220617021,0.07944,0.511009,0.005395,0.545572,0.387719
091248220638298,0.095202,0.509075,0.006462,0.547126,0.328509
091248220659574,0.073496,0.51205,0.005012,0.55334,0.315789
091248220680851,0.074667,0.501488,0.005096,0.558519,0.292982
091248220702128,0.054642,0.49643,0.003739,0.555153,0.305263
091248220723404,0.044013,0.470991,0.003004,0.515795,0.371491
091248220744681,0.043623,0.453139,0.002956,0.472553,0.408333
091248220765957,0.045845,0.432014,0.003118,0.432418,0.324123
091248220787234,0.044134,0.427254,0.002973,0.409632,0.342105
091248220808511,0.044374,0.442279,0.00301,0.40523,0.339912
091248220829787,0.047766,0.437519,0.003276,0.44174,0.282895
091248220851064,0.049117,0.414162,0.003367,0.437338,0.298246
09124822087234,0.042873,0.37474,0.002923,0.419472,0.342982
091248220893617,0.045154,0.398691,0.003047,0.365096,0.442544
091248220914894,0.042933,0.412377,0.002875,0.324702,0.491667
09124822093617,0.061187,0.438114,0.004082,0.294407,0.545614
091248220957447,0.073046,0.454329,0.004873,0.298032,0.511404
091248220978723,0.097694,0.453436,0.006666,0.422838,0.411404
0912482210,0.086676,0.438709,0.005949,0.434749,0.442544
0915623300,0.0783,0.403303,0.005353,0.415847,0.423246
091562330021277,0.066981,0.346028,0.004317,0.385293,0.386404
091562330042553,0.07842,0.297828,0.005339,0.436302,0.360088
09156233006383,0.06584,0.245463,0.004495,0.404195,0.409649
091562330085106,0.045755,0.203065,0.003105,0.350854,0.455263
091562330106383,0.038039,0.17956,0.002563,0.30088,0.517544
09156233012766,0.040381,0.167361,0.002707,0.259969,0.492544
091562330148936,0.048277,0.171824,0.003247,0.243397,0.527632
091562330170213,0.042482,0.197263,0.002848,0.243397,0.535526
091562330191489,0.055212,0.238173,0.003687,0.269032,0.619298
091562330212766,0.084604,0.323118,0.005586,0.338944,0.552193
091562330234043,0.085055,0.402856,0.005866,0.415847,0.493421
091562330255319,0.073736,0.416245,0.005062,0.535215,0.338158
091562330276596,0.091119,0.468015,0.006307,0.60927,0.354825
091562330297872,0.066861,0.474115,0.004553,0.559555,0.335526
091562330319149,0.080761,0.477239,0.005492,0.545572,0.319737
091562330340426,0.081092,0.527075,0.005507,0.55593,0.346491
091562330361702,0.080791,0.545225,0.005459,0.561367,0.328947
091562330382979,0.080071,0.538828,0.005403,0.54609,0.329386
091562330404255,0.080881,0.532431,0.005474,0.557224,0.303947
091562330425532,0.067521,0.526034,0.004875,0.561367,0.262281
091562330446809,0.059385,0.522315,0.003903,0.523304,0.337719
091562330468085,0.074877,0.517257,0.005098,0.561108,0.296491
091562330489362,0.080071,0.519935,0.005447,0.559555,0.294737
091562330510638,0.054972,0.52053,0.003739,0.574055,0.301754
091562330531915,0.054852,0.519191,0.003739,0.573537,0.296491
091562330553191,0.062658,0.518149,0.004003,0.584153,0.325877
091562330574468,0.06638,0.507438,0.00453,0.587778,0.265351
091562330595745,0.05275,0.503422,0.00361,0.591921,0.278947
091562330617021,0.054762,0.507438,0.003739,0.585966,0.297807
091562330638298,0.102168,0.512496,0.007025,0.58985,0.194737
091562330659574,0.081482,0.513686,0.005613,0.595287,0.210965
091562330680851,0.099015,0.502529,0.006774,0.599171,0.292105
091562330702128,0.043773,0.495388,0.002964,0.587519,0.378509
091562330723404,0.074637,0.471586,0.005083,0.528483,0.243421
091562330744681,0.058244,0.45061,0.004001,0.484982,0.274123
091562330765957,0.047286,0.429188,0.003243,0.440186,0.317982
091562330787234,0.043893,0.420857,0.002991,0.423874,0.41886
091562330808511,0.047046,0.441833,0.003172,0.416624,0.480263
091562330829787,0.059565,0.44704,0.004038,0.447695,0.314912
091562330851064,0.07902,0.413121,0.005359,0.450285,0.348246
09156233087234,0.05323,0.383368,0.003623,0.424909,0.319737
091562330893617,0.062898,0.408658,0.00425,0.379078,0.501754
091562330914894,0.057254,0.415353,0.003849,0.339979,0.44386
09156233093617,0.063438,0.435138,0.004287,0.313568,0.455702
091562330957447,0.071905,0.457899,0.004859,0.304764,0.470614
091562330978723,0.081302,0.457453,0.005586,0.431383,0.286842
0915623310,0.076588,0.43618,0.005291,0.431901,0.322368
0915667400,0.076018,0.39765,0.005206,0.401864,0.408772
091566740021277,0.071634,0.341416,0.005102,0.357069,0.457895
091566740042553,0.078089,0.290539,0.005239,0.405489,0.451316
09156674006383,0.070614,0.241446,0.004713,0.379337,0.512719
091566740085106,0.045244,0.196073,0.002867,0.327033,0.568421
091566740106383,0.042632,0.1687,0.00284,0.283014,0.564912
09156674012766,0.042632,0.154418,0.002842,0.250129,0.55307
091566740148936,0.042632,0.158137,0.002838,0.228897,0.589035
091566740170213,0.041762,0.186105,0.002784,0.239772,0.551316
091566740191489,0.045034,0.22404,0.003012,0.255826,0.538596
091566740212766,0.061457,0.311366,0.004142,0.325738,0.480702
091566740234043,0.067161,0.397203,0.004476,0.399534,0.439474
091566740255319,0.058004,0.408658,0.003986,0.510357,0.34386
091566740276596,0.093131,0.451651,0.006408,0.59477,0.302632
091566740297872,0.057163,0.467718,0.004169,0.560849,0.334211
091566740319149,0.083103,0.48438,0.005677,0.570948,0.238158
091566740340426,0.091359,0.53734,0.006209,0.59477,0.302193
091566740361702,0.087066,0.555192,0.005941,0.600984,0.30307
091566740382979,0.073466,0.551622,0.005012,0.619109,0.327193
091566740404255,0.056833,0.546564,0.003874,0.626877,0.335965
091566740425532,0.0792,0.543737,0.005426,0.648369,0.269298
091566740446809,0.0792,0.542249,0.005432,0.652512,0.281579
091566740468085,0.06632,0.536299,0.004541,0.65303,0.277632
091566740489362,0.06623,0.531389,0.004832,0.669342,0.246053
091566740510638,0.07869,0.535109,0.005698,0.685396,0.289035
091566740531915,0.106641,0.539423,0.007256,0.703521,0.291228
091566740553191,0.11907,0.537489,0.008313,0.706629,0.24386
091566740574468,0.101657,0.537043,0.008261,0.715432,0.213158
091566740595745,0.105951,0.534811,0.007277,0.714915,0.177632
091566740617021,0.124234,0.541357,0.008523,0.722165,0.25307
091566740638298,0.10568,0.54701,0.007867,0.726567,0.224561
091566740659574,0.107151,0.54463,0.0078,0.72579,0.223684
091566740680851,0.112766,0.53377,0.007696,0.709995,0.231579
091566740702128,0.087727,0.515323,0.006012,0.683843,0.261404
091566740723404,0.051549,0.472181,0.003535,0.622993,0.322368
091566740744681,0.050588,0.461024,0.003463,0.575608,0.395175
091566740765957,0.043113,0.430675,0.002908,0.518384,0.430263
091566740787234,0.043383,0.429485,0.002908,0.494562,0.472807
091566740808511,0.054461,0.452098,0.003646,0.491455,0.412281
091566740829787,0.058905,0.456263,0.004003,0.50492,0.323684
091566740851064,0.068992,0.429485,0.004751,0.499741,0.250877
09156674087234,0.045485,0.392294,0.003122,0.469964,0.336404
091566740893617,0.050829,0.409551,0.00345,0.410409,0.400877
091566740914894,0.066621,0.424427,0.004503,0.365355,0.433333
09156674093617,0.057073,0.451503,0.003874,0.33506,0.482456
091566740957447,0.067731,0.460726,0.004595,0.325997,0.445614
091566740978723,0.086886,0.457304,0.005985,0.455205,0.342982
0915667410,0.075057,0.433204,0.005237,0.454428,0.352193
0915712500,0.075087,0.39274,0.005164,0.403418,0.376316
091571250021277,0.064969,0.335763,0.004445,0.370274,0.348684
091571250042553,0.071905,0.285927,0.004942,0.420766,0.338596
09157125006383,0.060046,0.240702,0.004119,0.383998,0.398246
091571250085106,0.042933,0.194585,0.002916,0.329104,0.503509
091571250106383,0.042182,0.176436,0.00284,0.282496,0.497807
09157125012766,0.035427,0.168105,0.002385,0.256085,0.542982
091571250148936,0.035277,0.173163,0.00236,0.238219,0.56886
091571250170213,0.042692,0.200833,0.002848,0.250647,0.552632
091571250191489,0.049327,0.236537,0.003305,0.265148,0.546053
091571250212766,0.06632,0.315829,0.004472,0.322372,0.499123
091571250234043,0.073346,0.405683,0.004958,0.402382,0.391667
091571250255319,0.075868,0.422791,0.005228,0.515536,0.279386
091571250276596,0.095443,0.475751,0.006649,0.600466,0.24693
091571250297872,0.06617,0.497173,0.004574,0.559814,0.283772
091571250319149,0.082953,0.507289,0.005685,0.560849,0.293421
091571250340426,0.094031,0.556828,0.006421,0.578198,0.283333
091571250361702,0.094001,0.582118,0.00652,0.578198,0.311404
091571250382979,0.096073,0.569325,0.00656,0.578457,0.264035
091571250404255,0.081152,0.555341,0.005565,0.585707,0.285088
091571250425532,0.09208,0.562035,0.00629,0.597359,0.261404
091571250446809,0.097064,0.57111,0.006575,0.600466,0.272368
091571250468085,0.096403,0.566647,0.006543,0.593993,0.300877
091571250489362,0.09148,0.566498,0.006223,0.600207,0.27807
091571250510638,0.102678,0.567391,0.006934,0.614966,0.285088
091571250531915,0.102078,0.56992,0.006955,0.62144,0.307018
091571250553191,0.115468,0.577804,0.007862,0.619109,0.375877
091571250574468,0.11856,0.576912,0.008027,0.626359,0.389035
091571250595745,0.1055,0.573788,0.0071,0.61652,0.313158
091571250617021,0.107091,0.577655,0.007262,0.611859,0.331579
091571250638298,0.103849,0.588515,0.006948,0.61419,0.338158
091571250659574,0.101087,0.595656,0.006863,0.600725,0.321053
091571250680851,0.101988,0.585986,0.006919,0.588296,0.351316
091571250702128,0.1058,0.587771,0.007169,0.584671,0.325439
091571250723404,0.095833,0.559357,0.006277,0.540911,0.399561
091571250744681,0.088807,0.538828,0.00597,0.494562,0.454386
091571250765957,0.059745,0.50967,0.004024,0.459347,0.413596
091571250787234,0.055392,0.49881,0.003739,0.418695,0.416228
091571250808511,0.076888,0.520232,0.005166,0.418954,0.482018
091571250829787,0.082593,0.518149,0.00553,0.447437,0.435526
091571250851064,0.077789,0.483338,0.005231,0.452356,0.420175
09157125087234,0.067071,0.442725,0.004518,0.421802,0.422807
091571250893617,0.074667,0.457453,0.005,0.384516,0.537281
091571250914894,0.063318,0.457751,0.004236,0.345676,0.467105
09157125093617,0.051639,0.474561,0.003492,0.313309,0.523684
091571250957447,0.055032,0.477388,0.003758,0.308648,0.440351
091571250978723,0.077459,0.468611,0.005343,0.428276,0.267982
0915712510,0.074997,0.441684,0.005197,0.434231,0.324561
0915756600,0.068062,0.403898,0.004728,0.396686,0.37193
091575660021277,0.061367,0.343945,0.004215,0.363283,0.364912
091575660042553,0.068602,0.290836,0.004479,0.411445,0.345614
09157566006383,0.05269,0.246802,0.003587,0.382962,0.413158
091575660085106,0.044974,0.206337,0.00291,0.329622,0.459649
091575660106383,0.042963,0.18551,0.002898,0.287675,0.549123
09157566012766,0.043323,0.176584,0.002892,0.243915,0.597368
091575660148936,0.047886,0.183428,0.003182,0.234076,0.635526
091575660170213,0.044254,0.205891,0.002933,0.246763,0.587281
091575660191489,0.043593,0.240405,0.002919,0.266442,0.548684
091575660212766,0.070103,0.329664,0.004717,0.337908,0.478509
091575660234043,0.069833,0.419072,0.004788,0.417141,0.335088
091575660255319,0.068992,0.441386,0.004653,0.515018,0.312719
091575660276596,0.101147,0.498661,0.006984,0.599689,0.218421
091575660297872,0.09256,0.523505,0.00635,0.562144,0.294298
091575660319149,0.099466,0.538233,0.006714,0.575867,0.371053
091575660340426,0.108382,0.596102,0.007268,0.56551,0.446053
091575660361702,0.102888,0.618417,0.006894,0.576126,0.394298
091575660382979,0.100667,0.611723,0.006755,0.571983,0.429825
091575660404255,0.090309,0.598334,0.006053,0.576903,0.410088
091575660425532,0.100877,0.604433,0.00677,0.574573,0.407018
091575660446809,0.099165,0.605475,0.006639,0.562403,0.409649
091575660468085,0.096043,0.597739,0.006415,0.56059,0.460965
091575660489362,0.096613,0.589705,0.00646,0.562921,0.403509
091575660510638,0.102348,0.589259,0.006853,0.554376,0.411404
091575660531915,0.100396,0.587623,0.006714,0.550233,0.39386
091575660553191,0.094752,0.582862,0.006315,0.54376,0.454386
091575660574468,0.058004,0.571705,0.003857,0.534179,0.439912
091575660595745,0.062838,0.560994,0.004196,0.516054,0.431579
091575660617021,0.067161,0.566944,0.004485,0.513723,0.453947
091575660638298,0.0792,0.565457,0.005293,0.508286,0.42193
091575660659574,0.081782,0.555341,0.005505,0.511134,0.366228
091575660680851,0.086556,0.532431,0.005827,0.503884,0.365351
091575660702128,0.074937,0.515323,0.005046,0.494821,0.4
091575660723404,0.07893,0.482594,0.005347,0.460383,0.362281
091575660744681,0.063048,0.458941,0.004292,0.428276,0.371053
091575660765957,0.053501,0.436626,0.003648,0.395391,0.390789
091575660787234,0.053441,0.42413,0.003629,0.373382,0.416667
091575660808511,0.05212,0.432014,0.003538,0.373641,0.364912
091575660829787,0.054461,0.436477,0.003731,0.402641,0.278509
091575660851064,0.053681,0.407914,0.003702,0.402641,0.301316
09157566087234,0.054101,0.376971,0.003729,0.370016,0.240789
091575660893617,0.084875,0.407468,0.005843,0.345158,0.353947
091575660914894,0.082533,0.429783,0.005609,0.317711,0.460088
09157566093617,0.075267,0.460726,0.005139,0.301398,0.455263
091575660957447,0.074997,0.444957,0.005152,0.2913,0.334211
091575660978723,0.075057,0.418179,0.005293,0.415847,0.174561
0915756610,0.075387,0.430378,0.005349,0.422061,0.201754
09158700,0.071274,0.39155,0.005041,0.387623,0.215351
0915870021277,0.066921,0.335019,0.004713,0.349042,0.223684
0915870042553,0.074847,0.277298,0.005268,0.404972,0.176316
091587006383,0.071064,0.227313,0.004987,0.364578,0.23114
0915870085106,0.048187,0.185957,0.003349,0.302952,0.318421
0915870106383,0.046205,0.159923,0.003195,0.25738,0.38114
091587012766,0.046595,0.143707,0.003193,0.219316,0.423684
0915870148936,0.044194,0.143558,0.003008,0.193423,0.424123
0915870170213,0.047496,0.141029,0.003207,0.186432,0.509649
0915870191489,0.042903,0.154418,0.002898,0.18928,0.525
0915870212766,0.042993,0.189973,0.002904,0.211548,0.484649
0915870234043,0.050048,0.226718,0.003388,0.236665,0.501316
0915870255319,0.059175,0.271348,0.004032,0.280684,0.405702
0915870276596,0.073166,0.332342,0.005033,0.33739,0.374123
0915870297872,0.064759,0.384261,0.004458,0.328068,0.378509
0915870319149,0.071034,0.422642,0.00489,0.343345,0.397807
0915870340426,0.082473,0.460726,0.005675,0.371569,0.373684
0915870361702,0.080851,0.471735,0.005548,0.365355,0.395614
0915870382979,0.081062,0.465189,0.005577,0.370274,0.389035
0915870404255,0.077549,0.456263,0.005332,0.37856,0.35614
0915870425532,0.074397,0.444213,0.00511,0.377525,0.369737
0915870446809,0.059205,0.434692,0.004073,0.364837,0.354825
0915870468085,0.072835,0.423386,0.005019,0.35448,0.380263
0915870489362,0.058424,0.40479,0.004026,0.333506,0.358333
0915870510638,0.053501,0.385451,0.003687,0.335577,0.39693
0915870531915,0.053831,0.376971,0.003704,0.325738,0.357895
0915870553191,0.053591,0.363285,0.003691,0.320559,0.374561
0915870574468,0.053441,0.355251,0.003666,0.307872,0.382456
0915870595745,0.053441,0.34454,0.003666,0.299068,0.392105
0915870617021,0.053441,0.336805,0.003658,0.292595,0.392105
0915870638298,0.053441,0.334722,0.00366,0.304764,0.375877
0915870659574,0.053441,0.341119,0.003671,0.308907,0.363596
0915870680851,0.053441,0.323713,0.003673,0.313568,0.351754
0915870702128,0.053441,0.337995,0.003681,0.321077,0.347368
0915870723404,0.053441,0.341863,0.003681,0.323666,0.372368
0915870744681,0.053441,0.34573,0.003668,0.312015,0.385088
0915870765957,0.053441,0.335168,0.00366,0.304247,0.415789
0915870787234,0.051249,0.336061,0.00349,0.294925,0.424123
0915870808511,0.055062,0.350193,0.003772,0.295961,0.365351
0915870829787,0.06542,0.353913,0.004508,0.319524,0.319737
0915870851064,0.055902,0.340077,0.003857,0.313568,0.375
091587087234,0.050648,0.322821,0.003488,0.305541,0.325877
0915870893617,0.058875,0.340226,0.004049,0.276541,0.351754
0915870914894,0.044224,0.340672,0.003033,0.255049,0.405263
091587093617,0.044884,0.355549,0.003072,0.241326,0.420614
0915870957447,0.043593,0.34097,0.002983,0.247799,0.362281
0915870978723,0.066651,0.329366,0.00463,0.345417,0.206579
09158710,0.050679,0.288753,0.003542,0.355256,0.23114
