eventID,label
088482830170213,DOWN
088482830191489,DOWN
088482830212766,DOWN
088482830234043,UP
088482830255319,UP
088482830276596,UP
088482830297872,UP
088482830319149,UP
088482830340426,UP
088482830361702,UP
088482830382979,DOWN
088482830404255,DOWN
088482830425532,DOWN
088482830446809,DOWN
088482830468085,UP
088482830489362,UP
088482830510638,UP
088482830531915,UP
088482830553191,UP
088482830574468,UP
088482830595745,DOWN
088482830617021,DOWN
088482830638298,DOWN
088482830659574,DOWN
088482830680851,UP
088482830702128,UP
088482830723404,UP
088482830744681,UP
088482830765957,UP
088482830787234,UP
088482830808511,UP
088482830829787,DOWN
088482830851064,DOWN
08848283087234,DOWN
088482830893617,DOWN
088482830914894,DOWN
08848283093617,DOWN
088482830957447,DOWN
088482830978723,DOWN
0884828310,UP
0889253400,UP
088925340021277,UP
088925340042553,UP
08892534006383,UP
088925340085106,UP
088925340106383,UP
08892534012766,DOWN
088925340148936,DOWN
088925340170213,DOWN
088925340191489,DOWN
088925340212766,DOWN
088925340234043,DOWN
088925340255319,UP
088925340276596,UP
088925340297872,DOWN
088925340319149,DOWN
088925340340426,DOWN
088925340361702,DOWN
088925340382979,DOWN
088925340404255,DOWN
088925340425532,DOWN
088925340446809,DOWN
088925340468085,DOWN
088925340489362,DOWN
088925340510638,DOWN
088925340531915,DOWN
088925340553191,DOWN
088925340574468,DOWN
088925340595745,DOWN
088925340617021,DOWN
088925340638298,DOWN
088925340659574,DOWN
088925340680851,DOWN
088925340702128,DOWN
088925340723404,DOWN
088925340744681,DOWN
088925340765957,DOWN
088925340787234,DOWN
088925340808511,DOWN
088925340829787,DOWN
088925340851064,DOWN
08892534087234,DOWN
088925340893617,DOWN
088925340914894,DOWN
08892534093617,DOWN
088925340957447,DOWN
088925340978723,UP
0889253410,UP
0893677500,UP
089367750021277,UP
089367750042553,UP
08936775006383,UP
089367750085106,UP
089367750106383,UP
08936775012766,DOWN
089367750148936,DOWN
089367750170213,DOWN
089367750191489,DOWN
089367750212766,UP
089367750234043,UP
089367750255319,UP
089367750276596,UP
089367750297872,UP
089367750319149,UP
089367750340426,DOWN
089367750361702,DOWN
089367750382979,DOWN
089367750404255,DOWN
089367750425532,DOWN
089367750446809,DOWN
089367750468085,DOWN
089367750489362,DOWN
089367750510638,DOWN
089367750531915,DOWN
089367750553191,DOWN
089367750574468,DOWN
089367750595745,DOWN
089367750617021,DOWN
089367750638298,DOWN
089367750659574,DOWN
089367750680851,DOWN
089367750702128,DOWN
089367750723404,UP
089367750744681,UP
089367750765957,UP
089367750787234,UP
089367750808511,DOWN
089367750829787,UP
089367750851064,UP
08936775087234,UP
089367750893617,DOWN
089367750914894,DOWN
08936775093617,DOWN
089367750957447,DOWN
089367750978723,UP
0893677510,UP
0898102600,UP
089810260021277,UP
089810260042553,UP
08981026006383,UP
089810260085106,UP
089810260106383,UP
08981026012766,UP
089810260148936,UP
089810260170213,UP
089810260191489,DOWN
089810260212766,DOWN
089810260234043,DOWN
089810260255319,UP
089810260276596,UP
089810260297872,UP
089810260319149,UP
089810260340426,UP
089810260361702,UP
089810260382979,UP
089810260404255,DOWN
089810260425532,DOWN
089810260446809,DOWN
089810260468085,DOWN
089810260489362,DOWN
089810260510638,DOWN
089810260531915,DOWN
089810260553191,DOWN
089810260574468,DOWN
089810260595745,DOWN
089810260617021,DOWN
089810260638298,DOWN
089810260659574,DOWN
089810260680851,DOWN
089810260702128,DOWN
089810260723404,DOWN
089810260744681,DOWN
089810260765957,DOWN
089810260787234,DOWN
089810260808511,DOWN
089810260829787,DOWN
089810260851064,DOWN
08981026087234,DOWN
089810260893617,DOWN
089810260914894,DOWN
08981026093617,UP
089810260957447,UP
089810260978723,UP
0898102610,UP
0902526700,UP
090252670021277,UP
090252670042553,UP
09025267006383,UP
090252670085106,UP
090252670106383,UP
09025267012766,DOWN
090252670148936,DOWN
090252670170213,DOWN
090252670191489,DOWN
090252670212766,DOWN
090252670234043,DOWN
090252670255319,DOWN
090252670276596,DOWN
090252670297872,DOWN
090252670319149,UP
090252670340426,UP
090252670361702,UP
090252670382979,UP
090252670404255,UP
090252670425532,UP
090252670446809,UP
090252670468085,DOWN
090252670489362,DOWN
090252670510638,DOWN
090252670531915,DOWN
090252670553191,DOWN
090252670574468,DOWN
090252670595745,DOWN
090252670617021,DOWN
090252670638298,DOWN
090252670659574,DOWN
090252670680851,DOWN
090252670702128,DOWN
090252670723404,DOWN
090252670744681,UP
090252670765957,UP
090252670787234,UP
090252670808511,UP
090252670829787,UP
090252670851064,UP
09025267087234,UP
090252670893617,UP
090252670914894,DOWN
09025267093617,DOWN
090252670957447,DOWN
090252670978723,DOWN
0902526710,DOWN
0885049100,DOWN
088504910021277,DOWN
088504910042553,DOWN
08850491006383,DOWN
088504910085106,DOWN
088504910106383,DOWN
08850491012766,DOWN
088504910148936,DOWN
088504910170213,DOWN
088504910191489,DOWN
088504910212766,DOWN
088504910234043,DOWN
088504910255319,DOWN
088504910276596,DOWN
088504910297872,DOWN
088504910319149,DOWN
088504910340426,DOWN
088504910361702,DOWN
088504910382979,DOWN
088504910404255,DOWN
088504910425532,DOWN
088504910446809,DOWN
088504910468085,DOWN
088504910489362,DOWN
088504910510638,DOWN
088504910531915,DOWN
088504910553191,DOWN
088504910574468,DOWN
088504910595745,DOWN
088504910617021,DOWN
088504910638298,DOWN
088504910659574,DOWN
088504910680851,DOWN
088504910702128,DOWN
088504910723404,DOWN
088504910744681,UP
088504910765957,UP
088504910787234,UP
088504910808511,UP
088504910829787,UP
088504910851064,UP
08850491087234,UP
088504910893617,UP
088504910914894,UP
08850491093617,UP
088504910957447,UP
088504910978723,UP
0885049110,UP
0885094200,DOWN
088509420021277,DOWN
088509420042553,DOWN
08850942006383,DOWN
088509420085106,DOWN
088509420106383,DOWN
08850942012766,DOWN
088509420148936,DOWN
088509420170213,DOWN
088509420191489,DOWN
088509420212766,DOWN
088509420234043,DOWN
088509420255319,UP
088509420276596,UP
088509420297872,DOWN
088509420319149,UP
088509420340426,UP
088509420361702,UP
088509420382979,DOWN
088509420404255,DOWN
088509420425532,DOWN
088509420446809,DOWN
088509420468085,DOWN
088509420489362,DOWN
088509420510638,DOWN
088509420531915,DOWN
088509420553191,DOWN
088509420574468,DOWN
088509420595745,DOWN
088509420617021,DOWN
088509420638298,DOWN
088509420659574,DOWN
088509420680851,UP
088509420702128,UP
088509420723404,UP
088509420744681,UP
088509420765957,UP
088509420787234,DOWN
088509420808511,DOWN
088509420829787,DOWN
088509420851064,DOWN
08850942087234,DOWN
088509420893617,DOWN
088509420914894,DOWN
08850942093617,DOWN
088509420957447,DOWN
088509420978723,DOWN
0885094210,DOWN
0885138300,DOWN
088513830021277,DOWN
088513830042553,DOWN
08851383006383,DOWN
088513830085106,DOWN
088513830106383,DOWN
08851383012766,DOWN
088513830148936,DOWN
088513830170213,DOWN
088513830191489,DOWN
088513830212766,DOWN
088513830234043,DOWN
088513830255319,DOWN
088513830276596,UP
088513830297872,DOWN
088513830319149,DOWN
088513830340426,DOWN
088513830361702,DOWN
088513830382979,DOWN
088513830404255,DOWN
088513830425532,DOWN
088513830446809,DOWN
088513830468085,DOWN
088513830489362,DOWN
088513830510638,DOWN
088513830531915,DOWN
088513830553191,DOWN
088513830574468,DOWN
088513830595745,DOWN
088513830617021,DOWN
088513830638298,DOWN
088513830659574,DOWN
088513830680851,DOWN
088513830702128,DOWN
088513830723404,UP
088513830744681,UP
088513830765957,UP
088513830787234,DOWN
088513830808511,DOWN
088513830829787,DOWN
088513830851064,DOWN
08851383087234,DOWN
088513830893617,DOWN
088513830914894,DOWN
08851383093617,DOWN
088513830957447,DOWN
088513830978723,DOWN
0885138310,DOWN
0885182400,DOWN
088518240021277,DOWN
088518240042553,DOWN
08851824006383,DOWN
088518240085106,DOWN
088518240106383,DOWN
08851824012766,DOWN
088518240148936,DOWN
088518240170213,DOWN
088518240191489,DOWN
088518240212766,DOWN
088518240234043,DOWN
088518240255319,UP
088518240276596,UP
088518240297872,DOWN
088518240319149,DOWN
088518240340426,DOWN
088518240361702,DOWN
088518240382979,DOWN
088518240404255,DOWN
088518240425532,DOWN
088518240446809,DOWN
088518240468085,DOWN
088518240489362,DOWN
088518240510638,DOWN
088518240531915,DOWN
088518240553191,DOWN
088518240574468,DOWN
088518240595745,DOWN
088518240617021,DOWN
088518240638298,DOWN
088518240659574,DOWN
088518240680851,DOWN
088518240702128,DOWN
088518240723404,UP
088518240744681,UP
088518240765957,UP
088518240787234,UP
088518240808511,UP
088518240829787,DOWN
088518240851064,DOWN
08851824087234,DOWN
088518240893617,DOWN
088518240914894,DOWN
08851824093617,DOWN
088518240957447,DOWN
088518240978723,DOWN
0885182410,DOWN
0885226500,UP
088522650021277,DOWN
088522650042553,DOWN
08852265006383,DOWN
088522650085106,DOWN
088522650106383,DOWN
08852265012766,DOWN
088522650148936,UP
088522650170213,UP
088522650191489,UP
088522650212766,UP
088522650234043,DOWN
088522650255319,UP
088522650276596,UP
088522650297872,DOWN
088522650319149,UP
088522650340426,DOWN
088522650361702,UP
088522650382979,DOWN
088522650404255,DOWN
088522650425532,UP
088522650446809,UP
088522650468085,DOWN
088522650489362,DOWN
088522650510638,DOWN
088522650531915,DOWN
088522650553191,DOWN
088522650574468,DOWN
088522650595745,DOWN
088522650617021,DOWN
088522650638298,DOWN
088522650659574,DOWN
088522650680851,DOWN
088522650702128,DOWN
088522650723404,UP
088522650744681,UP
088522650765957,UP
088522650787234,UP
088522650808511,DOWN
088522650829787,DOWN
088522650851064,DOWN
08852265087234,DOWN
088522650893617,DOWN
088522650914894,DOWN
08852265093617,DOWN
088522650957447,DOWN
088522650978723,UP
0885226510,UP
0885271600,DOWN
088527160021277,DOWN
088527160042553,DOWN
08852716006383,DOWN
088527160085106,DOWN
088527160106383,DOWN
08852716012766,DOWN
088527160148936,DOWN
088527160170213,DOWN
088527160191489,DOWN
088527160212766,DOWN
088527160234043,DOWN
088527160255319,DOWN
088527160276596,DOWN
088527160297872,DOWN
088527160319149,DOWN
088527160340426,DOWN
088527160361702,DOWN
088527160382979,DOWN
088527160404255,DOWN
088527160425532,DOWN
088527160446809,DOWN
088527160468085,DOWN
088527160489362,UP
088527160510638,UP
088527160531915,UP
088527160553191,UP
088527160574468,UP
088527160595745,UP
088527160617021,DOWN
088527160638298,DOWN
088527160659574,DOWN
088527160680851,DOWN
088527160702128,UP
088527160723404,DOWN
088527160744681,UP
088527160765957,DOWN
088527160787234,DOWN
088527160808511,DOWN
088527160829787,DOWN
088527160851064,DOWN
08852716087234,DOWN
088527160893617,DOWN
088527160914894,DOWN
08852716093617,DOWN
088527160957447,DOWN
088527160978723,UP
0885271610,UP
0885315700,UP
088531570021277,DOWN
088531570042553,UP
08853157006383,UP
088531570085106,DOWN
088531570106383,DOWN
08853157012766,DOWN
088531570148936,DOWN
088531570170213,DOWN
088531570191489,DOWN
088531570212766,DOWN
088531570234043,DOWN
088531570255319,DOWN
088531570276596,DOWN
088531570297872,UP
088531570319149,UP
088531570340426,UP
088531570361702,UP
088531570382979,UP
088531570404255,UP
088531570425532,UP
088531570446809,UP
088531570468085,UP
088531570489362,UP
088531570510638,UP
088531570531915,UP
088531570553191,UP
088531570574468,UP
088531570595745,UP
088531570617021,DOWN
088531570638298,DOWN
088531570659574,DOWN
088531570680851,DOWN
088531570702128,UP
088531570723404,UP
088531570744681,UP
088531570765957,UP
088531570787234,DOWN
088531570808511,UP
088531570829787,UP
088531570851064,DOWN
08853157087234,DOWN
088531570893617,DOWN
088531570914894,DOWN
08853157093617,UP
088531570957447,UP
088531570978723,UP
0885315710,DOWN
0885359100,DOWN
088535910021277,DOWN
088535910042553,DOWN
08853591006383,DOWN
088535910085106,DOWN
088535910106383,DOWN
08853591012766,DOWN
088535910148936,DOWN
088535910170213,DOWN
088535910191489,DOWN
088535910212766,DOWN
088535910234043,DOWN
088535910255319,DOWN
088535910276596,DOWN
088535910297872,DOWN
088535910319149,DOWN
088535910340426,DOWN
088535910361702,DOWN
088535910382979,UP
088535910404255,DOWN
088535910425532,UP
088535910446809,UP
088535910468085,UP
088535910489362,UP
088535910510638,UP
088535910531915,UP
088535910553191,UP
088535910574468,UP
088535910595745,DOWN
088535910617021,DOWN
088535910638298,DOWN
088535910659574,DOWN
088535910680851,DOWN
088535910702128,DOWN
088535910723404,UP
088535910744681,UP
088535910765957,UP
088535910787234,UP
088535910808511,UP
088535910829787,UP
088535910851064,UP
08853591087234,UP
088535910893617,DOWN
088535910914894,DOWN
08853591093617,DOWN
088535910957447,DOWN
088535910978723,DOWN
0885359110,DOWN
0885403200,DOWN
088540320021277,DOWN
088540320042553,DOWN
08854032006383,DOWN
088540320085106,DOWN
088540320106383,DOWN
08854032012766,DOWN
088540320148936,DOWN
088540320170213,DOWN
088540320191489,DOWN
088540320212766,DOWN
088540320234043,DOWN
088540320255319,DOWN
088540320276596,DOWN
088540320297872,DOWN
088540320319149,DOWN
088540320340426,DOWN
088540320361702,DOWN
088540320382979,DOWN
088540320404255,DOWN
088540320425532,DOWN
088540320446809,DOWN
088540320468085,DOWN
088540320489362,DOWN
088540320510638,DOWN
088540320531915,DOWN
088540320553191,DOWN
088540320574468,DOWN
088540320595745,DOWN
088540320617021,DOWN
088540320638298,DOWN
088540320659574,DOWN
088540320680851,DOWN
088540320702128,DOWN
088540320723404,UP
088540320744681,UP
088540320765957,UP
088540320787234,DOWN
088540320808511,DOWN
088540320829787,DOWN
088540320851064,DOWN
08854032087234,DOWN
088540320893617,DOWN
088540320914894,DOWN
08854032093617,UP
088540320957447,DOWN
088540320978723,UP
0885403210,UP
0885448300,UP
088544830021277,UP
088544830042553,UP
08854483006383,UP
088544830085106,DOWN
088544830106383,DOWN
08854483012766,DOWN
088544830148936,DOWN
088544830170213,DOWN
088544830191489,DOWN
088544830212766,DOWN
088544830234043,DOWN
088544830255319,DOWN
088544830276596,DOWN
088544830297872,DOWN
088544830319149,DOWN
088544830340426,DOWN
088544830361702,DOWN
088544830382979,DOWN
088544830404255,DOWN
088544830425532,DOWN
088544830446809,DOWN
088544830468085,DOWN
088544830489362,DOWN
088544830510638,DOWN
088544830531915,DOWN
088544830553191,DOWN
088544830574468,DOWN
088544830595745,DOWN
088544830617021,DOWN
088544830638298,DOWN
088544830659574,DOWN
088544830680851,DOWN
088544830702128,DOWN
088544830723404,UP
088544830744681,UP
088544830765957,DOWN
088544830787234,DOWN
088544830808511,DOWN
088544830829787,DOWN
088544830851064,DOWN
08854483087234,DOWN
088544830893617,DOWN
088544830914894,DOWN
08854483093617,DOWN
088544830957447,DOWN
088544830978723,UP
0885448310,UP
0885492400,DOWN
088549240021277,DOWN
088549240042553,DOWN
08854924006383,UP
088549240085106,UP
088549240106383,UP
08854924012766,DOWN
088549240148936,DOWN
088549240170213,DOWN
088549240191489,DOWN
088549240212766,DOWN
088549240234043,DOWN
088549240255319,UP
088549240276596,DOWN
088549240297872,DOWN
088549240319149,DOWN
088549240340426,DOWN
088549240361702,DOWN
088549240382979,DOWN
088549240404255,DOWN
088549240425532,DOWN
088549240446809,DOWN
088549240468085,DOWN
088549240489362,DOWN
088549240510638,UP
088549240531915,UP
088549240553191,UP
088549240574468,DOWN
088549240595745,DOWN
088549240617021,DOWN
088549240638298,DOWN
088549240659574,UP
088549240680851,UP
088549240702128,UP
088549240723404,UP
088549240744681,UP
088549240765957,UP
088549240787234,UP
088549240808511,UP
088549240829787,UP
088549240851064,UP
08854924087234,UP
088549240893617,DOWN
088549240914894,DOWN
08854924093617,UP
088549240957447,DOWN
088549240978723,UP
0885492410,UP
0885536500,UP
088553650021277,UP
088553650042553,UP
08855365006383,UP
088553650085106,UP
088553650106383,DOWN
08855365012766,DOWN
088553650148936,DOWN
088553650170213,DOWN
088553650191489,DOWN
088553650212766,DOWN
088553650234043,DOWN
088553650255319,UP
088553650276596,UP
088553650297872,DOWN
088553650319149,UP
088553650340426,UP
088553650361702,DOWN
088553650382979,DOWN
088553650404255,DOWN
088553650425532,DOWN
088553650446809,DOWN
088553650468085,DOWN
088553650489362,DOWN
088553650510638,DOWN
088553650531915,DOWN
088553650553191,DOWN
088553650574468,DOWN
088553650595745,DOWN
088553650617021,DOWN
088553650638298,DOWN
088553650659574,DOWN
088553650680851,DOWN
088553650702128,DOWN
088553650723404,DOWN
088553650744681,DOWN
088553650765957,DOWN
088553650787234,DOWN
088553650808511,DOWN
088553650829787,DOWN
088553650851064,DOWN
08855365087234,DOWN
088553650893617,DOWN
088553650914894,DOWN
08855365093617,UP
088553650957447,UP
088553650978723,UP
0885536510,UP
088558600,UP
08855860021277,UP
08855860042553,UP
0885586006383,UP
08855860085106,UP
08855860106383,UP
0885586012766,DOWN
08855860148936,DOWN
08855860170213,DOWN
08855860191489,DOWN
08855860212766,DOWN
08855860234043,UP
08855860255319,UP
08855860276596,UP
08855860297872,DOWN
08855860319149,UP
08855860340426,UP
08855860361702,UP
08855860382979,UP
08855860404255,DOWN
08855860425532,DOWN
08855860446809,DOWN
08855860468085,DOWN
08855860489362,DOWN
08855860510638,DOWN
08855860531915,DOWN
08855860553191,DOWN
08855860574468,DOWN
08855860595745,DOWN
08855860617021,DOWN
08855860638298,DOWN
08855860659574,DOWN
08855860680851,DOWN
08855860702128,DOWN
08855860723404,DOWN
08855860744681,DOWN
08855860765957,DOWN
08855860787234,DOWN
08855860808511,DOWN
08855860829787,DOWN
08855860851064,DOWN
0885586087234,DOWN
08855860893617,DOWN
08855860914894,DOWN
0885586093617,UP
08855860957447,DOWN
08855860978723,UP
088558610,UP
0885625700,DOWN
088562570021277,UP
088562570042553,UP
08856257006383,UP
088562570085106,UP
088562570106383,DOWN
08856257012766,DOWN
088562570148936,DOWN
088562570170213,DOWN
088562570191489,DOWN
088562570212766,DOWN
088562570234043,DOWN
088562570255319,DOWN
088562570276596,DOWN
088562570297872,DOWN
088562570319149,DOWN
088562570340426,DOWN
088562570361702,UP
088562570382979,UP
088562570404255,UP
088562570425532,UP
088562570446809,DOWN
088562570468085,UP
088562570489362,DOWN
088562570510638,UP
088562570531915,DOWN
088562570553191,DOWN
088562570574468,DOWN
088562570595745,DOWN
088562570617021,DOWN
088562570638298,DOWN
088562570659574,DOWN
088562570680851,DOWN
088562570702128,DOWN
088562570723404,UP
088562570744681,UP
088562570765957,UP
088562570787234,UP
088562570808511,DOWN
088562570829787,UP
088562570851064,UP
08856257087234,UP
088562570893617,DOWN
088562570914894,UP
08856257093617,DOWN
088562570957447,DOWN
088562570978723,UP
0885625710,DOWN
0968895100,UP
096889510021277,DOWN
096889510042553,DOWN
09688951006383,UP
096889510085106,DOWN
096889510106383,DOWN
09688951012766,DOWN
096889510148936,DOWN
096889510170213,DOWN
096889510191489,DOWN
096889510212766,DOWN
096889510234043,DOWN
096889510255319,DOWN
096889510276596,DOWN
096889510297872,DOWN
096889510319149,DOWN
096889510340426,DOWN
096889510361702,UP
096889510382979,DOWN
096889510404255,DOWN
096889510425532,DOWN
096889510446809,DOWN
096889510468085,DOWN
096889510489362,DOWN
096889510510638,DOWN
096889510531915,UP
096889510553191,DOWN
096889510574468,DOWN
096889510595745,DOWN
096889510617021,DOWN
096889510638298,DOWN
096889510659574,DOWN
096889510680851,UP
096889510702128,UP
096889510723404,UP
096889510744681,UP
096889510765957,UP
096889510787234,UP
096889510808511,UP
096889510829787,UP
096889510851064,UP
09688951087234,UP
096889510893617,DOWN
096889510914894,DOWN
09688951093617,DOWN
096889510957447,DOWN
096889510978723,UP
0968895110,DOWN
097332200,DOWN
09733220021277,DOWN
09733220042553,DOWN
0973322006383,DOWN
09733220085106,DOWN
09733220106383,DOWN
0973322012766,DOWN
09733220148936,DOWN
09733220170213,DOWN
09733220191489,DOWN
09733220212766,DOWN
09733220234043,DOWN
09733220255319,DOWN
09733220276596,UP
09733220297872,DOWN
09733220319149,DOWN
09733220340426,DOWN
09733220361702,DOWN
09733220382979,DOWN
09733220404255,DOWN
09733220425532,DOWN
09733220446809,DOWN
09733220468085,DOWN
09733220489362,DOWN
09733220510638,DOWN
09733220531915,DOWN
09733220553191,DOWN
09733220574468,DOWN
09733220595745,DOWN
09733220617021,DOWN
09733220638298,DOWN
09733220659574,DOWN
09733220680851,DOWN
09733220702128,DOWN
09733220723404,UP
09733220744681,UP
09733220765957,UP
09733220787234,UP
09733220808511,UP
09733220829787,UP
09733220851064,UP
0973322087234,UP
09733220893617,DOWN
09733220914894,DOWN
0973322093617,DOWN
09733220957447,DOWN
09733220978723,UP
097332210,DOWN
0977744300,UP
097774430021277,DOWN
097774430042553,UP
09777443006383,DOWN
097774430085106,DOWN
097774430106383,DOWN
09777443012766,DOWN
097774430148936,DOWN
097774430170213,DOWN
097774430191489,DOWN
097774430212766,DOWN
097774430234043,DOWN
097774430255319,UP
097774430276596,UP
097774430297872,DOWN
097774430319149,UP
097774430340426,UP
097774430361702,UP
097774430382979,DOWN
097774430404255,DOWN
097774430425532,DOWN
097774430446809,DOWN
097774430468085,DOWN
097774430489362,DOWN
097774430510638,DOWN
097774430531915,DOWN
097774430553191,DOWN
097774430574468,DOWN
097774430595745,DOWN
097774430617021,DOWN
097774430638298,DOWN
097774430659574,DOWN
097774430680851,DOWN
097774430702128,DOWN
097774430723404,UP
097774430744681,UP
097774430765957,UP
097774430787234,DOWN
097774430808511,DOWN
097774430829787,DOWN
097774430851064,UP
09777443087234,UP
097774430893617,UP
097774430914894,DOWN
09777443093617,UP
097774430957447,DOWN
097774430978723,UP
0977744310,UP
0982169400,UP
098216940021277,UP
098216940042553,UP
09821694006383,UP
098216940085106,UP
098216940106383,UP
09821694012766,DOWN
098216940148936,DOWN
098216940170213,DOWN
098216940191489,DOWN
098216940212766,DOWN
098216940234043,DOWN
098216940255319,UP
098216940276596,UP
098216940297872,UP
098216940319149,UP
098216940340426,UP
098216940361702,UP
098216940382979,UP
098216940404255,DOWN
098216940425532,DOWN
098216940446809,DOWN
098216940468085,DOWN
098216940489362,DOWN
098216940510638,DOWN
098216940531915,DOWN
098216940553191,DOWN
098216940574468,DOWN
098216940595745,DOWN
098216940617021,DOWN
098216940638298,DOWN
098216940659574,DOWN
098216940680851,DOWN
098216940702128,DOWN
098216940723404,UP
098216940744681,UP
098216940765957,UP
098216940787234,DOWN
098216940808511,DOWN
098216940829787,DOWN
098216940851064,UP
09821694087234,DOWN
098216940893617,DOWN
098216940914894,DOWN
09821694093617,UP
098216940957447,DOWN
098216940978723,DOWN
0982169410,DOWN
0986594500,DOWN
098659450021277,DOWN
098659450042553,UP
09865945006383,UP
098659450085106,UP
098659450106383,DOWN
09865945012766,DOWN
098659450148936,DOWN
098659450170213,DOWN
098659450191489,DOWN
098659450212766,DOWN
098659450234043,DOWN
098659450255319,DOWN
098659450276596,UP
098659450297872,UP
098659450319149,UP
098659450340426,DOWN
098659450361702,DOWN
098659450382979,DOWN
098659450404255,DOWN
098659450425532,DOWN
098659450446809,DOWN
098659450468085,DOWN
098659450489362,DOWN
098659450510638,DOWN
098659450531915,DOWN
098659450553191,DOWN
098659450574468,DOWN
098659450595745,DOWN
098659450617021,DOWN
098659450638298,DOWN
098659450659574,DOWN
098659450680851,DOWN
098659450702128,DOWN
098659450723404,UP
098659450744681,UP
098659450765957,UP
098659450787234,DOWN
098659450808511,DOWN
098659450829787,DOWN
098659450851064,UP
09865945087234,DOWN
098659450893617,UP
098659450914894,DOWN
09865945093617,UP
098659450957447,DOWN
098659450978723,UP
0986594510,DOWN
0991018600,DOWN
099101860021277,DOWN
099101860042553,UP
09910186006383,DOWN
099101860085106,DOWN
099101860106383,DOWN
09910186012766,DOWN
099101860148936,DOWN
099101860170213,DOWN
099101860191489,DOWN
099101860212766,DOWN
099101860234043,DOWN
099101860255319,UP
099101860276596,UP
099101860297872,DOWN
099101860319149,UP
099101860340426,DOWN
099101860361702,DOWN
099101860382979,DOWN
099101860404255,DOWN
099101860425532,DOWN
099101860446809,DOWN
099101860468085,DOWN
099101860489362,DOWN
099101860510638,DOWN
099101860531915,DOWN
099101860553191,DOWN
099101860574468,DOWN
099101860595745,DOWN
099101860617021,DOWN
099101860638298,DOWN
099101860659574,DOWN
099101860680851,DOWN
099101860702128,DOWN
099101860723404,DOWN
099101860744681,DOWN
099101860765957,DOWN
099101860787234,DOWN
099101860808511,DOWN
099101860829787,DOWN
099101860851064,DOWN
09910186087234,DOWN
099101860893617,DOWN
099101860914894,DOWN
09910186093617,DOWN
099101860957447,DOWN
099101860978723,DOWN
0991018610,DOWN
0995443700,DOWN
099544370021277,DOWN
099544370042553,DOWN
09954437006383,DOWN
099544370085106,DOWN
099544370106383,DOWN
09954437012766,DOWN
099544370148936,DOWN
099544370170213,DOWN
099544370191489,DOWN
099544370212766,DOWN
099544370234043,DOWN
099544370255319,DOWN
099544370276596,DOWN
099544370297872,UP
099544370319149,UP
099544370340426,UP
099544370361702,UP
099544370382979,UP
099544370404255,UP
099544370425532,UP
099544370446809,UP
099544370468085,UP
099544370489362,UP
099544370510638,DOWN
099544370531915,DOWN
099544370553191,DOWN
099544370574468,DOWN
099544370595745,DOWN
099544370617021,DOWN
099544370638298,DOWN
099544370659574,DOWN
099544370680851,DOWN
099544370702128,UP
099544370723404,UP
099544370744681,UP
099544370765957,UP
099544370787234,UP
099544370808511,UP
099544370829787,UP
099544370851064,UP
09954437087234,UP
099544370893617,UP
099544370914894,DOWN
09954437093617,UP
099544370957447,UP
099544370978723,UP
0995443710,UP
0885978100,UP
088597810021277,UP
088597810042553,UP
08859781006383,UP
088597810085106,UP
088597810106383,DOWN
08859781012766,DOWN
088597810148936,DOWN
088597810170213,DOWN
088597810191489,DOWN
088597810212766,DOWN
088597810234043,DOWN
088597810255319,DOWN
088597810276596,DOWN
088597810297872,DOWN
088597810319149,DOWN
088597810340426,UP
088597810361702,UP
088597810382979,UP
088597810404255,UP
088597810425532,UP
088597810446809,UP
088597810468085,DOWN
088597810489362,DOWN
088597810510638,DOWN
088597810531915,DOWN
088597810553191,DOWN
088597810574468,DOWN
088597810595745,DOWN
088597810617021,DOWN
088597810638298,DOWN
088597810659574,DOWN
088597810680851,DOWN
088597810702128,DOWN
088597810723404,UP
088597810744681,UP
088597810765957,UP
088597810787234,DOWN
088597810808511,DOWN
088597810829787,DOWN
088597810851064,DOWN
08859781087234,DOWN
088597810893617,DOWN
088597810914894,DOWN
08859781093617,DOWN
088597810957447,DOWN
088597810978723,DOWN
0885978110,DOWN
0889076200,DOWN
088907620021277,DOWN
088907620042553,DOWN
08890762006383,DOWN
088907620085106,DOWN
088907620106383,DOWN
08890762012766,DOWN
088907620148936,DOWN
088907620170213,DOWN
088907620191489,DOWN
088907620212766,DOWN
088907620234043,DOWN
088907620255319,DOWN
088907620276596,DOWN
088907620297872,DOWN
088907620319149,DOWN
088907620340426,DOWN
088907620361702,DOWN
088907620382979,DOWN
088907620404255,DOWN
088907620425532,DOWN
088907620446809,DOWN
088907620468085,DOWN
088907620489362,DOWN
088907620510638,DOWN
088907620531915,DOWN
088907620553191,DOWN
088907620574468,DOWN
088907620595745,DOWN
088907620617021,DOWN
088907620638298,DOWN
088907620659574,DOWN
088907620680851,DOWN
088907620702128,UP
088907620723404,UP
088907620744681,UP
088907620765957,DOWN
088907620787234,DOWN
088907620808511,DOWN
088907620829787,DOWN
088907620851064,DOWN
08890762087234,DOWN
088907620893617,DOWN
088907620914894,DOWN
08890762093617,DOWN
088907620957447,DOWN
088907620978723,UP
0889076210,UP
088912300,UP
08891230021277,UP
08891230042553,UP
0889123006383,DOWN
08891230085106,DOWN
08891230106383,DOWN
0889123012766,DOWN
08891230148936,DOWN
08891230170213,DOWN
08891230191489,DOWN
08891230212766,DOWN
08891230234043,DOWN
08891230255319,DOWN
08891230276596,UP
08891230297872,UP
08891230319149,UP
08891230340426,UP
08891230361702,UP
08891230382979,UP
08891230404255,UP
08891230425532,UP
08891230446809,UP
08891230468085,UP
08891230489362,UP
08891230510638,UP
08891230531915,UP
08891230553191,UP
08891230574468,UP
08891230595745,UP
08891230617021,DOWN
08891230638298,DOWN
08891230659574,UP
08891230680851,UP
08891230702128,UP
08891230723404,UP
08891230744681,UP
08891230765957,UP
08891230787234,UP
08891230808511,UP
08891230829787,DOWN
08891230851064,DOWN
0889123087234,DOWN
08891230893617,DOWN
08891230914894,DOWN
0889123093617,DOWN
08891230957447,DOWN
08891230978723,DOWN
088912310,UP
0889164400,UP
088916440021277,UP
088916440042553,UP
08891644006383,DOWN
088916440085106,DOWN
088916440106383,DOWN
08891644012766,DOWN
088916440148936,DOWN
088916440170213,DOWN
088916440191489,DOWN
088916440212766,DOWN
088916440234043,DOWN
088916440255319,DOWN
088916440276596,UP
088916440297872,UP
088916440319149,UP
088916440340426,DOWN
088916440361702,DOWN
088916440382979,DOWN
088916440404255,DOWN
088916440425532,DOWN
088916440446809,UP
088916440468085,UP
088916440489362,UP
088916440510638,UP
088916440531915,UP
088916440553191,UP
088916440574468,UP
088916440595745,DOWN
088916440617021,DOWN
088916440638298,DOWN
088916440659574,DOWN
088916440680851,UP
088916440702128,UP
088916440723404,UP
088916440744681,UP
088916440765957,UP
088916440787234,UP
088916440808511,UP
088916440829787,UP
088916440851064,DOWN
08891644087234,DOWN
088916440893617,DOWN
088916440914894,DOWN
08891644093617,DOWN
088916440957447,DOWN
088916440978723,DOWN
0889164410,UP
0889208500,UP
088920850021277,DOWN
088920850042553,UP
08892085006383,DOWN
088920850085106,DOWN
088920850106383,DOWN
08892085012766,DOWN
088920850148936,DOWN
088920850170213,DOWN
088920850191489,DOWN
088920850212766,DOWN
088920850234043,DOWN
088920850255319,DOWN
088920850276596,DOWN
088920850297872,UP
088920850319149,DOWN
088920850340426,DOWN
088920850361702,DOWN
088920850382979,DOWN
088920850404255,DOWN
088920850425532,DOWN
088920850446809,DOWN
088920850468085,DOWN
088920850489362,DOWN
088920850510638,DOWN
088920850531915,DOWN
088920850553191,DOWN
088920850574468,DOWN
088920850595745,DOWN
088920850617021,DOWN
088920850638298,DOWN
088920850659574,DOWN
088920850680851,DOWN
088920850702128,DOWN
088920850723404,UP
088920850744681,UP
088920850765957,UP
088920850787234,UP
088920850808511,UP
088920850829787,UP
088920850851064,UP
08892085087234,UP
088920850893617,DOWN
088920850914894,DOWN
08892085093617,DOWN
088920850957447,DOWN
088920850978723,UP
0889208510,UP
0889253600,UP
088925360021277,UP
088925360042553,UP
08892536006383,UP
088925360085106,UP
088925360106383,UP
08892536012766,UP
088925360148936,DOWN
088925360170213,DOWN
088925360191489,DOWN
088925360212766,DOWN
088925360234043,DOWN
088925360255319,UP
088925360276596,UP
088925360297872,DOWN
088925360319149,UP
088925360340426,UP
088925360361702,UP
088925360382979,UP
088925360404255,DOWN
088925360425532,DOWN
088925360446809,DOWN
088925360468085,DOWN
088925360489362,DOWN
088925360510638,DOWN
088925360531915,DOWN
088925360553191,DOWN
088925360574468,DOWN
088925360595745,DOWN
088925360617021,DOWN
088925360638298,DOWN
088925360659574,DOWN
088925360680851,DOWN
088925360702128,DOWN
088925360723404,DOWN
088925360744681,UP
088925360765957,UP
088925360787234,UP
088925360808511,DOWN
088925360829787,DOWN
088925360851064,DOWN
08892536087234,DOWN
088925360893617,DOWN
088925360914894,DOWN
08892536093617,DOWN
088925360957447,DOWN
088925360978723,UP
0889253610,UP
0889297700,UP
088929770021277,UP
088929770042553,UP
08892977006383,UP
088929770085106,UP
088929770106383,UP
08892977012766,UP
088929770148936,UP
088929770170213,DOWN
088929770191489,DOWN
088929770212766,DOWN
088929770234043,DOWN
088929770255319,DOWN
088929770276596,UP
088929770297872,UP
088929770319149,UP
088929770340426,UP
088929770361702,UP
088929770382979,UP
088929770404255,UP
088929770425532,UP
088929770446809,UP
088929770468085,UP
088929770489362,DOWN
088929770510638,DOWN
088929770531915,DOWN
088929770553191,DOWN
088929770574468,DOWN
088929770595745,DOWN
088929770617021,DOWN
088929770638298,DOWN
088929770659574,DOWN
088929770680851,DOWN
088929770702128,DOWN
088929770723404,UP
088929770744681,UP
088929770765957,UP
088929770787234,DOWN
088929770808511,DOWN
088929770829787,DOWN
088929770851064,DOWN
08892977087234,DOWN
088929770893617,DOWN
088929770914894,DOWN
08892977093617,DOWN
088929770957447,DOWN
088929770978723,DOWN
0889297710,DOWN
0889341100,DOWN
088934110021277,DOWN
088934110042553,DOWN
08893411006383,DOWN
088934110085106,DOWN
088934110106383,DOWN
08893411012766,DOWN
088934110148936,DOWN
088934110170213,DOWN
088934110191489,DOWN
088934110212766,DOWN
088934110234043,DOWN
088934110255319,DOWN
088934110276596,DOWN
088934110297872,DOWN
088934110319149,DOWN
088934110340426,DOWN
088934110361702,DOWN
088934110382979,UP
088934110404255,UP
088934110425532,UP
088934110446809,UP
088934110468085,UP
088934110489362,UP
088934110510638,UP
088934110531915,UP
088934110553191,UP
088934110574468,UP
088934110595745,UP
088934110617021,UP
088934110638298,UP
088934110659574,UP
088934110680851,UP
088934110702128,UP
088934110723404,UP
088934110744681,UP
088934110765957,UP
088934110787234,UP
088934110808511,UP
088934110829787,UP
088934110851064,UP
08893411087234,UP
088934110893617,UP
088934110914894,DOWN
08893411093617,UP
088934110957447,DOWN
088934110978723,UP
0889341110,DOWN
0889385200,DOWN
088938520021277,DOWN
088938520042553,DOWN
08893852006383,DOWN
088938520085106,DOWN
088938520106383,DOWN
08893852012766,DOWN
088938520148936,DOWN
088938520170213,DOWN
088938520191489,DOWN
088938520212766,DOWN
088938520234043,DOWN
088938520255319,DOWN
088938520276596,DOWN
088938520297872,DOWN
088938520319149,DOWN
088938520340426,DOWN
088938520361702,DOWN
088938520382979,DOWN
088938520404255,DOWN
088938520425532,UP
088938520446809,UP
088938520468085,UP
088938520489362,UP
088938520510638,UP
088938520531915,UP
088938520553191,DOWN
088938520574468,UP
088938520595745,UP
088938520617021,UP
088938520638298,UP
088938520659574,UP
088938520680851,DOWN
088938520702128,UP
088938520723404,UP
088938520744681,UP
088938520765957,UP
088938520787234,UP
088938520808511,UP
088938520829787,UP
088938520851064,UP
08893852087234,UP
088938520893617,UP
088938520914894,DOWN
08893852093617,DOWN
088938520957447,DOWN
088938520978723,DOWN
0889385210,DOWN
088943300,DOWN
08894330021277,DOWN
08894330042553,DOWN
0889433006383,DOWN
08894330085106,DOWN
08894330106383,DOWN
0889433012766,DOWN
08894330148936,DOWN
08894330170213,DOWN
08894330191489,DOWN
08894330212766,DOWN
08894330234043,DOWN
08894330255319,DOWN
08894330276596,DOWN
08894330297872,DOWN
08894330319149,DOWN
08894330340426,DOWN
08894330361702,DOWN
08894330382979,DOWN
08894330404255,DOWN
08894330425532,DOWN
08894330446809,DOWN
08894330468085,DOWN
08894330489362,DOWN
08894330510638,DOWN
08894330531915,DOWN
08894330553191,DOWN
08894330574468,DOWN
08894330595745,DOWN
08894330617021,DOWN
08894330638298,DOWN
08894330659574,DOWN
08894330680851,DOWN
08894330702128,DOWN
08894330723404,UP
08894330744681,UP
08894330765957,UP
08894330787234,UP
08894330808511,DOWN
08894330829787,UP
08894330851064,UP
0889433087234,UP
08894330893617,UP
08894330914894,DOWN
0889433093617,UP
08894330957447,DOWN
08894330978723,UP
088943310,UP
0889474400,UP
088947440021277,UP
088947440042553,UP
08894744006383,UP
088947440085106,UP
088947440106383,UP
08894744012766,UP
088947440148936,DOWN
088947440170213,DOWN
088947440191489,DOWN
088947440212766,UP
088947440234043,DOWN
088947440255319,UP
088947440276596,UP
088947440297872,DOWN
088947440319149,UP
088947440340426,UP
088947440361702,UP
088947440382979,DOWN
088947440404255,DOWN
088947440425532,DOWN
088947440446809,DOWN
088947440468085,DOWN
088947440489362,DOWN
088947440510638,DOWN
088947440531915,DOWN
088947440553191,DOWN
088947440574468,DOWN
088947440595745,DOWN
088947440617021,DOWN
088947440638298,DOWN
088947440659574,DOWN
088947440680851,DOWN
088947440702128,DOWN
088947440723404,UP
088947440744681,UP
088947440765957,UP
088947440787234,UP
088947440808511,DOWN
088947440829787,DOWN
088947440851064,DOWN
08894744087234,DOWN
088947440893617,DOWN
088947440914894,DOWN
08894744093617,DOWN
088947440957447,DOWN
088947440978723,UP
0889474410,UP
0889518500,UP
088951850021277,UP
088951850042553,UP
08895185006383,UP
088951850085106,UP
088951850106383,UP
08895185012766,UP
088951850148936,DOWN
088951850170213,DOWN
088951850191489,DOWN
088951850212766,DOWN
088951850234043,DOWN
088951850255319,UP
088951850276596,UP
088951850297872,DOWN
088951850319149,UP
088951850340426,DOWN
088951850361702,UP
088951850382979,DOWN
088951850404255,DOWN
088951850425532,DOWN
088951850446809,DOWN
088951850468085,DOWN
088951850489362,DOWN
088951850510638,DOWN
088951850531915,DOWN
088951850553191,DOWN
088951850574468,DOWN
088951850595745,DOWN
088951850617021,DOWN
088951850638298,DOWN
088951850659574,DOWN
088951850680851,DOWN
088951850702128,DOWN
088951850723404,UP
088951850744681,UP
088951850765957,DOWN
088951850787234,DOWN
088951850808511,DOWN
088951850829787,DOWN
088951850851064,DOWN
08895185087234,DOWN
088951850893617,DOWN
088951850914894,DOWN
08895185093617,DOWN
088951850957447,DOWN
088951850978723,DOWN
0889518510,DOWN
0889562600,UP
088956260021277,DOWN
088956260042553,UP
08895626006383,DOWN
088956260085106,DOWN
088956260106383,UP
08895626012766,UP
088956260148936,UP
088956260170213,DOWN
088956260191489,DOWN
088956260212766,DOWN
088956260234043,DOWN
088956260255319,UP
088956260276596,UP
088956260297872,DOWN
088956260319149,UP
088956260340426,DOWN
088956260361702,UP
088956260382979,DOWN
088956260404255,DOWN
088956260425532,DOWN
088956260446809,UP
088956260468085,UP
088956260489362,UP
088956260510638,UP
088956260531915,DOWN
088956260553191,DOWN
088956260574468,DOWN
088956260595745,DOWN
088956260617021,DOWN
088956260638298,DOWN
088956260659574,DOWN
088956260680851,DOWN
088956260702128,DOWN
088956260723404,DOWN
088956260744681,DOWN
088956260765957,DOWN
088956260787234,DOWN
088956260808511,DOWN
088956260829787,DOWN
088956260851064,DOWN
08895626087234,DOWN
088956260893617,DOWN
088956260914894,DOWN
08895626093617,DOWN
088956260957447,DOWN
088956260978723,UP
0889562610,UP
0889607700,UP
088960770021277,UP
088960770042553,UP
08896077006383,UP
088960770085106,UP
088960770106383,DOWN
08896077012766,DOWN
088960770148936,DOWN
088960770170213,DOWN
088960770191489,DOWN
088960770212766,DOWN
088960770234043,DOWN
088960770255319,DOWN
088960770276596,DOWN
088960770297872,UP
088960770319149,UP
088960770340426,UP
088960770361702,UP
088960770382979,UP
088960770404255,UP
088960770425532,UP
088960770446809,UP
088960770468085,UP
088960770489362,UP
088960770510638,UP
088960770531915,UP
088960770553191,UP
088960770574468,UP
088960770595745,UP
088960770617021,UP
088960770638298,UP
088960770659574,DOWN
088960770680851,UP
088960770702128,UP
088960770723404,UP
088960770744681,UP
088960770765957,UP
088960770787234,UP
088960770808511,UP
088960770829787,DOWN
088960770851064,DOWN
08896077087234,DOWN
088960770893617,UP
088960770914894,DOWN
08896077093617,UP
088960770957447,DOWN
088960770978723,DOWN
0889607710,DOWN
0889651100,DOWN
088965110021277,DOWN
088965110042553,DOWN
08896511006383,DOWN
088965110085106,DOWN
088965110106383,DOWN
08896511012766,DOWN
088965110148936,DOWN
088965110170213,DOWN
088965110191489,DOWN
088965110212766,DOWN
088965110234043,DOWN
088965110255319,DOWN
088965110276596,DOWN
088965110297872,DOWN
088965110319149,DOWN
088965110340426,DOWN
088965110361702,DOWN
088965110382979,DOWN
088965110404255,DOWN
088965110425532,DOWN
088965110446809,DOWN
088965110468085,DOWN
088965110489362,DOWN
088965110510638,DOWN
088965110531915,DOWN
088965110553191,DOWN
088965110574468,DOWN
088965110595745,DOWN
088965110617021,DOWN
088965110638298,DOWN
088965110659574,DOWN
088965110680851,DOWN
088965110702128,DOWN
088965110723404,UP
088965110744681,UP
088965110765957,UP
088965110787234,UP
088965110808511,UP
088965110829787,UP
088965110851064,UP
08896511087234,UP
088965110893617,UP
088965110914894,UP
08896511093617,UP
088965110957447,UP
088965110978723,DOWN
0889651110,DOWN
0889695200,DOWN
088969520021277,DOWN
088969520042553,DOWN
08896952006383,DOWN
088969520085106,DOWN
088969520106383,DOWN
08896952012766,DOWN
088969520148936,DOWN
088969520170213,DOWN
088969520191489,DOWN
088969520212766,DOWN
088969520234043,DOWN
088969520255319,UP
088969520276596,UP
088969520297872,DOWN
088969520319149,DOWN
088969520340426,DOWN
088969520361702,DOWN
088969520382979,DOWN
088969520404255,DOWN
088969520425532,DOWN
088969520446809,DOWN
088969520468085,DOWN
088969520489362,UP
088969520510638,UP
088969520531915,DOWN
088969520553191,DOWN
088969520574468,DOWN
088969520595745,DOWN
088969520617021,DOWN
088969520638298,DOWN
088969520659574,DOWN
088969520680851,DOWN
088969520702128,DOWN
088969520723404,UP
088969520744681,UP
088969520765957,DOWN
088969520787234,DOWN
088969520808511,DOWN
088969520829787,DOWN
088969520851064,DOWN
08896952087234,DOWN
088969520893617,DOWN
088969520914894,DOWN
08896952093617,DOWN
088969520957447,DOWN
088969520978723,DOWN
0889695210,DOWN
0889739300,UP
088973930021277,UP
088973930042553,UP
08897393006383,UP
088973930085106,UP
088973930106383,UP
08897393012766,DOWN
088973930148936,DOWN
088973930170213,DOWN
088973930191489,DOWN
088973930212766,DOWN
088973930234043,DOWN
088973930255319,UP
088973930276596,UP
088973930297872,DOWN
088973930319149,UP
088973930340426,DOWN
088973930361702,DOWN
088973930382979,DOWN
088973930404255,DOWN
088973930425532,DOWN
088973930446809,DOWN
088973930468085,DOWN
088973930489362,DOWN
088973930510638,DOWN
088973930531915,DOWN
088973930553191,DOWN
088973930574468,DOWN
088973930595745,DOWN
088973930617021,DOWN
088973930638298,DOWN
088973930659574,DOWN
088973930680851,DOWN
088973930702128,DOWN
088973930723404,UP
088973930744681,UP
088973930765957,UP
088973930787234,UP
088973930808511,UP
088973930829787,DOWN
088973930851064,DOWN
08897393087234,UP
088973930893617,UP
088973930914894,DOWN
08897393093617,DOWN
088973930957447,DOWN
088973930978723,DOWN
0889739310,UP
0889784400,UP
088978440021277,UP
088978440042553,UP
08897844006383,UP
088978440085106,UP
088978440106383,UP
08897844012766,UP
088978440148936,DOWN
088978440170213,DOWN
088978440191489,DOWN
088978440212766,DOWN
088978440234043,UP
088978440255319,UP
088978440276596,UP
088978440297872,UP
088978440319149,UP
088978440340426,UP
088978440361702,UP
088978440382979,UP
088978440404255,UP
088978440425532,UP
088978440446809,UP
088978440468085,UP
088978440489362,DOWN
088978440510638,DOWN
088978440531915,DOWN
088978440553191,UP
088978440574468,UP
088978440595745,DOWN
088978440617021,DOWN
088978440638298,DOWN
088978440659574,UP
088978440680851,UP
088978440702128,UP
088978440723404,UP
088978440744681,UP
088978440765957,UP
088978440787234,UP
088978440808511,UP
088978440829787,UP
088978440851064,UP
08897844087234,DOWN
088978440893617,DOWN
088978440914894,DOWN
08897844093617,DOWN
088978440957447,DOWN
088978440978723,DOWN
0889784410,DOWN
0889828500,DOWN
088982850021277,DOWN
088982850042553,DOWN
08898285006383,DOWN
088982850085106,DOWN
088982850106383,DOWN
08898285012766,DOWN
088982850148936,DOWN
088982850170213,DOWN
088982850191489,DOWN
088982850212766,UP
088982850234043,UP
088982850255319,UP
088982850276596,UP
088982850297872,DOWN
088982850319149,UP
088982850340426,UP
088982850361702,UP
088982850382979,UP
088982850404255,UP
088982850425532,DOWN
088982850446809,DOWN
088982850468085,DOWN
088982850489362,DOWN
088982850510638,DOWN
088982850531915,DOWN
088982850553191,DOWN
088982850574468,DOWN
088982850595745,DOWN
088982850617021,DOWN
088982850638298,DOWN
088982850659574,DOWN
088982850680851,DOWN
088982850702128,DOWN
088982850723404,DOWN
088982850744681,UP
088982850765957,UP
088982850787234,UP
088982850808511,UP
088982850829787,DOWN
088982850851064,UP
08898285087234,UP
088982850893617,UP
088982850914894,DOWN
08898285093617,UP
088982850957447,DOWN
088982850978723,UP
0889828510,UP
0889872600,UP
088987260021277,UP
088987260042553,UP
08898726006383,DOWN
088987260085106,DOWN
088987260106383,DOWN
08898726012766,DOWN
088987260148936,DOWN
088987260170213,DOWN
088987260191489,DOWN
088987260212766,DOWN
088987260234043,DOWN
088987260255319,UP
088987260276596,UP
088987260297872,UP
088987260319149,UP
088987260340426,UP
088987260361702,UP
088987260382979,UP
088987260404255,UP
088987260425532,UP
088987260446809,UP
088987260468085,DOWN
088987260489362,DOWN
088987260510638,DOWN
088987260531915,DOWN
088987260553191,DOWN
088987260574468,DOWN
088987260595745,DOWN
088987260617021,DOWN
088987260638298,DOWN
088987260659574,DOWN
088987260680851,DOWN
088987260702128,DOWN
088987260723404,DOWN
088987260744681,UP
088987260765957,DOWN
088987260787234,DOWN
088987260808511,DOWN
088987260829787,DOWN
088987260851064,DOWN
08898726087234,DOWN
088987260893617,DOWN
088987260914894,DOWN
08898726093617,DOWN
088987260957447,DOWN
088987260978723,UP
0889872610,UP
0889916700,DOWN
088991670021277,DOWN
088991670042553,UP
08899167006383,DOWN
088991670085106,DOWN
088991670106383,DOWN
08899167012766,DOWN
088991670148936,DOWN
088991670170213,DOWN
088991670191489,DOWN
088991670212766,DOWN
088991670234043,DOWN
088991670255319,DOWN
088991670276596,UP
088991670297872,UP
088991670319149,UP
088991670340426,UP
088991670361702,UP
088991670382979,UP
088991670404255,UP
088991670425532,UP
088991670446809,UP
088991670468085,UP
088991670489362,UP
088991670510638,UP
088991670531915,UP
088991670553191,UP
088991670574468,UP
088991670595745,UP
088991670617021,UP
088991670638298,UP
088991670659574,UP
088991670680851,UP
088991670702128,UP
088991670723404,UP
088991670744681,UP
088991670765957,UP
088991670787234,UP
088991670808511,UP
088991670829787,DOWN
088991670851064,DOWN
08899167087234,DOWN
088991670893617,DOWN
088991670914894,DOWN
08899167093617,DOWN
088991670957447,DOWN
088991670978723,DOWN
0889916710,DOWN
0889961100,DOWN
088996110021277,DOWN
088996110042553,DOWN
08899611006383,DOWN
088996110085106,DOWN
088996110106383,DOWN
08899611012766,DOWN
088996110148936,DOWN
088996110170213,DOWN
088996110191489,DOWN
088996110212766,DOWN
088996110234043,DOWN
088996110255319,DOWN
088996110276596,DOWN
088996110297872,DOWN
088996110319149,DOWN
088996110340426,DOWN
088996110361702,DOWN
088996110382979,DOWN
088996110404255,DOWN
088996110425532,DOWN
088996110446809,DOWN
088996110468085,DOWN
088996110489362,DOWN
088996110510638,DOWN
088996110531915,DOWN
088996110553191,DOWN
088996110574468,DOWN
088996110595745,DOWN
088996110617021,DOWN
088996110638298,DOWN
088996110659574,DOWN
088996110680851,DOWN
088996110702128,DOWN
088996110723404,DOWN
088996110744681,DOWN
088996110765957,DOWN
088996110787234,DOWN
088996110808511,DOWN
088996110829787,DOWN
088996110851064,DOWN
08899611087234,DOWN
088996110893617,DOWN
088996110914894,DOWN
08899611093617,DOWN
088996110957447,DOWN
088996110978723,DOWN
0889961110,DOWN
0890005200,DOWN
089000520021277,DOWN
089000520042553,DOWN
08900052006383,DOWN
089000520085106,DOWN
089000520106383,DOWN
08900052012766,DOWN
089000520148936,DOWN
089000520170213,DOWN
089000520191489,DOWN
089000520212766,DOWN
089000520234043,DOWN
089000520255319,DOWN
089000520276596,DOWN
089000520297872,DOWN
089000520319149,DOWN
089000520340426,DOWN
089000520361702,DOWN
089000520382979,DOWN
089000520404255,DOWN
089000520425532,DOWN
089000520446809,DOWN
089000520468085,DOWN
089000520489362,DOWN
089000520510638,DOWN
089000520531915,UP
089000520553191,UP
089000520574468,UP
089000520595745,UP
089000520617021,DOWN
089000520638298,UP
089000520659574,UP
089000520680851,UP
089000520702128,UP
089000520723404,UP
089000520744681,UP
089000520765957,DOWN
089000520787234,DOWN
089000520808511,DOWN
089000520829787,DOWN
089000520851064,DOWN
08900052087234,DOWN
089000520893617,DOWN
089000520914894,DOWN
08900052093617,DOWN
089000520957447,DOWN
089000520978723,UP
0890005210,UP
0890049300,UP
089004930021277,DOWN
089004930042553,UP
08900493006383,DOWN
089004930085106,DOWN
089004930106383,DOWN
08900493012766,DOWN
089004930148936,DOWN
089004930170213,DOWN
089004930191489,DOWN
089004930212766,DOWN
089004930234043,DOWN
089004930255319,UP
089004930276596,DOWN
089004930297872,DOWN
089004930319149,UP
089004930340426,UP
089004930361702,UP
089004930382979,UP
089004930404255,UP
089004930425532,UP
089004930446809,UP
089004930468085,UP
089004930489362,UP
089004930510638,UP
089004930531915,UP
089004930553191,UP
089004930574468,UP
089004930595745,UP
089004930617021,UP
089004930638298,UP
089004930659574,UP
089004930680851,UP
089004930702128,UP
089004930723404,UP
089004930744681,UP
089004930765957,UP
089004930787234,UP
089004930808511,DOWN
089004930829787,DOWN
089004930851064,DOWN
08900493087234,DOWN
089004930893617,DOWN
089004930914894,DOWN
08900493093617,DOWN
089004930957447,DOWN
089004930978723,DOWN
0890049310,DOWN
0890093400,DOWN
089009340021277,DOWN
089009340042553,DOWN
08900934006383,DOWN
089009340085106,DOWN
089009340106383,DOWN
08900934012766,DOWN
089009340148936,DOWN
089009340170213,DOWN
089009340191489,DOWN
089009340212766,DOWN
089009340234043,DOWN
089009340255319,DOWN
089009340276596,DOWN
089009340297872,DOWN
089009340319149,DOWN
089009340340426,DOWN
089009340361702,DOWN
089009340382979,DOWN
089009340404255,DOWN
089009340425532,DOWN
089009340446809,DOWN
089009340468085,DOWN
089009340489362,DOWN
089009340510638,DOWN
089009340531915,DOWN
089009340553191,DOWN
089009340574468,DOWN
089009340595745,DOWN
089009340617021,DOWN
089009340638298,DOWN
089009340659574,DOWN
089009340680851,DOWN
089009340702128,UP
089009340723404,UP
089009340744681,UP
089009340765957,UP
089009340787234,UP
089009340808511,DOWN
089009340829787,DOWN
089009340851064,DOWN
08900934087234,DOWN
089009340893617,DOWN
089009340914894,DOWN
08900934093617,DOWN
089009340957447,DOWN
089009340978723,DOWN
0890093410,DOWN
0890138500,DOWN
089013850021277,DOWN
089013850042553,DOWN
08901385006383,UP
089013850085106,UP
089013850106383,UP
08901385012766,DOWN
089013850148936,DOWN
089013850170213,DOWN
089013850191489,DOWN
089013850212766,DOWN
089013850234043,DOWN
089013850255319,DOWN
089013850276596,DOWN
089013850297872,DOWN
089013850319149,DOWN
089013850340426,DOWN
089013850361702,UP
089013850382979,DOWN
089013850404255,DOWN
089013850425532,DOWN
089013850446809,DOWN
089013850468085,DOWN
089013850489362,DOWN
089013850510638,DOWN
089013850531915,DOWN
089013850553191,DOWN
089013850574468,DOWN
089013850595745,DOWN
089013850617021,DOWN
089013850638298,DOWN
089013850659574,DOWN
089013850680851,DOWN
089013850702128,UP
089013850723404,UP
089013850744681,UP
089013850765957,UP
089013850787234,UP
089013850808511,DOWN
089013850829787,DOWN
089013850851064,UP
08901385087234,UP
089013850893617,DOWN
089013850914894,DOWN
08901385093617,DOWN
089013850957447,DOWN
089013850978723,DOWN
0890138510,DOWN
0890182600,DOWN
089018260021277,DOWN
089018260042553,DOWN
08901826006383,UP
089018260085106,UP
089018260106383,DOWN
08901826012766,DOWN
089018260148936,DOWN
089018260170213,DOWN
089018260191489,DOWN
089018260212766,DOWN
089018260234043,DOWN
089018260255319,UP
089018260276596,DOWN
089018260297872,DOWN
089018260319149,DOWN
089018260340426,DOWN
089018260361702,DOWN
089018260382979,DOWN
089018260404255,DOWN
089018260425532,DOWN
089018260446809,DOWN
089018260468085,DOWN
089018260489362,DOWN
089018260510638,DOWN
089018260531915,DOWN
089018260553191,DOWN
089018260574468,DOWN
089018260595745,DOWN
089018260617021,DOWN
089018260638298,DOWN
089018260659574,DOWN
089018260680851,DOWN
089018260702128,DOWN
089018260723404,DOWN
089018260744681,DOWN
089018260765957,DOWN
089018260787234,DOWN
089018260808511,DOWN
089018260829787,DOWN
089018260851064,DOWN
08901826087234,DOWN
089018260893617,DOWN
089018260914894,DOWN
08901826093617,UP
089018260957447,UP
089018260978723,UP
0890182610,UP
0890226700,UP
089022670021277,UP
089022670042553,UP
08902267006383,DOWN
089022670085106,UP
089022670106383,DOWN
08902267012766,DOWN
089022670148936,DOWN
089022670170213,DOWN
089022670191489,DOWN
089022670212766,UP
089022670234043,DOWN
089022670255319,DOWN
089022670276596,UP
089022670297872,UP
089022670319149,UP
089022670340426,UP
089022670361702,UP
089022670382979,UP
089022670404255,UP
089022670425532,UP
089022670446809,UP
089022670468085,UP
089022670489362,UP
089022670510638,UP
089022670531915,UP
089022670553191,UP
089022670574468,UP
089022670595745,UP
089022670617021,UP
089022670638298,UP
089022670659574,UP
089022670680851,DOWN
089022670702128,DOWN
089022670723404,UP
089022670744681,UP
089022670765957,UP
089022670787234,DOWN
089022670808511,DOWN
089022670829787,DOWN
089022670851064,DOWN
08902267087234,UP
089022670893617,DOWN
089022670914894,DOWN
08902267093617,UP
089022670957447,DOWN
089022670978723,DOWN
0890226710,DOWN
089027100,DOWN
08902710021277,DOWN
08902710042553,DOWN
0890271006383,DOWN
08902710085106,DOWN
08902710106383,DOWN
0890271012766,DOWN
08902710148936,DOWN
08902710170213,DOWN
08902710191489,DOWN
08902710212766,DOWN
08902710234043,DOWN
08902710255319,DOWN
08902710276596,DOWN
08902710297872,DOWN
08902710319149,DOWN
08902710340426,DOWN
08902710361702,DOWN
08902710382979,DOWN
08902710404255,DOWN
08902710425532,DOWN
08902710446809,DOWN
08902710468085,DOWN
08902710489362,DOWN
08902710510638,DOWN
08902710531915,DOWN
08902710553191,DOWN
08902710574468,DOWN
08902710595745,DOWN
08902710617021,DOWN
08902710638298,DOWN
08902710659574,DOWN
08902710680851,DOWN
08902710702128,DOWN
08902710723404,DOWN
08902710744681,UP
08902710765957,UP
08902710787234,UP
08902710808511,UP
08902710829787,UP
08902710851064,UP
0890271087234,UP
08902710893617,UP
08902710914894,DOWN
0890271093617,UP
08902710957447,UP
08902710978723,UP
089027110,DOWN
0890315200,DOWN
089031520021277,DOWN
089031520042553,DOWN
08903152006383,DOWN
089031520085106,DOWN
089031520106383,DOWN
08903152012766,DOWN
089031520148936,DOWN
089031520170213,DOWN
089031520191489,DOWN
089031520212766,DOWN
089031520234043,DOWN
089031520255319,DOWN
089031520276596,DOWN
089031520297872,DOWN
089031520319149,DOWN
089031520340426,DOWN
089031520361702,DOWN
089031520382979,DOWN
089031520404255,DOWN
089031520425532,DOWN
089031520446809,DOWN
089031520468085,DOWN
089031520489362,DOWN
089031520510638,DOWN
089031520531915,DOWN
089031520553191,DOWN
089031520574468,DOWN
089031520595745,DOWN
089031520617021,DOWN
089031520638298,DOWN
089031520659574,DOWN
089031520680851,DOWN
089031520702128,DOWN
089031520723404,DOWN
089031520744681,UP
089031520765957,DOWN
089031520787234,DOWN
089031520808511,DOWN
089031520829787,DOWN
089031520851064,DOWN
08903152087234,DOWN
089031520893617,DOWN
089031520914894,DOWN
08903152093617,DOWN
089031520957447,DOWN
089031520978723,DOWN
0890315210,UP
0890359300,UP
089035930021277,UP
089035930042553,UP
08903593006383,UP
089035930085106,UP
089035930106383,UP
08903593012766,UP
089035930148936,UP
089035930170213,UP
089035930191489,UP
089035930212766,UP
089035930234043,UP
089035930255319,UP
089035930276596,UP
089035930297872,DOWN
089035930319149,DOWN
089035930340426,DOWN
089035930361702,DOWN
089035930382979,DOWN
089035930404255,DOWN
089035930425532,DOWN
089035930446809,DOWN
089035930468085,DOWN
089035930489362,DOWN
089035930510638,DOWN
089035930531915,DOWN
089035930553191,DOWN
089035930574468,DOWN
089035930595745,DOWN
089035930617021,DOWN
089035930638298,DOWN
089035930659574,DOWN
089035930680851,UP
089035930702128,UP
089035930723404,UP
089035930744681,UP
089035930765957,UP
089035930787234,UP
089035930808511,UP
089035930829787,DOWN
089035930851064,UP
08903593087234,UP
089035930893617,UP
089035930914894,DOWN
08903593093617,DOWN
089035930957447,DOWN
089035930978723,DOWN
0890359310,UP
08935400,UP
0893540021277,UP
0893540042553,UP
089354006383,UP
0893540085106,UP
0893540106383,UP
089354012766,DOWN
0893540148936,DOWN
0893540170213,DOWN
0893540191489,DOWN
0893540212766,DOWN
0893540234043,UP
0893540255319,UP
0893540276596,UP
0893540297872,DOWN
0893540319149,UP
0893540340426,UP
0893540361702,UP
0893540382979,UP
0893540404255,UP
0893540425532,UP
0893540446809,UP
0893540468085,UP
0893540489362,DOWN
0893540510638,DOWN
0893540531915,DOWN
0893540553191,UP
0893540574468,UP
0893540595745,UP
0893540617021,DOWN
0893540638298,DOWN
0893540659574,UP
0893540680851,UP
0893540702128,UP
0893540723404,UP
0893540744681,UP
0893540765957,UP
0893540787234,UP
0893540808511,UP
0893540829787,DOWN
0893540851064,DOWN
089354087234,DOWN
0893540893617,DOWN
0893540914894,DOWN
089354093617,UP
0893540957447,DOWN
0893540978723,UP
08935410,UP
0893545500,UP
089354550021277,UP
089354550042553,UP
08935455006383,UP
089354550085106,DOWN
089354550106383,DOWN
08935455012766,DOWN
089354550148936,DOWN
089354550170213,DOWN
089354550191489,DOWN
089354550212766,DOWN
089354550234043,DOWN
089354550255319,DOWN
089354550276596,UP
089354550297872,DOWN
089354550319149,DOWN
089354550340426,UP
089354550361702,DOWN
089354550382979,DOWN
089354550404255,DOWN
089354550425532,DOWN
089354550446809,DOWN
089354550468085,DOWN
089354550489362,DOWN
089354550510638,DOWN
089354550531915,DOWN
089354550553191,DOWN
089354550574468,DOWN
089354550595745,DOWN
089354550617021,DOWN
089354550638298,DOWN
089354550659574,DOWN
089354550680851,DOWN
089354550702128,DOWN
089354550723404,UP
089354550744681,UP
089354550765957,UP
089354550787234,UP
089354550808511,UP
089354550829787,DOWN
089354550851064,DOWN
08935455087234,DOWN
089354550893617,DOWN
089354550914894,DOWN
08935455093617,UP
089354550957447,DOWN
089354550978723,UP
0893545510,UP
0893589600,UP
089358960021277,UP
089358960042553,UP
08935896006383,UP
089358960085106,UP
089358960106383,DOWN
08935896012766,DOWN
089358960148936,DOWN
089358960170213,DOWN
089358960191489,DOWN
089358960212766,DOWN
089358960234043,UP
089358960255319,DOWN
089358960276596,UP
089358960297872,DOWN
089358960319149,UP
089358960340426,UP
089358960361702,UP
089358960382979,UP
089358960404255,UP
089358960425532,DOWN
089358960446809,DOWN
089358960468085,DOWN
089358960489362,DOWN
089358960510638,DOWN
089358960531915,DOWN
089358960553191,DOWN
089358960574468,DOWN
089358960595745,DOWN
089358960617021,DOWN
089358960638298,DOWN
089358960659574,DOWN
089358960680851,DOWN
089358960702128,DOWN
089358960723404,UP
089358960744681,UP
089358960765957,UP
089358960787234,UP
089358960808511,DOWN
089358960829787,DOWN
089358960851064,DOWN
08935896087234,DOWN
089358960893617,DOWN
089358960914894,DOWN
08935896093617,DOWN
089358960957447,DOWN
089358960978723,UP
0893589610,UP
0893633700,DOWN
089363370021277,DOWN
089363370042553,UP
08936337006383,UP
089363370085106,DOWN
089363370106383,DOWN
08936337012766,DOWN
089363370148936,DOWN
089363370170213,DOWN
089363370191489,DOWN
089363370212766,DOWN
089363370234043,DOWN
089363370255319,DOWN
089363370276596,DOWN
089363370297872,DOWN
089363370319149,DOWN
089363370340426,DOWN
089363370361702,UP
089363370382979,UP
089363370404255,UP
089363370425532,UP
089363370446809,UP
089363370468085,UP
089363370489362,UP
089363370510638,UP
089363370531915,UP
089363370553191,UP
089363370574468,UP
089363370595745,DOWN
089363370617021,DOWN
089363370638298,DOWN
089363370659574,DOWN
089363370680851,DOWN
089363370702128,DOWN
089363370723404,DOWN
089363370744681,UP
089363370765957,UP
089363370787234,UP
089363370808511,UP
089363370829787,DOWN
089363370851064,DOWN
08936337087234,DOWN
089363370893617,DOWN
089363370914894,DOWN
08936337093617,DOWN
089363370957447,DOWN
089363370978723,DOWN
0893633710,DOWN
0893677100,DOWN
089367710021277,DOWN
089367710042553,DOWN
08936771006383,DOWN
089367710085106,DOWN
089367710106383,DOWN
08936771012766,DOWN
089367710148936,DOWN
089367710170213,DOWN
089367710191489,DOWN
089367710212766,DOWN
089367710234043,DOWN
089367710255319,DOWN
089367710276596,DOWN
089367710297872,DOWN
089367710319149,DOWN
089367710340426,DOWN
089367710361702,DOWN
089367710382979,DOWN
089367710404255,DOWN
089367710425532,DOWN
089367710446809,DOWN
089367710468085,DOWN
089367710489362,DOWN
089367710510638,DOWN
089367710531915,DOWN
089367710553191,DOWN
089367710574468,DOWN
089367710595745,DOWN
089367710617021,DOWN
089367710638298,DOWN
089367710659574,DOWN
089367710680851,DOWN
089367710702128,DOWN
089367710723404,UP
089367710744681,UP
089367710765957,UP
089367710787234,UP
089367710808511,UP
089367710829787,UP
089367710851064,UP
08936771087234,UP
089367710893617,UP
089367710914894,UP
08936771093617,UP
089367710957447,UP
089367710978723,UP
0893677110,DOWN
0893722200,DOWN
089372220021277,DOWN
089372220042553,UP
08937222006383,DOWN
089372220085106,DOWN
089372220106383,DOWN
08937222012766,DOWN
089372220148936,DOWN
089372220170213,DOWN
089372220191489,DOWN
089372220212766,DOWN
089372220234043,DOWN
089372220255319,DOWN
089372220276596,DOWN
089372220297872,DOWN
089372220319149,UP
089372220340426,DOWN
089372220361702,DOWN
089372220382979,UP
089372220404255,DOWN
089372220425532,DOWN
089372220446809,UP
089372220468085,UP
089372220489362,UP
089372220510638,UP
089372220531915,UP
089372220553191,DOWN
089372220574468,DOWN
089372220595745,DOWN
089372220617021,DOWN
089372220638298,DOWN
089372220659574,DOWN
089372220680851,DOWN
089372220702128,DOWN
089372220723404,UP
089372220744681,UP
089372220765957,UP
089372220787234,UP
089372220808511,DOWN
089372220829787,DOWN
089372220851064,DOWN
08937222087234,DOWN
089372220893617,DOWN
089372220914894,DOWN
08937222093617,DOWN
089372220957447,DOWN
089372220978723,UP
0893722210,UP
0893766300,UP
089376630021277,UP
089376630042553,UP
08937663006383,UP
089376630085106,DOWN
089376630106383,DOWN
08937663012766,DOWN
089376630148936,DOWN
089376630170213,DOWN
089376630191489,DOWN
089376630212766,DOWN
089376630234043,UP
089376630255319,UP
089376630276596,UP
089376630297872,DOWN
089376630319149,UP
089376630340426,UP
089376630361702,UP
089376630382979,UP
089376630404255,UP
089376630425532,UP
089376630446809,UP
089376630468085,UP
089376630489362,UP
089376630510638,UP
089376630531915,UP
089376630553191,UP
089376630574468,UP
089376630595745,UP
089376630617021,UP
089376630638298,UP
089376630659574,UP
089376630680851,UP
089376630702128,UP
089376630723404,UP
089376630744681,UP
089376630765957,UP
089376630787234,UP
089376630808511,UP
089376630829787,UP
089376630851064,UP
08937663087234,DOWN
089376630893617,DOWN
089376630914894,DOWN
08937663093617,DOWN
089376630957447,DOWN
089376630978723,DOWN
0893766310,DOWN
089381400,DOWN
08938140021277,DOWN
08938140042553,UP
0893814006383,DOWN
08938140085106,DOWN
08938140106383,DOWN
0893814012766,DOWN
08938140148936,DOWN
08938140170213,DOWN
08938140191489,DOWN
08938140212766,DOWN
08938140234043,DOWN
08938140255319,DOWN
08938140276596,DOWN
08938140297872,DOWN
08938140319149,DOWN
08938140340426,UP
08938140361702,UP
08938140382979,UP
08938140404255,UP
08938140425532,UP
08938140446809,UP
08938140468085,UP
08938140489362,UP
08938140510638,UP
08938140531915,UP
08938140553191,UP
08938140574468,UP
08938140595745,DOWN
08938140617021,DOWN
08938140638298,DOWN
08938140659574,DOWN
08938140680851,DOWN
08938140702128,DOWN
08938140723404,UP
08938140744681,UP
08938140765957,UP
08938140787234,UP
08938140808511,UP
08938140829787,UP
08938140851064,UP
0893814087234,UP
08938140893617,DOWN
08938140914894,DOWN
0893814093617,DOWN
08938140957447,DOWN
08938140978723,DOWN
089381410,DOWN
0893854500,DOWN
089385450021277,DOWN
089385450042553,UP
08938545006383,DOWN
089385450085106,DOWN
089385450106383,DOWN
08938545012766,DOWN
089385450148936,DOWN
089385450170213,DOWN
089385450191489,DOWN
089385450212766,DOWN
089385450234043,DOWN
089385450255319,DOWN
089385450276596,UP
089385450297872,DOWN
089385450319149,UP
089385450340426,UP
089385450361702,UP
089385450382979,UP
089385450404255,UP
089385450425532,UP
089385450446809,UP
089385450468085,UP
089385450489362,UP
089385450510638,UP
089385450531915,UP
089385450553191,UP
089385450574468,UP
089385450595745,UP
089385450617021,UP
089385450638298,UP
089385450659574,UP
089385450680851,UP
089385450702128,UP
089385450723404,UP
089385450744681,UP
089385450765957,UP
089385450787234,UP
089385450808511,UP
089385450829787,UP
089385450851064,UP
08938545087234,UP
089385450893617,UP
089385450914894,DOWN
08938545093617,DOWN
089385450957447,DOWN
089385450978723,UP
0893854510,DOWN
0893899600,DOWN
089389960021277,UP
089389960042553,UP
08938996006383,UP
089389960085106,DOWN
089389960106383,DOWN
08938996012766,DOWN
089389960148936,DOWN
089389960170213,DOWN
089389960191489,DOWN
089389960212766,DOWN
089389960234043,DOWN
089389960255319,DOWN
089389960276596,UP
089389960297872,DOWN
089389960319149,DOWN
089389960340426,UP
089389960361702,UP
089389960382979,UP
089389960404255,UP
089389960425532,UP
089389960446809,UP
089389960468085,UP
089389960489362,UP
089389960510638,UP
089389960531915,UP
089389960553191,UP
089389960574468,UP
089389960595745,UP
089389960617021,DOWN
089389960638298,DOWN
089389960659574,DOWN
089389960680851,DOWN
089389960702128,DOWN
089389960723404,DOWN
089389960744681,DOWN
089389960765957,DOWN
089389960787234,DOWN
089389960808511,DOWN
089389960829787,DOWN
089389960851064,DOWN
08938996087234,DOWN
089389960893617,DOWN
089389960914894,DOWN
08938996093617,DOWN
089389960957447,DOWN
089389960978723,DOWN
0893899610,DOWN
0893943700,DOWN
089394370021277,DOWN
089394370042553,DOWN
08939437006383,DOWN
089394370085106,DOWN
089394370106383,DOWN
08939437012766,DOWN
089394370148936,DOWN
089394370170213,DOWN
089394370191489,DOWN
089394370212766,DOWN
089394370234043,DOWN
089394370255319,DOWN
089394370276596,DOWN
089394370297872,DOWN
089394370319149,DOWN
089394370340426,DOWN
089394370361702,DOWN
089394370382979,UP
089394370404255,UP
089394370425532,UP
089394370446809,DOWN
089394370468085,DOWN
089394370489362,DOWN
089394370510638,DOWN
089394370531915,DOWN
089394370553191,DOWN
089394370574468,DOWN
089394370595745,DOWN
089394370617021,DOWN
089394370638298,DOWN
089394370659574,DOWN
089394370680851,DOWN
089394370702128,DOWN
089394370723404,DOWN
089394370744681,UP
089394370765957,UP
089394370787234,UP
089394370808511,UP
089394370829787,UP
089394370851064,UP
08939437087234,UP
089394370893617,UP
089394370914894,UP
08939437093617,DOWN
089394370957447,DOWN
089394370978723,UP
0893943710,DOWN
0893987100,DOWN
089398710021277,DOWN
089398710042553,DOWN
08939871006383,DOWN
089398710085106,DOWN
089398710106383,DOWN
08939871012766,DOWN
089398710148936,DOWN
089398710170213,DOWN
089398710191489,DOWN
089398710212766,DOWN
089398710234043,DOWN
089398710255319,DOWN
089398710276596,DOWN
089398710297872,DOWN
089398710319149,DOWN
089398710340426,DOWN
089398710361702,UP
089398710382979,UP
089398710404255,UP
089398710425532,UP
089398710446809,UP
089398710468085,UP
089398710489362,DOWN
089398710510638,DOWN
089398710531915,DOWN
089398710553191,DOWN
089398710574468,DOWN
089398710595745,DOWN
089398710617021,DOWN
089398710638298,DOWN
089398710659574,DOWN
089398710680851,DOWN
089398710702128,DOWN
089398710723404,UP
089398710744681,UP
089398710765957,UP
089398710787234,UP
089398710808511,UP
089398710829787,UP
089398710851064,UP
08939871087234,UP
089398710893617,UP
089398710914894,UP
08939871093617,UP
089398710957447,UP
089398710978723,UP
0893987110,UP
0894031200,DOWN
089403120021277,UP
089403120042553,UP
08940312006383,UP
089403120085106,UP
089403120106383,DOWN
08940312012766,DOWN
089403120148936,DOWN
089403120170213,DOWN
089403120191489,DOWN
089403120212766,DOWN
089403120234043,DOWN
089403120255319,UP
089403120276596,UP
089403120297872,DOWN
089403120319149,UP
089403120340426,UP
089403120361702,UP
089403120382979,UP
089403120404255,UP
089403120425532,UP
089403120446809,UP
089403120468085,UP
089403120489362,UP
089403120510638,UP
089403120531915,UP
089403120553191,UP
089403120574468,UP
089403120595745,UP
089403120617021,UP
089403120638298,UP
089403120659574,UP
089403120680851,UP
089403120702128,UP
089403120723404,UP
089403120744681,UP
089403120765957,UP
089403120787234,UP
089403120808511,UP
089403120829787,UP
089403120851064,UP
08940312087234,DOWN
089403120893617,DOWN
089403120914894,DOWN
08940312093617,DOWN
089403120957447,DOWN
089403120978723,UP
0894031210,UP
0894075300,DOWN
089407530021277,DOWN
089407530042553,UP
08940753006383,UP
089407530085106,DOWN
089407530106383,DOWN
08940753012766,DOWN
089407530148936,DOWN
089407530170213,DOWN
089407530191489,DOWN
089407530212766,DOWN
089407530234043,DOWN
089407530255319,DOWN
089407530276596,DOWN
089407530297872,DOWN
089407530319149,DOWN
089407530340426,UP
089407530361702,UP
089407530382979,UP
089407530404255,UP
089407530425532,UP
089407530446809,UP
089407530468085,DOWN
089407530489362,DOWN
089407530510638,DOWN
089407530531915,DOWN
089407530553191,DOWN
089407530574468,DOWN
089407530595745,DOWN
089407530617021,DOWN
089407530638298,DOWN
089407530659574,DOWN
089407530680851,DOWN
089407530702128,DOWN
089407530723404,UP
089407530744681,UP
089407530765957,UP
089407530787234,UP
089407530808511,UP
089407530829787,UP
089407530851064,UP
08940753087234,UP
089407530893617,DOWN
089407530914894,DOWN
08940753093617,DOWN
089407530957447,DOWN
089407530978723,UP
0894075310,UP
089412400,UP
08941240021277,UP
08941240042553,UP
0894124006383,UP
08941240085106,UP
08941240106383,DOWN
0894124012766,DOWN
08941240148936,DOWN
08941240170213,DOWN
08941240191489,DOWN
08941240212766,DOWN
08941240234043,DOWN
08941240255319,DOWN
08941240276596,DOWN
08941240297872,DOWN
08941240319149,DOWN
08941240340426,DOWN
08941240361702,UP
08941240382979,UP
08941240404255,UP
08941240425532,UP
08941240446809,DOWN
08941240468085,DOWN
08941240489362,DOWN
08941240510638,DOWN
08941240531915,DOWN
08941240553191,DOWN
08941240574468,DOWN
08941240595745,DOWN
08941240617021,DOWN
08941240638298,DOWN
08941240659574,DOWN
08941240680851,DOWN
08941240702128,DOWN
08941240723404,DOWN
08941240744681,UP
08941240765957,UP
08941240787234,UP
08941240808511,DOWN
08941240829787,DOWN
08941240851064,DOWN
0894124087234,DOWN
08941240893617,DOWN
08941240914894,DOWN
0894124093617,DOWN
08941240957447,DOWN
08941240978723,DOWN
089412410,DOWN
0894164500,UP
089416450021277,DOWN
089416450042553,UP
08941645006383,UP
089416450085106,DOWN
089416450106383,DOWN
08941645012766,DOWN
089416450148936,DOWN
089416450170213,DOWN
089416450191489,DOWN
089416450212766,DOWN
089416450234043,DOWN
089416450255319,DOWN
089416450276596,DOWN
089416450297872,DOWN
089416450319149,UP
089416450340426,UP
089416450361702,UP
089416450382979,UP
089416450404255,UP
089416450425532,UP
089416450446809,UP
089416450468085,UP
089416450489362,UP
089416450510638,UP
089416450531915,DOWN
089416450553191,DOWN
089416450574468,DOWN
089416450595745,DOWN
089416450617021,DOWN
089416450638298,DOWN
089416450659574,DOWN
089416450680851,DOWN
089416450702128,DOWN
089416450723404,DOWN
089416450744681,UP
089416450765957,UP
089416450787234,UP
089416450808511,UP
089416450829787,UP
089416450851064,UP
08941645087234,UP
089416450893617,DOWN
089416450914894,DOWN
08941645093617,DOWN
089416450957447,DOWN
089416450978723,UP
0894164510,DOWN
0894208600,DOWN
089420860021277,DOWN
089420860042553,DOWN
08942086006383,DOWN
089420860085106,DOWN
089420860106383,DOWN
08942086012766,DOWN
089420860148936,DOWN
089420860170213,DOWN
089420860191489,DOWN
089420860212766,DOWN
089420860234043,DOWN
089420860255319,DOWN
089420860276596,UP
089420860297872,DOWN
089420860319149,UP
089420860340426,UP
089420860361702,UP
089420860382979,UP
089420860404255,UP
089420860425532,UP
089420860446809,UP
089420860468085,UP
089420860489362,UP
089420860510638,UP
089420860531915,UP
089420860553191,UP
089420860574468,DOWN
089420860595745,DOWN
089420860617021,DOWN
089420860638298,DOWN
089420860659574,DOWN
089420860680851,DOWN
089420860702128,UP
089420860723404,UP
089420860744681,UP
089420860765957,UP
089420860787234,UP
089420860808511,UP
089420860829787,DOWN
089420860851064,DOWN
08942086087234,DOWN
089420860893617,DOWN
089420860914894,DOWN
08942086093617,DOWN
089420860957447,DOWN
089420860978723,DOWN
0894208610,DOWN
0894252700,UP
089425270021277,UP
089425270042553,UP
08942527006383,UP
089425270085106,DOWN
089425270106383,DOWN
08942527012766,DOWN
089425270148936,DOWN
089425270170213,DOWN
089425270191489,DOWN
089425270212766,DOWN
089425270234043,DOWN
089425270255319,DOWN
089425270276596,DOWN
089425270297872,DOWN
089425270319149,DOWN
089425270340426,UP
089425270361702,UP
089425270382979,UP
089425270404255,UP
089425270425532,UP
089425270446809,UP
089425270468085,UP
089425270489362,UP
089425270510638,UP
089425270531915,UP
089425270553191,UP
089425270574468,UP
089425270595745,UP
089425270617021,UP
089425270638298,UP
089425270659574,UP
089425270680851,UP
089425270702128,UP
089425270723404,UP
089425270744681,UP
089425270765957,UP
089425270787234,UP
089425270808511,UP
089425270829787,UP
089425270851064,UP
08942527087234,UP
089425270893617,DOWN
089425270914894,DOWN
08942527093617,DOWN
089425270957447,DOWN
089425270978723,DOWN
0894252710,DOWN
0894297100,DOWN
089429710021277,DOWN
089429710042553,DOWN
08942971006383,DOWN
089429710085106,DOWN
089429710106383,DOWN
08942971012766,DOWN
089429710148936,DOWN
089429710170213,DOWN
089429710191489,DOWN
089429710212766,DOWN
089429710234043,DOWN
089429710255319,DOWN
089429710276596,DOWN
089429710297872,DOWN
089429710319149,DOWN
089429710340426,DOWN
089429710361702,UP
089429710382979,UP
089429710404255,UP
089429710425532,UP
089429710446809,UP
089429710468085,UP
089429710489362,UP
089429710510638,UP
089429710531915,DOWN
089429710553191,DOWN
089429710574468,DOWN
089429710595745,DOWN
089429710617021,DOWN
089429710638298,DOWN
089429710659574,DOWN
089429710680851,DOWN
089429710702128,UP
089429710723404,UP
089429710744681,UP
089429710765957,UP
089429710787234,UP
089429710808511,UP
089429710829787,UP
089429710851064,UP
08942971087234,UP
089429710893617,UP
089429710914894,UP
08942971093617,UP
089429710957447,UP
089429710978723,UP
0894297110,DOWN
0894341200,DOWN
089434120021277,DOWN
089434120042553,DOWN
08943412006383,UP
089434120085106,DOWN
089434120106383,DOWN
08943412012766,DOWN
089434120148936,DOWN
089434120170213,DOWN
089434120191489,DOWN
089434120212766,DOWN
089434120234043,DOWN
089434120255319,DOWN
089434120276596,UP
089434120297872,DOWN
089434120319149,UP
089434120340426,UP
089434120361702,UP
089434120382979,UP
089434120404255,UP
089434120425532,UP
089434120446809,UP
089434120468085,UP
089434120489362,UP
089434120510638,UP
089434120531915,UP
089434120553191,UP
089434120574468,UP
089434120595745,UP
089434120617021,UP
089434120638298,UP
089434120659574,UP
089434120680851,UP
089434120702128,UP
089434120723404,UP
089434120744681,UP
089434120765957,UP
089434120787234,UP
089434120808511,UP
089434120829787,DOWN
089434120851064,DOWN
08943412087234,DOWN
089434120893617,DOWN
089434120914894,DOWN
08943412093617,DOWN
089434120957447,DOWN
089434120978723,UP
0894341210,DOWN
0894385300,DOWN
089438530021277,DOWN
089438530042553,UP
08943853006383,DOWN
089438530085106,DOWN
089438530106383,DOWN
08943853012766,DOWN
089438530148936,DOWN
089438530170213,DOWN
089438530191489,DOWN
089438530212766,DOWN
089438530234043,DOWN
089438530255319,DOWN
089438530276596,DOWN
089438530297872,DOWN
089438530319149,DOWN
089438530340426,DOWN
089438530361702,DOWN
089438530382979,UP
089438530404255,UP
089438530425532,UP
089438530446809,DOWN
089438530468085,DOWN
089438530489362,DOWN
089438530510638,DOWN
089438530531915,DOWN
089438530553191,DOWN
089438530574468,DOWN
089438530595745,DOWN
089438530617021,DOWN
089438530638298,DOWN
089438530659574,DOWN
089438530680851,UP
089438530702128,UP
089438530723404,UP
089438530744681,UP
089438530765957,UP
089438530787234,UP
089438530808511,UP
089438530829787,UP
089438530851064,UP
08943853087234,UP
089438530893617,DOWN
089438530914894,DOWN
08943853093617,DOWN
089438530957447,DOWN
089438530978723,DOWN
0894385310,DOWN
0894429400,DOWN
089442940021277,DOWN
089442940042553,DOWN
08944294006383,DOWN
089442940085106,DOWN
089442940106383,DOWN
08944294012766,DOWN
089442940148936,DOWN
089442940170213,DOWN
089442940191489,DOWN
089442940212766,DOWN
089442940234043,DOWN
089442940255319,DOWN
089442940276596,UP
089442940297872,DOWN
089442940319149,UP
089442940340426,UP
089442940361702,UP
089442940382979,UP
089442940404255,DOWN
089442940425532,UP
089442940446809,DOWN
089442940468085,DOWN
089442940489362,DOWN
089442940510638,DOWN
089442940531915,DOWN
089442940553191,DOWN
089442940574468,DOWN
089442940595745,DOWN
089442940617021,DOWN
089442940638298,DOWN
089442940659574,DOWN
089442940680851,DOWN
089442940702128,DOWN
089442940723404,UP
089442940744681,UP
089442940765957,UP
089442940787234,UP
089442940808511,UP
089442940829787,UP
089442940851064,UP
08944294087234,UP
089442940893617,DOWN
089442940914894,DOWN
08944294093617,DOWN
089442940957447,DOWN
089442940978723,UP
0894429410,UP
0894474500,DOWN
089447450021277,DOWN
089447450042553,UP
08944745006383,DOWN
089447450085106,UP
089447450106383,UP
08944745012766,DOWN
089447450148936,DOWN
089447450170213,DOWN
089447450191489,DOWN
089447450212766,DOWN
089447450234043,DOWN
089447450255319,DOWN
089447450276596,UP
089447450297872,UP
089447450319149,UP
089447450340426,UP
089447450361702,UP
089447450382979,UP
089447450404255,UP
089447450425532,UP
089447450446809,DOWN
089447450468085,DOWN
089447450489362,DOWN
089447450510638,DOWN
089447450531915,DOWN
089447450553191,UP
089447450574468,DOWN
089447450595745,DOWN
089447450617021,DOWN
089447450638298,DOWN
089447450659574,DOWN
089447450680851,DOWN
089447450702128,UP
089447450723404,UP
089447450744681,UP
089447450765957,UP
089447450787234,UP
089447450808511,UP
089447450829787,UP
089447450851064,UP
08944745087234,UP
089447450893617,DOWN
089447450914894,DOWN
08944745093617,DOWN
089447450957447,DOWN
089447450978723,DOWN
0894474510,DOWN
0894518600,DOWN
089451860021277,DOWN
089451860042553,UP
08945186006383,UP
089451860085106,DOWN
089451860106383,DOWN
08945186012766,DOWN
089451860148936,DOWN
089451860170213,DOWN
089451860191489,DOWN
089451860212766,DOWN
089451860234043,DOWN
089451860255319,DOWN
089451860276596,UP
089451860297872,UP
089451860319149,UP
089451860340426,UP
089451860361702,UP
089451860382979,UP
089451860404255,UP
089451860425532,UP
089451860446809,UP
089451860468085,UP
089451860489362,UP
089451860510638,UP
089451860531915,UP
089451860553191,UP
089451860574468,UP
089451860595745,DOWN
089451860617021,DOWN
089451860638298,DOWN
089451860659574,DOWN
089451860680851,DOWN
089451860702128,UP
089451860723404,UP
089451860744681,UP
089451860765957,UP
089451860787234,UP
089451860808511,UP
089451860829787,DOWN
089451860851064,DOWN
08945186087234,DOWN
089451860893617,DOWN
089451860914894,DOWN
08945186093617,DOWN
089451860957447,DOWN
089451860978723,DOWN
0894518610,DOWN
0894562700,UP
089456270021277,UP
089456270042553,DOWN
08945627006383,DOWN
089456270085106,DOWN
089456270106383,DOWN
08945627012766,DOWN
089456270148936,DOWN
089456270170213,DOWN
089456270191489,DOWN
089456270212766,DOWN
089456270234043,DOWN
089456270255319,DOWN
089456270276596,DOWN
089456270297872,DOWN
089456270319149,DOWN
089456270340426,UP
089456270361702,UP
089456270382979,UP
089456270404255,UP
089456270425532,UP
089456270446809,UP
089456270468085,UP
089456270489362,UP
089456270510638,UP
089456270531915,UP
089456270553191,UP
089456270574468,UP
089456270595745,UP
089456270617021,UP
089456270638298,UP
089456270659574,UP
089456270680851,UP
089456270702128,UP
089456270723404,UP
089456270744681,UP
089456270765957,UP
089456270787234,UP
089456270808511,UP
089456270829787,UP
089456270851064,UP
08945627087234,UP
089456270893617,UP
089456270914894,UP
08945627093617,UP
089456270957447,DOWN
089456270978723,UP
0894562710,DOWN
0894606100,DOWN
089460610021277,DOWN
089460610042553,DOWN
08946061006383,DOWN
089460610085106,DOWN
089460610106383,DOWN
08946061012766,DOWN
089460610148936,DOWN
089460610170213,DOWN
089460610191489,DOWN
089460610212766,DOWN
089460610234043,DOWN
089460610255319,DOWN
089460610276596,DOWN
089460610297872,DOWN
089460610319149,DOWN
089460610340426,DOWN
089460610361702,DOWN
089460610382979,UP
089460610404255,UP
089460610425532,UP
089460610446809,UP
089460610468085,UP
089460610489362,UP
089460610510638,UP
089460610531915,UP
089460610553191,UP
089460610574468,UP
089460610595745,UP
089460610617021,UP
089460610638298,UP
089460610659574,UP
089460610680851,UP
089460610702128,UP
089460610723404,UP
089460610744681,UP
089460610765957,UP
089460610787234,UP
089460610808511,UP
089460610829787,UP
089460610851064,UP
08946061087234,UP
089460610893617,UP
089460610914894,UP
08946061093617,UP
089460610957447,UP
089460610978723,UP
0894606110,DOWN
0894651200,DOWN
089465120021277,DOWN
089465120042553,DOWN
08946512006383,DOWN
089465120085106,DOWN
089465120106383,DOWN
08946512012766,DOWN
089465120148936,DOWN
089465120170213,DOWN
089465120191489,DOWN
089465120212766,DOWN
089465120234043,DOWN
089465120255319,DOWN
089465120276596,DOWN
089465120297872,DOWN
089465120319149,UP
089465120340426,UP
089465120361702,UP
089465120382979,UP
089465120404255,UP
089465120425532,UP
089465120446809,UP
089465120468085,UP
089465120489362,UP
089465120510638,UP
089465120531915,UP
089465120553191,UP
089465120574468,UP
089465120595745,UP
089465120617021,UP
089465120638298,UP
089465120659574,UP
089465120680851,UP
089465120702128,UP
089465120723404,UP
089465120744681,UP
089465120765957,UP
089465120787234,UP
089465120808511,UP
089465120829787,UP
089465120851064,UP
08946512087234,UP
089465120893617,DOWN
089465120914894,DOWN
08946512093617,DOWN
089465120957447,DOWN
089465120978723,DOWN
0894651210,DOWN
0894695300,DOWN
089469530021277,DOWN
089469530042553,DOWN
08946953006383,DOWN
089469530085106,DOWN
089469530106383,DOWN
08946953012766,DOWN
089469530148936,DOWN
089469530170213,DOWN
089469530191489,DOWN
089469530212766,DOWN
089469530234043,DOWN
089469530255319,DOWN
089469530276596,UP
089469530297872,DOWN
089469530319149,UP
089469530340426,UP
089469530361702,UP
089469530382979,UP
089469530404255,UP
089469530425532,UP
089469530446809,UP
089469530468085,UP
089469530489362,UP
089469530510638,UP
089469530531915,UP
089469530553191,UP
089469530574468,UP
089469530595745,DOWN
089469530617021,DOWN
089469530638298,DOWN
089469530659574,DOWN
089469530680851,UP
089469530702128,UP
089469530723404,UP
089469530744681,UP
089469530765957,UP
089469530787234,UP
089469530808511,UP
089469530829787,UP
089469530851064,UP
08946953087234,UP
089469530893617,UP
089469530914894,DOWN
08946953093617,UP
089469530957447,UP
089469530978723,UP
0894695310,UP
0894739400,UP
089473940021277,UP
089473940042553,UP
08947394006383,UP
089473940085106,UP
089473940106383,UP
08947394012766,DOWN
089473940148936,DOWN
089473940170213,DOWN
089473940191489,DOWN
089473940212766,DOWN
089473940234043,DOWN
089473940255319,DOWN
089473940276596,DOWN
089473940297872,DOWN
089473940319149,UP
089473940340426,UP
089473940361702,UP
089473940382979,UP
089473940404255,UP
089473940425532,DOWN
089473940446809,DOWN
089473940468085,DOWN
089473940489362,DOWN
089473940510638,DOWN
089473940531915,DOWN
089473940553191,DOWN
089473940574468,DOWN
089473940595745,DOWN
089473940617021,DOWN
089473940638298,DOWN
089473940659574,DOWN
089473940680851,DOWN
089473940702128,DOWN
089473940723404,UP
089473940744681,UP
089473940765957,UP
089473940787234,UP
089473940808511,UP
089473940829787,DOWN
089473940851064,DOWN
08947394087234,DOWN
089473940893617,UP
089473940914894,DOWN
08947394093617,DOWN
089473940957447,DOWN
089473940978723,DOWN
0894739410,DOWN
0894783500,UP
089478350021277,UP
089478350042553,UP
08947835006383,DOWN
089478350085106,DOWN
089478350106383,DOWN
08947835012766,DOWN
089478350148936,DOWN
089478350170213,DOWN
089478350191489,DOWN
089478350212766,DOWN
089478350234043,DOWN
089478350255319,DOWN
089478350276596,UP
089478350297872,DOWN
089478350319149,UP
089478350340426,UP
089478350361702,UP
089478350382979,UP
089478350404255,UP
089478350425532,DOWN
089478350446809,DOWN
089478350468085,DOWN
089478350489362,DOWN
089478350510638,DOWN
089478350531915,DOWN
089478350553191,DOWN
089478350574468,DOWN
089478350595745,DOWN
089478350617021,DOWN
089478350638298,DOWN
089478350659574,DOWN
089478350680851,DOWN
089478350702128,DOWN
089478350723404,DOWN
089478350744681,UP
089478350765957,UP
089478350787234,UP
089478350808511,DOWN
089478350829787,DOWN
089478350851064,DOWN
08947835087234,DOWN
089478350893617,DOWN
089478350914894,DOWN
08947835093617,DOWN
089478350957447,DOWN
089478350978723,DOWN
0894783510,DOWN
0894828600,DOWN
089482860021277,UP
089482860042553,UP
08948286006383,DOWN
089482860085106,DOWN
089482860106383,DOWN
08948286012766,DOWN
089482860148936,DOWN
089482860170213,DOWN
089482860191489,DOWN
089482860212766,DOWN
089482860234043,DOWN
089482860255319,DOWN
089482860276596,DOWN
089482860297872,DOWN
089482860319149,UP
089482860340426,UP
089482860361702,DOWN
089482860382979,UP
089482860404255,UP
089482860425532,DOWN
089482860446809,DOWN
089482860468085,DOWN
089482860489362,DOWN
089482860510638,DOWN
089482860531915,DOWN
089482860553191,DOWN
089482860574468,DOWN
089482860595745,DOWN
089482860617021,DOWN
089482860638298,DOWN
089482860659574,DOWN
089482860680851,DOWN
089482860702128,DOWN
089482860723404,DOWN
089482860744681,UP
089482860765957,UP
089482860787234,UP
089482860808511,UP
089482860829787,UP
089482860851064,DOWN
08948286087234,DOWN
089482860893617,DOWN
089482860914894,DOWN
08948286093617,DOWN
089482860957447,DOWN
089482860978723,DOWN
0894828610,DOWN
0897925700,UP
089792570021277,UP
089792570042553,UP
08979257006383,DOWN
089792570085106,DOWN
089792570106383,DOWN
08979257012766,DOWN
089792570148936,DOWN
089792570170213,DOWN
089792570191489,DOWN
089792570212766,DOWN
089792570234043,DOWN
089792570255319,DOWN
089792570276596,DOWN
089792570297872,DOWN
089792570319149,UP
089792570340426,UP
089792570361702,UP
089792570382979,UP
089792570404255,UP
089792570425532,UP
089792570446809,UP
089792570468085,UP
089792570489362,UP
089792570510638,UP
089792570531915,UP
089792570553191,DOWN
089792570574468,DOWN
089792570595745,DOWN
089792570617021,DOWN
089792570638298,DOWN
089792570659574,DOWN
089792570680851,DOWN
089792570702128,DOWN
089792570723404,UP
089792570744681,UP
089792570765957,UP
089792570787234,UP
089792570808511,UP
089792570829787,UP
089792570851064,UP
08979257087234,UP
089792570893617,UP
089792570914894,UP
08979257093617,UP
089792570957447,UP
089792570978723,UP
0897925710,UP
0897969100,UP
089796910021277,UP
089796910042553,UP
08979691006383,UP
089796910085106,UP
089796910106383,DOWN
08979691012766,DOWN
089796910148936,DOWN
089796910170213,DOWN
089796910191489,DOWN
089796910212766,DOWN
089796910234043,DOWN
089796910255319,DOWN
089796910276596,DOWN
089796910297872,DOWN
089796910319149,UP
089796910340426,UP
089796910361702,UP
089796910382979,UP
089796910404255,UP
089796910425532,UP
089796910446809,UP
089796910468085,UP
089796910489362,UP
089796910510638,UP
089796910531915,UP
089796910553191,UP
089796910574468,UP
089796910595745,UP
089796910617021,UP
089796910638298,UP
089796910659574,UP
089796910680851,UP
089796910702128,UP
089796910723404,UP
089796910744681,UP
089796910765957,UP
089796910787234,UP
089796910808511,UP
089796910829787,UP
089796910851064,UP
08979691087234,UP
089796910893617,UP
089796910914894,UP
08979691093617,UP
089796910957447,DOWN
089796910978723,UP
0897969110,DOWN
0898013200,DOWN
089801320021277,DOWN
089801320042553,DOWN
08980132006383,DOWN
089801320085106,DOWN
089801320106383,DOWN
08980132012766,DOWN
089801320148936,DOWN
089801320170213,DOWN
089801320191489,DOWN
089801320212766,DOWN
089801320234043,DOWN
089801320255319,DOWN
089801320276596,DOWN
089801320297872,DOWN
089801320319149,UP
089801320340426,DOWN
089801320361702,DOWN
089801320382979,UP
089801320404255,UP
089801320425532,DOWN
089801320446809,DOWN
089801320468085,DOWN
089801320489362,DOWN
089801320510638,UP
089801320531915,UP
089801320553191,UP
089801320574468,UP
089801320595745,UP
089801320617021,UP
089801320638298,UP
089801320659574,UP
089801320680851,DOWN
089801320702128,UP
089801320723404,UP
089801320744681,UP
089801320765957,UP
089801320787234,UP
089801320808511,UP
089801320829787,UP
089801320851064,UP
08980132087234,UP
089801320893617,UP
089801320914894,DOWN
08980132093617,DOWN
089801320957447,DOWN
089801320978723,UP
0898013210,UP
0898058300,UP
089805830021277,UP
089805830042553,UP
08980583006383,UP
089805830085106,UP
089805830106383,DOWN
08980583012766,DOWN
089805830148936,DOWN
089805830170213,DOWN
089805830191489,DOWN
089805830212766,DOWN
089805830234043,DOWN
089805830255319,UP
089805830276596,UP
089805830297872,UP
089805830319149,UP
089805830340426,UP
089805830361702,UP
089805830382979,UP
089805830404255,UP
089805830425532,UP
089805830446809,DOWN
089805830468085,DOWN
089805830489362,UP
089805830510638,UP
089805830531915,UP
089805830553191,UP
089805830574468,UP
089805830595745,DOWN
089805830617021,DOWN
089805830638298,DOWN
089805830659574,DOWN
089805830680851,DOWN
089805830702128,UP
089805830723404,UP
089805830744681,UP
089805830765957,UP
089805830787234,UP
089805830808511,DOWN
089805830829787,DOWN
089805830851064,DOWN
08980583087234,DOWN
089805830893617,DOWN
089805830914894,DOWN
08980583093617,DOWN
089805830957447,DOWN
089805830978723,UP
0898058310,UP
0898102400,UP
089810240021277,UP
089810240042553,UP
08981024006383,DOWN
089810240085106,DOWN
089810240106383,DOWN
08981024012766,DOWN
089810240148936,DOWN
089810240170213,DOWN
089810240191489,DOWN
089810240212766,DOWN
089810240234043,DOWN
089810240255319,DOWN
089810240276596,UP
089810240297872,UP
089810240319149,UP
089810240340426,UP
089810240361702,UP
089810240382979,UP
089810240404255,UP
089810240425532,DOWN
089810240446809,UP
089810240468085,UP
089810240489362,UP
089810240510638,UP
089810240531915,UP
089810240553191,UP
089810240574468,DOWN
089810240595745,UP
089810240617021,DOWN
089810240638298,DOWN
089810240659574,UP
089810240680851,DOWN
089810240702128,UP
089810240723404,UP
089810240744681,UP
089810240765957,UP
089810240787234,UP
089810240808511,UP
089810240829787,DOWN
089810240851064,DOWN
08981024087234,DOWN
089810240893617,DOWN
089810240914894,DOWN
08981024093617,DOWN
089810240957447,DOWN
089810240978723,UP
0898102410,DOWN
0898146500,UP
089814650021277,UP
089814650042553,UP
08981465006383,DOWN
089814650085106,DOWN
089814650106383,DOWN
08981465012766,DOWN
089814650148936,DOWN
089814650170213,DOWN
089814650191489,DOWN
089814650212766,DOWN
089814650234043,DOWN
089814650255319,UP
089814650276596,UP
089814650297872,DOWN
089814650319149,UP
089814650340426,UP
089814650361702,UP
089814650382979,UP
089814650404255,UP
089814650425532,UP
089814650446809,UP
089814650468085,UP
089814650489362,UP
089814650510638,UP
089814650531915,UP
089814650553191,UP
089814650574468,UP
089814650595745,UP
089814650617021,UP
089814650638298,UP
089814650659574,UP
089814650680851,UP
089814650702128,UP
089814650723404,UP
089814650744681,UP
089814650765957,UP
089814650787234,UP
089814650808511,UP
089814650829787,UP
089814650851064,UP
08981465087234,UP
089814650893617,DOWN
089814650914894,DOWN
08981465093617,DOWN
089814650957447,DOWN
089814650978723,DOWN
0898146510,DOWN
089819600,DOWN
08981960021277,DOWN
08981960042553,DOWN
0898196006383,DOWN
08981960085106,DOWN
08981960106383,DOWN
0898196012766,DOWN
08981960148936,DOWN
08981960170213,DOWN
08981960191489,DOWN
08981960212766,DOWN
08981960234043,DOWN
08981960255319,DOWN
08981960276596,DOWN
08981960297872,DOWN
08981960319149,DOWN
08981960340426,DOWN
08981960361702,DOWN
08981960382979,UP
08981960404255,UP
08981960425532,UP
08981960446809,UP
08981960468085,UP
08981960489362,UP
08981960510638,UP
08981960531915,UP
08981960553191,UP
08981960574468,UP
08981960595745,UP
08981960617021,UP
08981960638298,DOWN
08981960659574,UP
08981960680851,DOWN
08981960702128,DOWN
08981960723404,DOWN
08981960744681,UP
08981960765957,DOWN
08981960787234,DOWN
08981960808511,DOWN
08981960829787,DOWN
08981960851064,DOWN
0898196087234,DOWN
08981960893617,DOWN
08981960914894,DOWN
0898196093617,DOWN
08981960957447,DOWN
08981960978723,UP
089819610,DOWN
0898235700,DOWN
089823570021277,DOWN
089823570042553,DOWN
08982357006383,DOWN
089823570085106,DOWN
089823570106383,DOWN
08982357012766,DOWN
089823570148936,DOWN
089823570170213,DOWN
089823570191489,DOWN
089823570212766,DOWN
089823570234043,DOWN
089823570255319,DOWN
089823570276596,DOWN
089823570297872,DOWN
089823570319149,DOWN
089823570340426,DOWN
089823570361702,UP
089823570382979,UP
089823570404255,UP
089823570425532,UP
089823570446809,UP
089823570468085,UP
089823570489362,UP
089823570510638,UP
089823570531915,UP
089823570553191,UP
089823570574468,DOWN
089823570595745,DOWN
089823570617021,UP
089823570638298,UP
089823570659574,UP
089823570680851,UP
089823570702128,UP
089823570723404,UP
089823570744681,UP
089823570765957,UP
089823570787234,UP
089823570808511,UP
089823570829787,UP
089823570851064,UP
08982357087234,UP
089823570893617,UP
089823570914894,UP
08982357093617,UP
089823570957447,UP
089823570978723,UP
0898235710,DOWN
0898279100,UP
089827910021277,DOWN
089827910042553,DOWN
08982791006383,DOWN
089827910085106,DOWN
089827910106383,DOWN
08982791012766,DOWN
089827910148936,DOWN
089827910170213,DOWN
089827910191489,DOWN
089827910212766,DOWN
089827910234043,DOWN
089827910255319,DOWN
089827910276596,DOWN
089827910297872,DOWN
089827910319149,DOWN
089827910340426,DOWN
089827910361702,UP
089827910382979,UP
089827910404255,UP
089827910425532,UP
089827910446809,DOWN
089827910468085,UP
089827910489362,UP
089827910510638,UP
089827910531915,UP
089827910553191,UP
089827910574468,UP
089827910595745,UP
089827910617021,DOWN
089827910638298,DOWN
089827910659574,DOWN
089827910680851,UP
089827910702128,UP
089827910723404,DOWN
089827910744681,UP
089827910765957,UP
089827910787234,UP
089827910808511,UP
089827910829787,UP
089827910851064,UP
08982791087234,UP
089827910893617,UP
089827910914894,UP
08982791093617,UP
089827910957447,UP
089827910978723,UP
0898279110,UP
0898323200,UP
089832320021277,UP
089832320042553,UP
08983232006383,UP
089832320085106,UP
089832320106383,DOWN
08983232012766,DOWN
089832320148936,DOWN
089832320170213,DOWN
089832320191489,DOWN
089832320212766,DOWN
089832320234043,DOWN
089832320255319,DOWN
089832320276596,UP
089832320297872,DOWN
089832320319149,UP
089832320340426,UP
089832320361702,UP
089832320382979,UP
089832320404255,UP
089832320425532,UP
089832320446809,UP
089832320468085,DOWN
089832320489362,DOWN
089832320510638,DOWN
089832320531915,UP
089832320553191,DOWN
089832320574468,DOWN
089832320595745,DOWN
089832320617021,DOWN
089832320638298,DOWN
089832320659574,DOWN
089832320680851,DOWN
089832320702128,DOWN
089832320723404,DOWN
089832320744681,UP
089832320765957,UP
089832320787234,UP
089832320808511,UP
089832320829787,UP
089832320851064,UP
08983232087234,UP
089832320893617,UP
089832320914894,DOWN
08983232093617,UP
089832320957447,UP
089832320978723,UP
0898323210,UP
0898367300,UP
089836730021277,UP
089836730042553,UP
08983673006383,UP
089836730085106,DOWN
089836730106383,DOWN
08983673012766,DOWN
089836730148936,DOWN
089836730170213,DOWN
089836730191489,DOWN
089836730212766,DOWN
089836730234043,DOWN
089836730255319,DOWN
089836730276596,UP
089836730297872,DOWN
089836730319149,UP
089836730340426,UP
089836730361702,UP
089836730382979,UP
089836730404255,UP
089836730425532,UP
089836730446809,DOWN
089836730468085,DOWN
089836730489362,UP
089836730510638,DOWN
089836730531915,DOWN
089836730553191,DOWN
089836730574468,DOWN
089836730595745,DOWN
089836730617021,DOWN
089836730638298,DOWN
089836730659574,DOWN
089836730680851,DOWN
089836730702128,DOWN
089836730723404,UP
089836730744681,UP
089836730765957,UP
089836730787234,UP
089836730808511,UP
089836730829787,UP
089836730851064,DOWN
08983673087234,DOWN
089836730893617,DOWN
089836730914894,DOWN
08983673093617,UP
089836730957447,DOWN
089836730978723,UP
0898367310,UP
0898412400,UP
089841240021277,UP
089841240042553,UP
08984124006383,DOWN
089841240085106,DOWN
089841240106383,DOWN
08984124012766,DOWN
089841240148936,DOWN
089841240170213,DOWN
089841240191489,DOWN
089841240212766,DOWN
089841240234043,DOWN
089841240255319,DOWN
089841240276596,UP
089841240297872,DOWN
089841240319149,UP
089841240340426,UP
089841240361702,UP
089841240382979,UP
089841240404255,UP
089841240425532,UP
089841240446809,UP
089841240468085,UP
089841240489362,UP
089841240510638,UP
089841240531915,UP
089841240553191,UP
089841240574468,UP
089841240595745,UP
089841240617021,UP
089841240638298,UP
089841240659574,UP
089841240680851,UP
089841240702128,UP
089841240723404,UP
089841240744681,UP
089841240765957,UP
089841240787234,UP
089841240808511,DOWN
089841240829787,DOWN
089841240851064,DOWN
08984124087234,DOWN
089841240893617,DOWN
089841240914894,DOWN
08984124093617,UP
089841240957447,DOWN
089841240978723,UP
0898412410,UP
0898456500,UP
089845650021277,UP
089845650042553,UP
08984565006383,UP
089845650085106,DOWN
089845650106383,DOWN
08984565012766,DOWN
089845650148936,DOWN
089845650170213,DOWN
089845650191489,DOWN
089845650212766,DOWN
089845650234043,DOWN
089845650255319,DOWN
089845650276596,UP
089845650297872,UP
089845650319149,UP
089845650340426,UP
089845650361702,UP
089845650382979,UP
089845650404255,UP
089845650425532,UP
089845650446809,UP
089845650468085,UP
089845650489362,UP
089845650510638,UP
089845650531915,UP
089845650553191,UP
089845650574468,UP
089845650595745,UP
089845650617021,UP
089845650638298,UP
089845650659574,UP
089845650680851,UP
089845650702128,UP
089845650723404,UP
089845650744681,UP
089845650765957,UP
089845650787234,UP
089845650808511,UP
089845650829787,UP
089845650851064,UP
08984565087234,UP
089845650893617,UP
089845650914894,DOWN
08984565093617,UP
089845650957447,DOWN
089845650978723,UP
0898456510,UP
08985600,UP
0898560021277,UP
0898560042553,UP
089856006383,DOWN
0898560085106,DOWN
0898560106383,DOWN
089856012766,DOWN
0898560148936,DOWN
0898560170213,DOWN
0898560191489,DOWN
0898560212766,DOWN
0898560234043,DOWN
0898560255319,DOWN
0898560276596,DOWN
0898560297872,DOWN
0898560319149,UP
0898560340426,UP
0898560361702,UP
0898560382979,UP
0898560404255,UP
0898560425532,UP
0898560446809,UP
0898560468085,UP
0898560489362,UP
0898560510638,UP
0898560531915,UP
0898560553191,UP
0898560574468,UP
0898560595745,UP
0898560617021,UP
0898560638298,UP
0898560659574,UP
0898560680851,UP
0898560702128,UP
0898560723404,UP
0898560744681,UP
0898560765957,UP
0898560787234,UP
0898560808511,UP
0898560829787,UP
0898560851064,UP
089856087234,DOWN
0898560893617,DOWN
0898560914894,DOWN
089856093617,DOWN
0898560957447,UP
0898560978723,UP
08985610,UP
0898544700,UP
089854470021277,UP
089854470042553,UP
08985447006383,UP
089854470085106,UP
089854470106383,DOWN
08985447012766,DOWN
089854470148936,DOWN
089854470170213,DOWN
089854470191489,DOWN
089854470212766,DOWN
089854470234043,DOWN
089854470255319,DOWN
089854470276596,DOWN
089854470297872,DOWN
089854470319149,UP
089854470340426,UP
089854470361702,UP
089854470382979,UP
089854470404255,UP
089854470425532,UP
089854470446809,UP
089854470468085,UP
089854470489362,UP
089854470510638,UP
089854470531915,UP
089854470553191,UP
089854470574468,UP
089854470595745,UP
089854470617021,UP
089854470638298,UP
089854470659574,UP
089854470680851,UP
089854470702128,UP
089854470723404,UP
089854470744681,UP
089854470765957,UP
089854470787234,UP
089854470808511,UP
089854470829787,UP
089854470851064,UP
08985447087234,UP
089854470893617,UP
089854470914894,UP
08985447093617,UP
089854470957447,UP
089854470978723,UP
0898544710,UP
0898589100,UP
089858910021277,UP
089858910042553,UP
08985891006383,UP
089858910085106,DOWN
089858910106383,DOWN
08985891012766,DOWN
089858910148936,DOWN
089858910170213,DOWN
089858910191489,DOWN
089858910212766,DOWN
089858910234043,DOWN
089858910255319,DOWN
089858910276596,DOWN
089858910297872,DOWN
089858910319149,DOWN
089858910340426,DOWN
089858910361702,UP
089858910382979,UP
089858910404255,UP
089858910425532,UP
089858910446809,UP
089858910468085,UP
089858910489362,UP
089858910510638,UP
089858910531915,UP
089858910553191,UP
089858910574468,UP
089858910595745,UP
089858910617021,UP
089858910638298,UP
089858910659574,UP
089858910680851,UP
089858910702128,UP
089858910723404,UP
089858910744681,UP
089858910765957,UP
089858910787234,UP
089858910808511,UP
089858910829787,UP
089858910851064,UP
08985891087234,UP
089858910893617,UP
089858910914894,UP
08985891093617,UP
089858910957447,UP
089858910978723,UP
0898589110,UP
0898633200,UP
089863320021277,UP
089863320042553,UP
08986332006383,UP
089863320085106,UP
089863320106383,DOWN
08986332012766,DOWN
089863320148936,DOWN
089863320170213,DOWN
089863320191489,DOWN
089863320212766,DOWN
089863320234043,DOWN
089863320255319,UP
089863320276596,UP
089863320297872,DOWN
089863320319149,UP
089863320340426,UP
089863320361702,UP
089863320382979,UP
089863320404255,UP
089863320425532,UP
089863320446809,UP
089863320468085,UP
089863320489362,UP
089863320510638,UP
089863320531915,UP
089863320553191,UP
089863320574468,UP
089863320595745,UP
089863320617021,UP
089863320638298,UP
089863320659574,UP
089863320680851,DOWN
089863320702128,DOWN
089863320723404,DOWN
089863320744681,UP
089863320765957,UP
089863320787234,UP
089863320808511,DOWN
089863320829787,DOWN
089863320851064,DOWN
08986332087234,DOWN
089863320893617,DOWN
089863320914894,DOWN
08986332093617,DOWN
089863320957447,DOWN
089863320978723,DOWN
0898633210,DOWN
0898677300,DOWN
089867730021277,DOWN
089867730042553,DOWN
08986773006383,DOWN
089867730085106,DOWN
089867730106383,DOWN
08986773012766,DOWN
089867730148936,DOWN
089867730170213,DOWN
089867730191489,DOWN
089867730212766,DOWN
089867730234043,DOWN
089867730255319,DOWN
089867730276596,DOWN
089867730297872,DOWN
089867730319149,DOWN
089867730340426,UP
089867730361702,UP
089867730382979,UP
089867730404255,UP
089867730425532,UP
089867730446809,UP
089867730468085,UP
089867730489362,UP
089867730510638,UP
089867730531915,UP
089867730553191,UP
089867730574468,UP
089867730595745,UP
089867730617021,DOWN
089867730638298,DOWN
089867730659574,UP
089867730680851,DOWN
089867730702128,UP
089867730723404,DOWN
089867730744681,UP
089867730765957,UP
089867730787234,UP
089867730808511,UP
089867730829787,UP
089867730851064,UP
08986773087234,UP
089867730893617,DOWN
089867730914894,UP
08986773093617,UP
089867730957447,UP
089867730978723,UP
0898677310,UP
0898721400,UP
089872140021277,UP
089872140042553,UP
08987214006383,UP
089872140085106,UP
089872140106383,DOWN
08987214012766,DOWN
089872140148936,DOWN
089872140170213,DOWN
089872140191489,DOWN
089872140212766,DOWN
089872140234043,DOWN
089872140255319,UP
089872140276596,UP
089872140297872,DOWN
089872140319149,UP
089872140340426,UP
089872140361702,UP
089872140382979,UP
089872140404255,UP
089872140425532,UP
089872140446809,UP
089872140468085,UP
089872140489362,UP
089872140510638,UP
089872140531915,UP
089872140553191,UP
089872140574468,UP
089872140595745,UP
089872140617021,DOWN
089872140638298,DOWN
089872140659574,UP
089872140680851,UP
089872140702128,UP
089872140723404,UP
089872140744681,UP
089872140765957,UP
089872140787234,UP
089872140808511,DOWN
089872140829787,DOWN
089872140851064,DOWN
08987214087234,DOWN
089872140893617,DOWN
089872140914894,DOWN
08987214093617,UP
089872140957447,UP
089872140978723,UP
0898721410,UP
0898766500,UP
089876650021277,UP
089876650042553,UP
08987665006383,DOWN
089876650085106,DOWN
089876650106383,DOWN
08987665012766,DOWN
089876650148936,DOWN
089876650170213,DOWN
089876650191489,DOWN
089876650212766,DOWN
089876650234043,DOWN
089876650255319,UP
089876650276596,UP
089876650297872,DOWN
089876650319149,DOWN
089876650340426,DOWN
089876650361702,DOWN
089876650382979,UP
089876650404255,DOWN
089876650425532,DOWN
089876650446809,DOWN
089876650468085,DOWN
089876650489362,UP
089876650510638,UP
089876650531915,DOWN
089876650553191,DOWN
089876650574468,DOWN
089876650595745,DOWN
089876650617021,DOWN
089876650638298,DOWN
089876650659574,DOWN
089876650680851,DOWN
089876650702128,DOWN
089876650723404,DOWN
089876650744681,UP
089876650765957,UP
089876650787234,UP
089876650808511,UP
089876650829787,DOWN
089876650851064,DOWN
08987665087234,DOWN
089876650893617,DOWN
089876650914894,DOWN
08987665093617,UP
089876650957447,DOWN
089876650978723,UP
0898766510,UP
089881600,DOWN
08988160021277,DOWN
08988160042553,UP
0898816006383,DOWN
08988160085106,DOWN
08988160106383,DOWN
0898816012766,DOWN
08988160148936,DOWN
08988160170213,DOWN
08988160191489,DOWN
08988160212766,DOWN
08988160234043,DOWN
08988160255319,UP
08988160276596,UP
08988160297872,DOWN
08988160319149,DOWN
08988160340426,DOWN
08988160361702,DOWN
08988160382979,UP
08988160404255,UP
08988160425532,DOWN
08988160446809,DOWN
08988160468085,UP
08988160489362,DOWN
08988160510638,UP
08988160531915,DOWN
08988160553191,DOWN
08988160574468,UP
08988160595745,UP
08988160617021,DOWN
08988160638298,DOWN
08988160659574,DOWN
08988160680851,DOWN
08988160702128,DOWN
08988160723404,DOWN
08988160744681,DOWN
08988160765957,UP
08988160787234,DOWN
08988160808511,DOWN
08988160829787,DOWN
08988160851064,DOWN
0898816087234,DOWN
08988160893617,DOWN
08988160914894,DOWN
0898816093617,DOWN
08988160957447,DOWN
08988160978723,UP
089881610,UP
0898854700,UP
089885470021277,UP
089885470042553,UP
08988547006383,DOWN
089885470085106,DOWN
089885470106383,DOWN
08988547012766,DOWN
089885470148936,DOWN
089885470170213,DOWN
089885470191489,DOWN
089885470212766,DOWN
089885470234043,DOWN
089885470255319,DOWN
089885470276596,DOWN
089885470297872,UP
089885470319149,UP
089885470340426,UP
089885470361702,UP
089885470382979,UP
089885470404255,UP
089885470425532,UP
089885470446809,UP
089885470468085,UP
089885470489362,UP
089885470510638,UP
089885470531915,UP
089885470553191,UP
089885470574468,UP
089885470595745,UP
089885470617021,UP
089885470638298,UP
089885470659574,DOWN
089885470680851,UP
089885470702128,UP
089885470723404,UP
089885470744681,UP
089885470765957,UP
089885470787234,UP
089885470808511,UP
089885470829787,UP
089885470851064,UP
08988547087234,UP
089885470893617,UP
089885470914894,UP
08988547093617,DOWN
089885470957447,DOWN
089885470978723,UP
0898854710,UP
0898898100,UP
089889810021277,DOWN
089889810042553,UP
08988981006383,DOWN
089889810085106,DOWN
089889810106383,DOWN
08988981012766,DOWN
089889810148936,DOWN
089889810170213,DOWN
089889810191489,DOWN
089889810212766,DOWN
089889810234043,DOWN
089889810255319,DOWN
089889810276596,DOWN
089889810297872,DOWN
089889810319149,DOWN
089889810340426,DOWN
089889810361702,DOWN
089889810382979,DOWN
089889810404255,DOWN
089889810425532,DOWN
089889810446809,DOWN
089889810468085,DOWN
089889810489362,DOWN
089889810510638,DOWN
089889810531915,DOWN
089889810553191,DOWN
089889810574468,DOWN
089889810595745,DOWN
089889810617021,DOWN
089889810638298,DOWN
089889810659574,DOWN
089889810680851,DOWN
089889810702128,DOWN
089889810723404,DOWN
089889810744681,UP
089889810765957,UP
089889810787234,UP
089889810808511,UP
089889810829787,UP
089889810851064,UP
08988981087234,UP
089889810893617,UP
089889810914894,UP
08988981093617,UP
089889810957447,UP
089889810978723,UP
0898898110,DOWN
0898943200,DOWN
089894320021277,DOWN
089894320042553,DOWN
08989432006383,DOWN
089894320085106,DOWN
089894320106383,DOWN
08989432012766,DOWN
089894320148936,DOWN
089894320170213,DOWN
089894320191489,DOWN
089894320212766,DOWN
089894320234043,DOWN
089894320255319,UP
089894320276596,UP
089894320297872,UP
089894320319149,UP
089894320340426,UP
089894320361702,UP
089894320382979,UP
089894320404255,UP
089894320425532,UP
089894320446809,UP
089894320468085,UP
089894320489362,UP
089894320510638,UP
089894320531915,UP
089894320553191,UP
089894320574468,UP
089894320595745,UP
089894320617021,UP
089894320638298,UP
089894320659574,UP
089894320680851,DOWN
089894320702128,DOWN
089894320723404,DOWN
089894320744681,UP
089894320765957,UP
089894320787234,UP
089894320808511,UP
089894320829787,UP
089894320851064,UP
08989432087234,UP
089894320893617,DOWN
089894320914894,DOWN
08989432093617,UP
089894320957447,UP
089894320978723,UP
0898943210,UP
0898987300,UP
089898730021277,UP
089898730042553,UP
08989873006383,UP
089898730085106,DOWN
089898730106383,DOWN
08989873012766,DOWN
089898730148936,DOWN
089898730170213,DOWN
089898730191489,DOWN
089898730212766,DOWN
089898730234043,DOWN
089898730255319,UP
089898730276596,UP
089898730297872,DOWN
089898730319149,DOWN
089898730340426,UP
089898730361702,UP
089898730382979,UP
089898730404255,UP
089898730425532,UP
089898730446809,DOWN
089898730468085,DOWN
089898730489362,UP
089898730510638,UP
089898730531915,DOWN
089898730553191,DOWN
089898730574468,DOWN
089898730595745,DOWN
089898730617021,DOWN
089898730638298,DOWN
089898730659574,DOWN
089898730680851,DOWN
089898730702128,DOWN
089898730723404,DOWN
089898730744681,DOWN
089898730765957,UP
089898730787234,UP
089898730808511,DOWN
089898730829787,DOWN
089898730851064,DOWN
08989873087234,DOWN
089898730893617,DOWN
089898730914894,DOWN
08989873093617,DOWN
089898730957447,DOWN
089898730978723,DOWN
0898987310,DOWN
0899031400,DOWN
089903140021277,DOWN
089903140042553,DOWN
08990314006383,DOWN
089903140085106,DOWN
089903140106383,DOWN
08990314012766,DOWN
089903140148936,DOWN
089903140170213,DOWN
089903140191489,DOWN
089903140212766,DOWN
089903140234043,DOWN
089903140255319,DOWN
089903140276596,DOWN
089903140297872,DOWN
089903140319149,UP
089903140340426,UP
089903140361702,UP
089903140382979,UP
089903140404255,UP
089903140425532,UP
089903140446809,UP
089903140468085,UP
089903140489362,UP
089903140510638,UP
089903140531915,UP
089903140553191,UP
089903140574468,UP
089903140595745,UP
089903140617021,UP
089903140638298,UP
089903140659574,UP
089903140680851,UP
089903140702128,DOWN
089903140723404,DOWN
089903140744681,UP
089903140765957,UP
089903140787234,UP
089903140808511,UP
089903140829787,UP
089903140851064,UP
08990314087234,DOWN
089903140893617,DOWN
089903140914894,DOWN
08990314093617,DOWN
089903140957447,DOWN
089903140978723,DOWN
0899031410,DOWN
0899075500,DOWN
089907550021277,DOWN
089907550042553,DOWN
08990755006383,DOWN
089907550085106,DOWN
089907550106383,DOWN
08990755012766,DOWN
089907550148936,DOWN
089907550170213,DOWN
089907550191489,DOWN
089907550212766,DOWN
089907550234043,DOWN
089907550255319,DOWN
089907550276596,DOWN
089907550297872,DOWN
089907550319149,UP
089907550340426,UP
089907550361702,UP
089907550382979,UP
089907550404255,UP
089907550425532,UP
089907550446809,DOWN
089907550468085,UP
089907550489362,UP
089907550510638,UP
089907550531915,DOWN
089907550553191,UP
089907550574468,UP
089907550595745,UP
089907550617021,UP
089907550638298,DOWN
089907550659574,UP
089907550680851,UP
089907550702128,DOWN
089907550723404,DOWN
089907550744681,UP
089907550765957,UP
089907550787234,UP
089907550808511,UP
089907550829787,UP
089907550851064,UP
08990755087234,UP
089907550893617,DOWN
089907550914894,DOWN
08990755093617,UP
089907550957447,UP
089907550978723,UP
0899075510,UP
089912600,UP
08991260021277,UP
08991260042553,UP
0899126006383,UP
08991260085106,UP
08991260106383,UP
0899126012766,DOWN
08991260148936,DOWN
08991260170213,DOWN
08991260191489,DOWN
08991260212766,DOWN
08991260234043,UP
08991260255319,UP
08991260276596,UP
08991260297872,UP
08991260319149,UP
08991260340426,UP
08991260361702,UP
08991260382979,UP
08991260404255,UP
08991260425532,UP
08991260446809,DOWN
08991260468085,UP
08991260489362,DOWN
08991260510638,DOWN
08991260531915,UP
08991260553191,DOWN
08991260574468,DOWN
08991260595745,DOWN
08991260617021,DOWN
08991260638298,DOWN
08991260659574,DOWN
08991260680851,DOWN
08991260702128,UP
08991260723404,DOWN
08991260744681,DOWN
08991260765957,UP
08991260787234,UP
08991260808511,UP
08991260829787,UP
08991260851064,UP
0899126087234,UP
08991260893617,UP
08991260914894,DOWN
0899126093617,UP
08991260957447,UP
08991260978723,UP
089912610,UP
0899164700,UP
089916470021277,UP
089916470042553,UP
08991647006383,UP
089916470085106,UP
089916470106383,DOWN
08991647012766,DOWN
089916470148936,DOWN
089916470170213,DOWN
089916470191489,DOWN
089916470212766,DOWN
089916470234043,DOWN
089916470255319,DOWN
089916470276596,UP
089916470297872,UP
089916470319149,UP
089916470340426,UP
089916470361702,UP
089916470382979,UP
089916470404255,UP
089916470425532,UP
089916470446809,UP
089916470468085,UP
089916470489362,UP
089916470510638,UP
089916470531915,DOWN
089916470553191,DOWN
089916470574468,DOWN
089916470595745,DOWN
089916470617021,DOWN
089916470638298,DOWN
089916470659574,DOWN
089916470680851,DOWN
089916470702128,DOWN
089916470723404,DOWN
089916470744681,UP
089916470765957,UP
089916470787234,UP
089916470808511,UP
089916470829787,UP
089916470851064,UP
08991647087234,UP
089916470893617,UP
089916470914894,UP
08991647093617,UP
089916470957447,UP
089916470978723,UP
0899164710,UP
0995575100,UP
099557510021277,UP
099557510042553,UP
09955751006383,UP
099557510085106,DOWN
099557510106383,DOWN
09955751012766,DOWN
099557510148936,DOWN
099557510170213,DOWN
099557510191489,DOWN
099557510212766,DOWN
099557510234043,DOWN
099557510255319,DOWN
099557510276596,DOWN
099557510297872,DOWN
099557510319149,DOWN
099557510340426,DOWN
099557510361702,UP
099557510382979,UP
099557510404255,UP
099557510425532,UP
099557510446809,UP
099557510468085,UP
099557510489362,UP
099557510510638,UP
099557510531915,UP
099557510553191,UP
099557510574468,UP
099557510595745,DOWN
099557510617021,DOWN
099557510638298,DOWN
099557510659574,UP
099557510680851,DOWN
099557510702128,UP
099557510723404,DOWN
099557510744681,UP
099557510765957,UP
099557510787234,UP
099557510808511,UP
099557510829787,UP
099557510851064,UP
09955751087234,UP
099557510893617,UP
099557510914894,UP
09955751093617,UP
099557510957447,UP
099557510978723,UP
0995575110,UP
10200,UP
1020021277,DOWN
1020042553,UP
102006383,DOWN
1020085106,DOWN
1020106383,DOWN
102012766,DOWN
1020148936,DOWN
1020170213,DOWN
1020191489,DOWN
1020212766,DOWN
1020234043,DOWN
1020255319,UP
1020276596,UP
1020297872,DOWN
1020319149,UP
1020340426,UP
1020361702,DOWN
1020382979,UP
1020404255,UP
1020425532,UP
1020446809,UP
1020468085,UP
1020489362,UP
1020510638,UP
1020531915,UP
1020553191,UP
1020574468,UP
1020595745,UP
1020617021,UP
1020638298,DOWN
1020659574,UP
1020680851,UP
1020702128,DOWN
1020723404,DOWN
1020744681,UP
1020765957,UP
1020787234,UP
1020808511,UP
1020829787,DOWN
1020851064,UP
102087234,DOWN
1020893617,DOWN
1020914894,DOWN
102093617,UP
1020957447,UP
1020978723,UP
10210,UP
0867307300,UP
086730730021277,UP
086730730042553,UP
08673073006383,UP
086730730085106,DOWN
086730730106383,DOWN
08673073012766,DOWN
086730730148936,DOWN
086730730170213,DOWN
086730730191489,DOWN
086730730212766,DOWN
086730730234043,DOWN
086730730255319,UP
086730730276596,UP
086730730297872,DOWN
086730730319149,UP
086730730340426,UP
086730730361702,DOWN
086730730382979,DOWN
086730730404255,UP
086730730425532,DOWN
086730730446809,UP
086730730468085,DOWN
086730730489362,UP
086730730510638,UP
086730730531915,UP
086730730553191,UP
086730730574468,UP
086730730595745,UP
086730730617021,DOWN
086730730638298,DOWN
086730730659574,DOWN
086730730680851,DOWN
086730730702128,UP
086730730723404,DOWN
086730730744681,DOWN
086730730765957,UP
086730730787234,UP
086730730808511,DOWN
086730730829787,DOWN
086730730851064,DOWN
08673073087234,DOWN
086730730893617,DOWN
086730730914894,DOWN
08673073093617,DOWN
086730730957447,DOWN
086730730978723,UP
0867307310,UP
0871731400,UP
087173140021277,UP
087173140042553,UP
08717314006383,UP
087173140085106,UP
087173140106383,UP
08717314012766,DOWN
087173140148936,DOWN
087173140170213,DOWN
087173140191489,DOWN
087173140212766,DOWN
087173140234043,DOWN
087173140255319,UP
087173140276596,UP
087173140297872,DOWN
087173140319149,UP
087173140340426,UP
087173140361702,UP
087173140382979,UP
087173140404255,UP
087173140425532,UP
087173140446809,UP
087173140468085,UP
087173140489362,UP
087173140510638,UP
087173140531915,UP
087173140553191,UP
087173140574468,UP
087173140595745,UP
087173140617021,UP
087173140638298,DOWN
087173140659574,DOWN
087173140680851,DOWN
087173140702128,DOWN
087173140723404,DOWN
087173140744681,DOWN
087173140765957,UP
087173140787234,UP
087173140808511,DOWN
087173140829787,DOWN
087173140851064,DOWN
08717314087234,DOWN
087173140893617,DOWN
087173140914894,DOWN
08717314093617,DOWN
087173140957447,DOWN
087173140978723,UP
0871731410,UP
0876156500,UP
087615650021277,UP
087615650042553,UP
08761565006383,UP
087615650085106,UP
087615650106383,UP
08761565012766,DOWN
087615650148936,DOWN
087615650170213,DOWN
087615650191489,DOWN
087615650212766,DOWN
087615650234043,UP
087615650255319,UP
087615650276596,UP
087615650297872,DOWN
087615650319149,UP
087615650340426,UP
087615650361702,UP
087615650382979,UP
087615650404255,UP
087615650425532,UP
087615650446809,UP
087615650468085,UP
087615650489362,UP
087615650510638,UP
087615650531915,UP
087615650553191,UP
087615650574468,UP
087615650595745,UP
087615650617021,UP
087615650638298,UP
087615650659574,UP
087615650680851,UP
087615650702128,UP
087615650723404,UP
087615650744681,UP
087615650765957,UP
087615650787234,UP
087615650808511,UP
087615650829787,UP
087615650851064,DOWN
08761565087234,DOWN
087615650893617,DOWN
087615650914894,DOWN
08761565093617,DOWN
087615650957447,DOWN
087615650978723,DOWN
0876156510,UP
0880581600,UP
088058160021277,UP
088058160042553,UP
08805816006383,UP
088058160085106,DOWN
088058160106383,DOWN
08805816012766,DOWN
088058160148936,DOWN
088058160170213,DOWN
088058160191489,DOWN
088058160212766,DOWN
088058160234043,DOWN
088058160255319,DOWN
088058160276596,DOWN
088058160297872,DOWN
088058160319149,DOWN
088058160340426,DOWN
088058160361702,DOWN
088058160382979,UP
088058160404255,UP
088058160425532,UP
088058160446809,UP
088058160468085,UP
088058160489362,UP
088058160510638,UP
088058160531915,UP
088058160553191,UP
088058160574468,UP
088058160595745,UP
088058160617021,UP
088058160638298,UP
088058160659574,UP
088058160680851,UP
088058160702128,UP
088058160723404,UP
088058160744681,UP
088058160765957,UP
088058160787234,UP
088058160808511,DOWN
088058160829787,DOWN
088058160851064,DOWN
08805816087234,DOWN
088058160893617,DOWN
088058160914894,DOWN
08805816093617,UP
088058160957447,DOWN
088058160978723,UP
0880581610,UP
0885005700,DOWN
088500570021277,DOWN
088500570042553,DOWN
08850057006383,DOWN
088500570085106,DOWN
088500570106383,DOWN
08850057012766,DOWN
088500570148936,DOWN
088500570170213,DOWN
088500570191489,DOWN
088500570212766,DOWN
088500570234043,DOWN
088500570255319,DOWN
088500570276596,DOWN
088500570297872,DOWN
088500570319149,UP
088500570340426,DOWN
088500570361702,UP
088500570382979,UP
088500570404255,UP
088500570425532,UP
088500570446809,UP
088500570468085,UP
088500570489362,UP
088500570510638,UP
088500570531915,UP
088500570553191,UP
088500570574468,UP
088500570595745,UP
088500570617021,UP
088500570638298,UP
088500570659574,UP
088500570680851,UP
088500570702128,UP
088500570723404,UP
088500570744681,UP
088500570765957,UP
088500570787234,UP
088500570808511,UP
088500570829787,UP
088500570851064,UP
08850057087234,UP
088500570893617,UP
088500570914894,DOWN
08850057093617,UP
088500570957447,DOWN
088500570978723,UP
0885005710,DOWN
0902571100,UP
090257110021277,DOWN
090257110042553,UP
09025711006383,UP
090257110085106,DOWN
090257110106383,DOWN
09025711012766,DOWN
090257110148936,DOWN
090257110170213,DOWN
090257110191489,DOWN
090257110212766,DOWN
090257110234043,DOWN
090257110255319,DOWN
090257110276596,DOWN
090257110297872,DOWN
090257110319149,DOWN
090257110340426,DOWN
090257110361702,DOWN
090257110382979,UP
090257110404255,UP
090257110425532,DOWN
090257110446809,DOWN
090257110468085,DOWN
090257110489362,UP
090257110510638,UP
090257110531915,DOWN
090257110553191,DOWN
090257110574468,DOWN
090257110595745,DOWN
090257110617021,DOWN
090257110638298,DOWN
090257110659574,DOWN
090257110680851,DOWN
090257110702128,DOWN
090257110723404,DOWN
090257110744681,DOWN
090257110765957,UP
090257110787234,UP
090257110808511,UP
090257110829787,UP
090257110851064,UP
09025711087234,UP
090257110893617,UP
090257110914894,UP
09025711093617,UP
090257110957447,DOWN
090257110978723,UP
0902571110,UP
0902615200,UP
090261520021277,UP
090261520042553,UP
09026152006383,UP
090261520085106,UP
090261520106383,UP
09026152012766,DOWN
090261520148936,DOWN
090261520170213,DOWN
090261520191489,DOWN
090261520212766,DOWN
090261520234043,DOWN
090261520255319,UP
090261520276596,UP
090261520297872,UP
090261520319149,UP
090261520340426,UP
090261520361702,UP
090261520382979,UP
090261520404255,UP
090261520425532,UP
090261520446809,UP
090261520468085,UP
090261520489362,UP
090261520510638,UP
090261520531915,UP
090261520553191,UP
090261520574468,UP
090261520595745,UP
090261520617021,UP
090261520638298,UP
090261520659574,UP
090261520680851,UP
090261520702128,UP
090261520723404,UP
090261520744681,UP
090261520765957,UP
090261520787234,UP
090261520808511,UP
090261520829787,UP
090261520851064,UP
09026152087234,UP
090261520893617,DOWN
090261520914894,DOWN
09026152093617,UP
090261520957447,UP
090261520978723,UP
0902615210,UP
0902659300,UP
090265930021277,UP
090265930042553,UP
09026593006383,UP
090265930085106,UP
090265930106383,DOWN
09026593012766,DOWN
090265930148936,DOWN
090265930170213,DOWN
090265930191489,DOWN
090265930212766,DOWN
090265930234043,DOWN
090265930255319,UP
090265930276596,UP
090265930297872,UP
090265930319149,UP
090265930340426,UP
090265930361702,UP
090265930382979,UP
090265930404255,UP
090265930425532,UP
090265930446809,UP
090265930468085,UP
090265930489362,UP
090265930510638,UP
090265930531915,UP
090265930553191,UP
090265930574468,UP
090265930595745,DOWN
090265930617021,DOWN
090265930638298,DOWN
090265930659574,DOWN
090265930680851,DOWN
090265930702128,DOWN
090265930723404,DOWN
090265930744681,UP
090265930765957,UP
090265930787234,UP
090265930808511,UP
090265930829787,DOWN
090265930851064,DOWN
09026593087234,DOWN
090265930893617,DOWN
090265930914894,DOWN
09026593093617,DOWN
090265930957447,DOWN
090265930978723,UP
0902659310,DOWN
0902703400,DOWN
090270340021277,DOWN
090270340042553,UP
09027034006383,DOWN
090270340085106,DOWN
090270340106383,DOWN
09027034012766,DOWN
090270340148936,DOWN
090270340170213,DOWN
090270340191489,DOWN
090270340212766,DOWN
090270340234043,DOWN
090270340255319,DOWN
090270340276596,DOWN
090270340297872,DOWN
090270340319149,UP
090270340340426,UP
090270340361702,UP
090270340382979,UP
090270340404255,UP
090270340425532,UP
090270340446809,UP
090270340468085,UP
090270340489362,DOWN
090270340510638,DOWN
090270340531915,DOWN
090270340553191,DOWN
090270340574468,DOWN
090270340595745,DOWN
090270340617021,DOWN
090270340638298,DOWN
090270340659574,DOWN
090270340680851,DOWN
090270340702128,DOWN
090270340723404,DOWN
090270340744681,UP
090270340765957,UP
090270340787234,UP
090270340808511,UP
090270340829787,UP
090270340851064,DOWN
09027034087234,DOWN
090270340893617,DOWN
090270340914894,DOWN
09027034093617,UP
090270340957447,DOWN
090270340978723,UP
0902703410,UP
0902748500,UP
090274850021277,UP
090274850042553,UP
09027485006383,UP
090274850085106,DOWN
090274850106383,DOWN
09027485012766,DOWN
090274850148936,DOWN
090274850170213,DOWN
090274850191489,DOWN
090274850212766,DOWN
090274850234043,DOWN
090274850255319,DOWN
090274850276596,UP
090274850297872,DOWN
090274850319149,UP
090274850340426,UP
090274850361702,UP
090274850382979,UP
090274850404255,UP
090274850425532,UP
090274850446809,UP
090274850468085,UP
090274850489362,UP
090274850510638,UP
090274850531915,UP
090274850553191,UP
090274850574468,DOWN
090274850595745,DOWN
090274850617021,DOWN
090274850638298,DOWN
090274850659574,DOWN
090274850680851,DOWN
090274850702128,DOWN
090274850723404,UP
090274850744681,UP
090274850765957,UP
090274850787234,UP
090274850808511,UP
090274850829787,UP
090274850851064,UP
09027485087234,DOWN
090274850893617,DOWN
090274850914894,DOWN
09027485093617,UP
090274850957447,DOWN
090274850978723,UP
0902748510,UP
0902792600,UP
090279260021277,UP
090279260042553,UP
09027926006383,DOWN
090279260085106,DOWN
090279260106383,DOWN
09027926012766,DOWN
090279260148936,DOWN
090279260170213,DOWN
090279260191489,DOWN
090279260212766,DOWN
090279260234043,DOWN
090279260255319,DOWN
090279260276596,UP
090279260297872,DOWN
090279260319149,UP
090279260340426,UP
090279260361702,UP
090279260382979,UP
090279260404255,UP
090279260425532,UP
090279260446809,UP
090279260468085,UP
090279260489362,UP
090279260510638,UP
090279260531915,UP
090279260553191,UP
090279260574468,UP
090279260595745,UP
090279260617021,UP
090279260638298,UP
090279260659574,UP
090279260680851,UP
090279260702128,UP
090279260723404,UP
090279260744681,UP
090279260765957,UP
090279260787234,UP
090279260808511,DOWN
090279260829787,DOWN
090279260851064,DOWN
09027926087234,DOWN
090279260893617,DOWN
090279260914894,DOWN
09027926093617,UP
090279260957447,DOWN
090279260978723,UP
0902792610,UP
0902836700,UP
090283670021277,DOWN
090283670042553,UP
09028367006383,UP
090283670085106,DOWN
090283670106383,DOWN
09028367012766,DOWN
090283670148936,DOWN
090283670170213,DOWN
090283670191489,DOWN
090283670212766,DOWN
090283670234043,DOWN
090283670255319,DOWN
090283670276596,DOWN
090283670297872,DOWN
090283670319149,UP
090283670340426,UP
090283670361702,UP
090283670382979,UP
090283670404255,UP
090283670425532,UP
090283670446809,UP
090283670468085,UP
090283670489362,UP
090283670510638,UP
090283670531915,UP
090283670553191,UP
090283670574468,UP
090283670595745,UP
090283670617021,DOWN
090283670638298,UP
090283670659574,DOWN
090283670680851,DOWN
090283670702128,DOWN
090283670723404,DOWN
090283670744681,UP
090283670765957,UP
090283670787234,UP
090283670808511,UP
090283670829787,UP
090283670851064,DOWN
09028367087234,DOWN
090283670893617,DOWN
090283670914894,DOWN
09028367093617,UP
090283670957447,DOWN
090283670978723,UP
0902836710,DOWN
090288100,DOWN
09028810021277,DOWN
09028810042553,DOWN
0902881006383,DOWN
09028810085106,DOWN
09028810106383,DOWN
0902881012766,DOWN
09028810148936,DOWN
09028810170213,DOWN
09028810191489,DOWN
09028810212766,DOWN
09028810234043,DOWN
09028810255319,DOWN
09028810276596,DOWN
09028810297872,DOWN
09028810319149,DOWN
09028810340426,DOWN
09028810361702,DOWN
09028810382979,DOWN
09028810404255,DOWN
09028810425532,DOWN
09028810446809,DOWN
09028810468085,DOWN
09028810489362,UP
09028810510638,UP
09028810531915,UP
09028810553191,UP
09028810574468,UP
09028810595745,UP
09028810617021,UP
09028810638298,UP
09028810659574,UP
09028810680851,UP
09028810702128,UP
09028810723404,UP
09028810744681,UP
09028810765957,UP
09028810787234,UP
09028810808511,UP
09028810829787,UP
09028810851064,UP
0902881087234,UP
09028810893617,DOWN
09028810914894,DOWN
0902881093617,UP
09028810957447,DOWN
09028810978723,UP
090288110,UP
0902925200,DOWN
090292520021277,DOWN
090292520042553,UP
09029252006383,DOWN
090292520085106,DOWN
090292520106383,DOWN
09029252012766,DOWN
090292520148936,DOWN
090292520170213,DOWN
090292520191489,DOWN
090292520212766,DOWN
090292520234043,DOWN
090292520255319,UP
090292520276596,UP
090292520297872,DOWN
090292520319149,UP
090292520340426,UP
090292520361702,UP
090292520382979,UP
090292520404255,UP
090292520425532,UP
090292520446809,UP
090292520468085,UP
090292520489362,UP
090292520510638,UP
090292520531915,UP
090292520553191,UP
090292520574468,UP
090292520595745,UP
090292520617021,UP
090292520638298,UP
090292520659574,UP
090292520680851,UP
090292520702128,UP
090292520723404,UP
090292520744681,UP
090292520765957,UP
090292520787234,UP
090292520808511,UP
090292520829787,UP
090292520851064,UP
09029252087234,DOWN
090292520893617,DOWN
090292520914894,DOWN
09029252093617,DOWN
090292520957447,DOWN
090292520978723,UP
0902925210,UP
0902969300,UP
090296930021277,UP
090296930042553,UP
09029693006383,UP
090296930085106,DOWN
090296930106383,DOWN
09029693012766,DOWN
090296930148936,DOWN
090296930170213,DOWN
090296930191489,DOWN
090296930212766,DOWN
090296930234043,DOWN
090296930255319,DOWN
090296930276596,DOWN
090296930297872,DOWN
090296930319149,UP
090296930340426,UP
090296930361702,UP
090296930382979,UP
090296930404255,UP
090296930425532,UP
090296930446809,UP
090296930468085,UP
090296930489362,UP
090296930510638,UP
090296930531915,UP
090296930553191,UP
090296930574468,UP
090296930595745,UP
090296930617021,UP
090296930638298,UP
090296930659574,UP
090296930680851,UP
090296930702128,UP
090296930723404,UP
090296930744681,UP
090296930765957,UP
090296930787234,UP
090296930808511,UP
090296930829787,UP
090296930851064,UP
09029693087234,UP
090296930893617,UP
090296930914894,UP
09029693093617,UP
090296930957447,UP
090296930978723,UP
0902969310,UP
0903013400,UP
090301340021277,UP
090301340042553,UP
09030134006383,UP
090301340085106,UP
090301340106383,DOWN
09030134012766,DOWN
090301340148936,DOWN
090301340170213,DOWN
090301340191489,DOWN
090301340212766,DOWN
090301340234043,DOWN
090301340255319,DOWN
090301340276596,DOWN
090301340297872,DOWN
090301340319149,DOWN
090301340340426,DOWN
090301340361702,DOWN
090301340382979,DOWN
090301340404255,DOWN
090301340425532,DOWN
090301340446809,DOWN
090301340468085,DOWN
090301340489362,DOWN
090301340510638,DOWN
090301340531915,DOWN
090301340553191,DOWN
090301340574468,DOWN
090301340595745,DOWN
090301340617021,DOWN
090301340638298,DOWN
090301340659574,DOWN
090301340680851,DOWN
090301340702128,DOWN
090301340723404,DOWN
090301340744681,UP
090301340765957,UP
090301340787234,UP
090301340808511,UP
090301340829787,UP
090301340851064,UP
09030134087234,UP
090301340893617,DOWN
090301340914894,DOWN
09030134093617,DOWN
090301340957447,DOWN
090301340978723,UP
0903013410,UP
0903057500,UP
090305750021277,UP
090305750042553,UP
09030575006383,DOWN
090305750085106,DOWN
090305750106383,DOWN
09030575012766,DOWN
090305750148936,DOWN
090305750170213,DOWN
090305750191489,DOWN
090305750212766,DOWN
090305750234043,DOWN
090305750255319,DOWN
090305750276596,UP
090305750297872,DOWN
090305750319149,UP
090305750340426,UP
090305750361702,UP
090305750382979,UP
090305750404255,UP
090305750425532,UP
090305750446809,UP
090305750468085,UP
090305750489362,UP
090305750510638,DOWN
090305750531915,DOWN
090305750553191,DOWN
090305750574468,DOWN
090305750595745,DOWN
090305750617021,DOWN
090305750638298,DOWN
090305750659574,DOWN
090305750680851,DOWN
090305750702128,DOWN
090305750723404,DOWN
090305750744681,DOWN
090305750765957,DOWN
090305750787234,UP
090305750808511,DOWN
090305750829787,DOWN
090305750851064,DOWN
09030575087234,DOWN
090305750893617,DOWN
090305750914894,DOWN
09030575093617,DOWN
090305750957447,UP
090305750978723,UP
0903057510,UP
0903102600,UP
090310260021277,UP
090310260042553,UP
09031026006383,UP
090310260085106,DOWN
090310260106383,DOWN
09031026012766,DOWN
090310260148936,DOWN
090310260170213,DOWN
090310260191489,DOWN
090310260212766,DOWN
090310260234043,DOWN
090310260255319,DOWN
090310260276596,UP
090310260297872,DOWN
090310260319149,UP
090310260340426,DOWN
090310260361702,UP
090310260382979,UP
090310260404255,UP
090310260425532,UP
090310260446809,DOWN
090310260468085,UP
090310260489362,UP
090310260510638,UP
090310260531915,UP
090310260553191,UP
090310260574468,UP
090310260595745,DOWN
090310260617021,DOWN
090310260638298,UP
090310260659574,DOWN
090310260680851,DOWN
090310260702128,DOWN
090310260723404,DOWN
090310260744681,DOWN
090310260765957,DOWN
090310260787234,DOWN
090310260808511,DOWN
090310260829787,DOWN
090310260851064,DOWN
09031026087234,DOWN
090310260893617,DOWN
090310260914894,DOWN
09031026093617,DOWN
090310260957447,DOWN
090310260978723,UP
0903102610,UP
0903146700,UP
090314670021277,UP
090314670042553,UP
09031467006383,UP
090314670085106,DOWN
090314670106383,DOWN
09031467012766,DOWN
090314670148936,DOWN
090314670170213,DOWN
090314670191489,DOWN
090314670212766,DOWN
090314670234043,DOWN
090314670255319,DOWN
090314670276596,DOWN
090314670297872,UP
090314670319149,UP
090314670340426,UP
090314670361702,UP
090314670382979,UP
090314670404255,UP
090314670425532,UP
090314670446809,UP
090314670468085,UP
090314670489362,UP
090314670510638,UP
090314670531915,UP
090314670553191,UP
090314670574468,UP
090314670595745,UP
090314670617021,UP
090314670638298,DOWN
090314670659574,DOWN
090314670680851,UP
090314670702128,DOWN
090314670723404,DOWN
090314670744681,DOWN
090314670765957,UP
090314670787234,UP
090314670808511,UP
090314670829787,UP
090314670851064,UP
09031467087234,DOWN
090314670893617,DOWN
090314670914894,DOWN
09031467093617,UP
090314670957447,UP
090314670978723,UP
0903146710,UP
090319100,UP
09031910021277,UP
09031910042553,UP
0903191006383,UP
09031910085106,DOWN
09031910106383,DOWN
0903191012766,DOWN
09031910148936,DOWN
09031910170213,DOWN
09031910191489,DOWN
09031910212766,DOWN
09031910234043,DOWN
09031910255319,DOWN
09031910276596,DOWN
09031910297872,DOWN
09031910319149,UP
09031910340426,DOWN
09031910361702,DOWN
09031910382979,UP
09031910404255,UP
09031910425532,UP
09031910446809,UP
09031910468085,UP
09031910489362,UP
09031910510638,UP
09031910531915,UP
09031910553191,DOWN
09031910574468,DOWN
09031910595745,DOWN
09031910617021,DOWN
09031910638298,DOWN
09031910659574,DOWN
09031910680851,DOWN
09031910702128,UP
09031910723404,UP
09031910744681,UP
09031910765957,UP
09031910787234,UP
09031910808511,UP
09031910829787,UP
09031910851064,UP
0903191087234,UP
09031910893617,DOWN
09031910914894,DOWN
0903191093617,UP
09031910957447,UP
09031910978723,UP
090319110,DOWN
0903234200,UP
090323420021277,DOWN
090323420042553,DOWN
09032342006383,DOWN
090323420085106,DOWN
090323420106383,DOWN
09032342012766,DOWN
090323420148936,DOWN
090323420170213,DOWN
090323420191489,DOWN
090323420212766,DOWN
090323420234043,DOWN
090323420255319,DOWN
090323420276596,UP
090323420297872,DOWN
090323420319149,UP
090323420340426,UP
090323420361702,UP
090323420382979,UP
090323420404255,UP
090323420425532,UP
090323420446809,UP
090323420468085,UP
090323420489362,UP
090323420510638,UP
090323420531915,UP
090323420553191,UP
090323420574468,UP
090323420595745,UP
090323420617021,UP
090323420638298,UP
090323420659574,UP
090323420680851,UP
090323420702128,UP
090323420723404,UP
090323420744681,UP
090323420765957,UP
090323420787234,UP
090323420808511,DOWN
090323420829787,DOWN
090323420851064,DOWN
09032342087234,DOWN
090323420893617,DOWN
090323420914894,DOWN
09032342093617,DOWN
090323420957447,DOWN
090323420978723,UP
0903234210,UP
0903279300,UP
090327930021277,UP
090327930042553,UP
09032793006383,DOWN
090327930085106,DOWN
090327930106383,DOWN
09032793012766,DOWN
090327930148936,DOWN
090327930170213,DOWN
090327930191489,DOWN
090327930212766,DOWN
090327930234043,DOWN
090327930255319,DOWN
090327930276596,DOWN
090327930297872,DOWN
090327930319149,UP
090327930340426,UP
090327930361702,UP
090327930382979,UP
090327930404255,UP
090327930425532,UP
090327930446809,UP
090327930468085,UP
090327930489362,UP
090327930510638,UP
090327930531915,UP
090327930553191,UP
090327930574468,UP
090327930595745,UP
090327930617021,UP
090327930638298,UP
090327930659574,UP
090327930680851,UP
090327930702128,UP
090327930723404,UP
090327930744681,UP
090327930765957,UP
090327930787234,UP
090327930808511,DOWN
090327930829787,DOWN
090327930851064,DOWN
09032793087234,DOWN
090327930893617,DOWN
090327930914894,DOWN
09032793093617,UP
090327930957447,DOWN
090327930978723,UP
0903279310,DOWN
0903323400,UP
090332340021277,DOWN
090332340042553,DOWN
09033234006383,DOWN
090332340085106,DOWN
090332340106383,DOWN
09033234012766,DOWN
090332340148936,DOWN
090332340170213,DOWN
090332340191489,DOWN
090332340212766,DOWN
090332340234043,DOWN
090332340255319,DOWN
090332340276596,DOWN
090332340297872,DOWN
090332340319149,DOWN
090332340340426,DOWN
090332340361702,DOWN
090332340382979,DOWN
090332340404255,UP
090332340425532,UP
090332340446809,UP
090332340468085,UP
090332340489362,UP
090332340510638,UP
090332340531915,UP
090332340553191,UP
090332340574468,UP
090332340595745,UP
090332340617021,DOWN
090332340638298,DOWN
090332340659574,UP
090332340680851,UP
090332340702128,UP
090332340723404,DOWN
090332340744681,UP
090332340765957,UP
090332340787234,UP
090332340808511,DOWN
090332340829787,DOWN
090332340851064,DOWN
09033234087234,DOWN
090332340893617,DOWN
090332340914894,DOWN
09033234093617,UP
090332340957447,UP
090332340978723,UP
0903323410,UP
0903367500,UP
090336750021277,UP
090336750042553,UP
09033675006383,DOWN
090336750085106,DOWN
090336750106383,DOWN
09033675012766,DOWN
090336750148936,DOWN
090336750170213,DOWN
090336750191489,DOWN
090336750212766,DOWN
090336750234043,DOWN
090336750255319,DOWN
090336750276596,DOWN
090336750297872,DOWN
090336750319149,UP
090336750340426,UP
090336750361702,UP
090336750382979,UP
090336750404255,UP
090336750425532,UP
090336750446809,UP
090336750468085,UP
090336750489362,UP
090336750510638,UP
090336750531915,UP
090336750553191,UP
090336750574468,UP
090336750595745,DOWN
090336750617021,DOWN
090336750638298,DOWN
090336750659574,DOWN
090336750680851,DOWN
090336750702128,DOWN
090336750723404,UP
090336750744681,UP
090336750765957,UP
090336750787234,UP
090336750808511,DOWN
090336750829787,DOWN
090336750851064,DOWN
09033675087234,DOWN
090336750893617,DOWN
090336750914894,DOWN
09033675093617,DOWN
090336750957447,DOWN
090336750978723,UP
0903367510,UP
0903411600,UP
090341160021277,UP
090341160042553,UP
09034116006383,DOWN
090341160085106,DOWN
090341160106383,DOWN
09034116012766,DOWN
090341160148936,DOWN
090341160170213,DOWN
090341160191489,DOWN
090341160212766,DOWN
090341160234043,DOWN
090341160255319,UP
090341160276596,DOWN
090341160297872,DOWN
090341160319149,UP
090341160340426,UP
090341160361702,UP
090341160382979,UP
090341160404255,UP
090341160425532,UP
090341160446809,UP
090341160468085,UP
090341160489362,UP
090341160510638,DOWN
090341160531915,UP
090341160553191,UP
090341160574468,UP
090341160595745,DOWN
090341160617021,DOWN
090341160638298,DOWN
090341160659574,DOWN
090341160680851,DOWN
090341160702128,DOWN
090341160723404,DOWN
090341160744681,DOWN
090341160765957,UP
090341160787234,UP
090341160808511,UP
090341160829787,DOWN
090341160851064,DOWN
09034116087234,DOWN
090341160893617,DOWN
090341160914894,DOWN
09034116093617,DOWN
090341160957447,UP
090341160978723,UP
0903411610,UP
0903456700,UP
090345670021277,UP
090345670042553,UP
09034567006383,DOWN
090345670085106,DOWN
090345670106383,DOWN
09034567012766,DOWN
090345670148936,DOWN
090345670170213,DOWN
090345670191489,DOWN
090345670212766,DOWN
090345670234043,DOWN
090345670255319,DOWN
090345670276596,DOWN
090345670297872,DOWN
090345670319149,UP
090345670340426,UP
090345670361702,UP
090345670382979,UP
090345670404255,UP
090345670425532,UP
090345670446809,UP
090345670468085,UP
090345670489362,DOWN
090345670510638,DOWN
090345670531915,DOWN
090345670553191,DOWN
090345670574468,DOWN
090345670595745,DOWN
090345670617021,UP
090345670638298,DOWN
090345670659574,DOWN
090345670680851,DOWN
090345670702128,DOWN
090345670723404,DOWN
090345670744681,DOWN
090345670765957,UP
090345670787234,UP
090345670808511,DOWN
090345670829787,DOWN
090345670851064,DOWN
09034567087234,DOWN
090345670893617,DOWN
090345670914894,DOWN
09034567093617,DOWN
090345670957447,DOWN
090345670978723,DOWN
0903456710,DOWN
09035100,UP
0903510021277,DOWN
0903510042553,DOWN
090351006383,DOWN
0903510085106,DOWN
0903510106383,DOWN
090351012766,DOWN
0903510148936,DOWN
0903510170213,DOWN
0903510191489,DOWN
0903510212766,DOWN
0903510234043,DOWN
0903510255319,DOWN
0903510276596,DOWN
0903510297872,DOWN
0903510319149,DOWN
0903510340426,DOWN
0903510361702,UP
0903510382979,UP
0903510404255,UP
0903510425532,UP
0903510446809,UP
0903510468085,UP
0903510489362,UP
0903510510638,UP
0903510531915,DOWN
0903510553191,DOWN
0903510574468,DOWN
0903510595745,DOWN
0903510617021,DOWN
0903510638298,DOWN
0903510659574,DOWN
0903510680851,DOWN
0903510702128,DOWN
0903510723404,DOWN
0903510744681,UP
0903510765957,UP
0903510787234,UP
0903510808511,UP
0903510829787,UP
0903510851064,UP
090351087234,UP
0903510893617,DOWN
0903510914894,DOWN
090351093617,DOWN
0903510957447,DOWN
0903510978723,UP
09035110,UP
0903544200,UP
090354420021277,UP
090354420042553,UP
09035442006383,UP
090354420085106,UP
090354420106383,UP
09035442012766,UP
090354420148936,UP
090354420170213,UP
090354420191489,UP
090354420212766,UP
090354420234043,DOWN
090354420255319,UP
090354420276596,DOWN
090354420297872,DOWN
090354420319149,DOWN
090354420340426,DOWN
090354420361702,UP
090354420382979,UP
090354420404255,UP
090354420425532,UP
090354420446809,UP
090354420468085,UP
090354420489362,UP
090354420510638,UP
090354420531915,UP
090354420553191,UP
090354420574468,UP
090354420595745,UP
090354420617021,UP
090354420638298,UP
090354420659574,UP
090354420680851,UP
090354420702128,UP
090354420723404,UP
090354420744681,DOWN
090354420765957,UP
090354420787234,UP
090354420808511,DOWN
090354420829787,DOWN
090354420851064,DOWN
09035442087234,DOWN
090354420893617,DOWN
090354420914894,DOWN
09035442093617,DOWN
090354420957447,DOWN
090354420978723,UP
0903544210,UP
0903588300,UP
090358830021277,UP
090358830042553,UP
09035883006383,DOWN
090358830085106,DOWN
090358830106383,DOWN
09035883012766,DOWN
090358830148936,DOWN
090358830170213,DOWN
090358830191489,DOWN
090358830212766,DOWN
090358830234043,DOWN
090358830255319,UP
090358830276596,UP
090358830297872,DOWN
090358830319149,DOWN
090358830340426,DOWN
090358830361702,UP
090358830382979,UP
090358830404255,UP
090358830425532,UP
090358830446809,UP
090358830468085,UP
090358830489362,UP
090358830510638,UP
090358830531915,UP
090358830553191,UP
090358830574468,UP
090358830595745,UP
090358830617021,UP
090358830638298,UP
090358830659574,UP
090358830680851,UP
090358830702128,UP
090358830723404,UP
090358830744681,UP
090358830765957,DOWN
090358830787234,UP
090358830808511,DOWN
090358830829787,DOWN
090358830851064,DOWN
09035883087234,DOWN
090358830893617,DOWN
090358830914894,DOWN
09035883093617,DOWN
090358830957447,DOWN
090358830978723,UP
0903588310,DOWN
0903633400,DOWN
090363340021277,DOWN
090363340042553,DOWN
09036334006383,DOWN
090363340085106,DOWN
090363340106383,DOWN
09036334012766,DOWN
090363340148936,DOWN
090363340170213,DOWN
090363340191489,DOWN
090363340212766,DOWN
090363340234043,DOWN
090363340255319,DOWN
090363340276596,DOWN
090363340297872,DOWN
090363340319149,DOWN
090363340340426,DOWN
090363340361702,DOWN
090363340382979,UP
090363340404255,UP
090363340425532,UP
090363340446809,UP
090363340468085,UP
090363340489362,UP
090363340510638,UP
090363340531915,UP
090363340553191,UP
090363340574468,UP
090363340595745,UP
090363340617021,UP
090363340638298,UP
090363340659574,UP
090363340680851,UP
090363340702128,UP
090363340723404,DOWN
090363340744681,DOWN
090363340765957,DOWN
090363340787234,UP
090363340808511,DOWN
090363340829787,DOWN
090363340851064,DOWN
09036334087234,DOWN
090363340893617,DOWN
090363340914894,DOWN
09036334093617,DOWN
090363340957447,DOWN
090363340978723,UP
0903633410,DOWN
0906774500,DOWN
090677450021277,DOWN
090677450042553,DOWN
09067745006383,DOWN
090677450085106,DOWN
090677450106383,DOWN
09067745012766,DOWN
090677450148936,DOWN
090677450170213,DOWN
090677450191489,DOWN
090677450212766,DOWN
090677450234043,DOWN
090677450255319,DOWN
090677450276596,DOWN
090677450297872,DOWN
090677450319149,UP
090677450340426,UP
090677450361702,UP
090677450382979,UP
090677450404255,UP
090677450425532,UP
090677450446809,UP
090677450468085,UP
090677450489362,UP
090677450510638,UP
090677450531915,UP
090677450553191,UP
090677450574468,UP
090677450595745,UP
090677450617021,UP
090677450638298,UP
090677450659574,UP
090677450680851,UP
090677450702128,UP
090677450723404,UP
090677450744681,UP
090677450765957,UP
090677450787234,UP
090677450808511,DOWN
090677450829787,DOWN
090677450851064,DOWN
09067745087234,DOWN
090677450893617,DOWN
090677450914894,DOWN
09067745093617,DOWN
090677450957447,DOWN
090677450978723,DOWN
0906774510,DOWN
0906818600,DOWN
090681860021277,DOWN
090681860042553,DOWN
09068186006383,DOWN
090681860085106,DOWN
090681860106383,DOWN
09068186012766,DOWN
090681860148936,DOWN
090681860170213,DOWN
090681860191489,DOWN
090681860212766,DOWN
090681860234043,DOWN
090681860255319,DOWN
090681860276596,DOWN
090681860297872,DOWN
090681860319149,DOWN
090681860340426,DOWN
090681860361702,DOWN
090681860382979,UP
090681860404255,UP
090681860425532,UP
090681860446809,UP
090681860468085,UP
090681860489362,UP
090681860510638,UP
090681860531915,UP
090681860553191,UP
090681860574468,UP
090681860595745,UP
090681860617021,UP
090681860638298,UP
090681860659574,DOWN
090681860680851,UP
090681860702128,DOWN
090681860723404,DOWN
090681860744681,DOWN
090681860765957,DOWN
090681860787234,DOWN
090681860808511,DOWN
090681860829787,DOWN
090681860851064,DOWN
09068186087234,DOWN
090681860893617,DOWN
090681860914894,DOWN
09068186093617,DOWN
090681860957447,DOWN
090681860978723,DOWN
0906818610,DOWN
0906863700,DOWN
090686370021277,DOWN
090686370042553,DOWN
09068637006383,DOWN
090686370085106,DOWN
090686370106383,DOWN
09068637012766,DOWN
090686370148936,DOWN
090686370170213,DOWN
090686370191489,DOWN
090686370212766,DOWN
090686370234043,DOWN
090686370255319,DOWN
090686370276596,DOWN
090686370297872,DOWN
090686370319149,DOWN
090686370340426,DOWN
090686370361702,DOWN
090686370382979,DOWN
090686370404255,DOWN
090686370425532,DOWN
090686370446809,DOWN
090686370468085,DOWN
090686370489362,DOWN
090686370510638,DOWN
090686370531915,DOWN
090686370553191,DOWN
090686370574468,DOWN
090686370595745,DOWN
090686370617021,DOWN
090686370638298,DOWN
090686370659574,DOWN
090686370680851,DOWN
090686370702128,DOWN
090686370723404,DOWN
090686370744681,DOWN
090686370765957,UP
090686370787234,UP
090686370808511,UP
090686370829787,UP
090686370851064,UP
09068637087234,DOWN
090686370893617,DOWN
090686370914894,DOWN
09068637093617,UP
090686370957447,DOWN
090686370978723,UP
0906863710,UP
0906907100,DOWN
090690710021277,DOWN
090690710042553,DOWN
09069071006383,DOWN
090690710085106,DOWN
090690710106383,DOWN
09069071012766,DOWN
090690710148936,DOWN
090690710170213,DOWN
090690710191489,DOWN
090690710212766,DOWN
090690710234043,DOWN
090690710255319,DOWN
090690710276596,DOWN
090690710297872,DOWN
090690710319149,DOWN
090690710340426,DOWN
090690710361702,DOWN
090690710382979,DOWN
090690710404255,DOWN
090690710425532,DOWN
090690710446809,DOWN
090690710468085,DOWN
090690710489362,DOWN
090690710510638,DOWN
090690710531915,DOWN
090690710553191,DOWN
090690710574468,DOWN
090690710595745,DOWN
090690710617021,DOWN
090690710638298,DOWN
090690710659574,DOWN
090690710680851,DOWN
090690710702128,DOWN
090690710723404,DOWN
090690710744681,DOWN
090690710765957,UP
090690710787234,UP
090690710808511,UP
090690710829787,UP
090690710851064,UP
09069071087234,UP
090690710893617,DOWN
090690710914894,DOWN
09069071093617,UP
090690710957447,DOWN
090690710978723,UP
0906907110,UP
0906951200,DOWN
090695120021277,DOWN
090695120042553,DOWN
09069512006383,DOWN
090695120085106,DOWN
090695120106383,DOWN
09069512012766,DOWN
090695120148936,DOWN
090695120170213,DOWN
090695120191489,DOWN
090695120212766,DOWN
090695120234043,DOWN
090695120255319,UP
090695120276596,UP
090695120297872,UP
090695120319149,UP
090695120340426,UP
090695120361702,UP
090695120382979,UP
090695120404255,UP
090695120425532,UP
090695120446809,UP
090695120468085,UP
090695120489362,UP
090695120510638,UP
090695120531915,UP
090695120553191,UP
090695120574468,UP
090695120595745,UP
090695120617021,UP
090695120638298,UP
090695120659574,UP
090695120680851,UP
090695120702128,UP
090695120723404,UP
090695120744681,UP
090695120765957,UP
090695120787234,UP
090695120808511,UP
090695120829787,UP
090695120851064,UP
09069512087234,DOWN
090695120893617,DOWN
090695120914894,DOWN
09069512093617,DOWN
090695120957447,DOWN
090695120978723,UP
0906951210,UP
0906995300,DOWN
090699530021277,DOWN
090699530042553,UP
09069953006383,DOWN
090699530085106,DOWN
090699530106383,DOWN
09069953012766,DOWN
090699530148936,DOWN
090699530170213,DOWN
090699530191489,DOWN
090699530212766,DOWN
090699530234043,DOWN
090699530255319,UP
090699530276596,UP
090699530297872,UP
090699530319149,UP
090699530340426,UP
090699530361702,UP
090699530382979,UP
090699530404255,UP
090699530425532,UP
090699530446809,UP
090699530468085,UP
090699530489362,UP
090699530510638,UP
090699530531915,UP
090699530553191,UP
090699530574468,UP
090699530595745,UP
090699530617021,DOWN
090699530638298,DOWN
090699530659574,DOWN
090699530680851,DOWN
090699530702128,UP
090699530723404,DOWN
090699530744681,DOWN
090699530765957,DOWN
090699530787234,UP
090699530808511,UP
090699530829787,UP
090699530851064,DOWN
09069953087234,DOWN
090699530893617,DOWN
090699530914894,DOWN
09069953093617,UP
090699530957447,DOWN
090699530978723,UP
0906995310,UP
090704400,DOWN
09070440021277,DOWN
09070440042553,DOWN
0907044006383,DOWN
09070440085106,DOWN
09070440106383,DOWN
0907044012766,DOWN
09070440148936,DOWN
09070440170213,DOWN
09070440191489,DOWN
09070440212766,DOWN
09070440234043,DOWN
09070440255319,DOWN
09070440276596,UP
09070440297872,DOWN
09070440319149,DOWN
09070440340426,UP
09070440361702,UP
09070440382979,UP
09070440404255,UP
09070440425532,UP
09070440446809,DOWN
09070440468085,UP
09070440489362,UP
09070440510638,DOWN
09070440531915,DOWN
09070440553191,UP
09070440574468,UP
09070440595745,UP
09070440617021,UP
09070440638298,UP
09070440659574,UP
09070440680851,DOWN
09070440702128,UP
09070440723404,UP
09070440744681,UP
09070440765957,UP
09070440787234,UP
09070440808511,UP
09070440829787,UP
09070440851064,UP
0907044087234,UP
09070440893617,UP
09070440914894,UP
0907044093617,UP
09070440957447,UP
09070440978723,UP
090704410,UP
0907084500,UP
090708450021277,UP
090708450042553,UP
09070845006383,DOWN
090708450085106,DOWN
090708450106383,DOWN
09070845012766,DOWN
090708450148936,DOWN
090708450170213,DOWN
090708450191489,DOWN
090708450212766,DOWN
090708450234043,DOWN
090708450255319,DOWN
090708450276596,UP
090708450297872,DOWN
090708450319149,DOWN
090708450340426,UP
090708450361702,UP
090708450382979,UP
090708450404255,UP
090708450425532,UP
090708450446809,DOWN
090708450468085,DOWN
090708450489362,UP
090708450510638,DOWN
090708450531915,UP
090708450553191,UP
090708450574468,UP
090708450595745,UP
090708450617021,UP
090708450638298,UP
090708450659574,DOWN
090708450680851,DOWN
090708450702128,UP
090708450723404,UP
090708450744681,UP
090708450765957,UP
090708450787234,UP
090708450808511,UP
090708450829787,UP
090708450851064,UP
09070845087234,UP
090708450893617,DOWN
090708450914894,DOWN
09070845093617,DOWN
090708450957447,DOWN
090708450978723,UP
0907084510,UP
0907128600,UP
090712860021277,DOWN
090712860042553,UP
09071286006383,DOWN
090712860085106,DOWN
090712860106383,DOWN
09071286012766,DOWN
090712860148936,DOWN
090712860170213,DOWN
090712860191489,DOWN
090712860212766,DOWN
090712860234043,DOWN
090712860255319,DOWN
090712860276596,DOWN
090712860297872,UP
090712860319149,UP
090712860340426,UP
090712860361702,UP
090712860382979,UP
090712860404255,UP
090712860425532,UP
090712860446809,UP
090712860468085,UP
090712860489362,UP
090712860510638,UP
090712860531915,UP
090712860553191,UP
090712860574468,UP
090712860595745,UP
090712860617021,UP
090712860638298,UP
090712860659574,UP
090712860680851,DOWN
090712860702128,UP
090712860723404,UP
090712860744681,UP
090712860765957,UP
090712860787234,UP
090712860808511,UP
090712860829787,UP
090712860851064,UP
09071286087234,UP
090712860893617,DOWN
090712860914894,DOWN
09071286093617,DOWN
090712860957447,DOWN
090712860978723,DOWN
0907128610,DOWN
0907172700,DOWN
090717270021277,DOWN
090717270042553,DOWN
09071727006383,DOWN
090717270085106,DOWN
090717270106383,DOWN
09071727012766,DOWN
090717270148936,DOWN
090717270170213,DOWN
090717270191489,DOWN
090717270212766,DOWN
090717270234043,DOWN
090717270255319,DOWN
090717270276596,DOWN
090717270297872,DOWN
090717270319149,DOWN
090717270340426,UP
090717270361702,UP
090717270382979,UP
090717270404255,UP
090717270425532,UP
090717270446809,UP
090717270468085,UP
090717270489362,UP
090717270510638,UP
090717270531915,UP
090717270553191,UP
090717270574468,UP
090717270595745,DOWN
090717270617021,DOWN
090717270638298,DOWN
090717270659574,DOWN
090717270680851,DOWN
090717270702128,DOWN
090717270723404,DOWN
090717270744681,DOWN
090717270765957,UP
090717270787234,UP
090717270808511,UP
090717270829787,UP
090717270851064,UP
09071727087234,UP
090717270893617,UP
090717270914894,UP
09071727093617,UP
090717270957447,UP
090717270978723,UP
0907172710,UP
0907216100,UP
090721610021277,UP
090721610042553,UP
09072161006383,DOWN
090721610085106,DOWN
090721610106383,DOWN
09072161012766,DOWN
090721610148936,DOWN
090721610170213,DOWN
090721610191489,DOWN
090721610212766,DOWN
090721610234043,DOWN
090721610255319,DOWN
090721610276596,DOWN
090721610297872,DOWN
090721610319149,DOWN
090721610340426,UP
090721610361702,UP
090721610382979,UP
090721610404255,UP
090721610425532,DOWN
090721610446809,DOWN
090721610468085,DOWN
090721610489362,DOWN
090721610510638,DOWN
090721610531915,DOWN
090721610553191,DOWN
090721610574468,DOWN
090721610595745,DOWN
090721610617021,DOWN
090721610638298,DOWN
090721610659574,DOWN
090721610680851,DOWN
090721610702128,DOWN
090721610723404,DOWN
090721610744681,DOWN
090721610765957,UP
090721610787234,UP
090721610808511,UP
090721610829787,UP
090721610851064,UP
09072161087234,UP
090721610893617,UP
090721610914894,UP
09072161093617,UP
090721610957447,UP
090721610978723,UP
0907216110,UP
0907261200,UP
090726120021277,UP
090726120042553,UP
09072612006383,UP
090726120085106,DOWN
090726120106383,DOWN
09072612012766,DOWN
090726120148936,DOWN
090726120170213,DOWN
090726120191489,DOWN
090726120212766,DOWN
090726120234043,DOWN
090726120255319,UP
090726120276596,UP
090726120297872,UP
090726120319149,UP
090726120340426,UP
090726120361702,UP
090726120382979,UP
090726120404255,UP
090726120425532,UP
090726120446809,UP
090726120468085,UP
090726120489362,UP
090726120510638,UP
090726120531915,UP
090726120553191,UP
090726120574468,UP
090726120595745,UP
090726120617021,UP
090726120638298,UP
090726120659574,UP
090726120680851,UP
090726120702128,UP
090726120723404,UP
090726120744681,UP
090726120765957,UP
090726120787234,UP
090726120808511,UP
090726120829787,UP
090726120851064,UP
09072612087234,DOWN
090726120893617,DOWN
090726120914894,DOWN
09072612093617,DOWN
090726120957447,DOWN
090726120978723,DOWN
0907261210,DOWN
0907305300,DOWN
090730530021277,DOWN
090730530042553,DOWN
09073053006383,DOWN
090730530085106,DOWN
090730530106383,DOWN
09073053012766,DOWN
090730530148936,DOWN
090730530170213,DOWN
090730530191489,DOWN
090730530212766,DOWN
090730530234043,DOWN
090730530255319,DOWN
090730530276596,DOWN
090730530297872,DOWN
090730530319149,DOWN
090730530340426,DOWN
090730530361702,DOWN
090730530382979,DOWN
090730530404255,UP
090730530425532,UP
090730530446809,DOWN
090730530468085,DOWN
090730530489362,DOWN
090730530510638,UP
090730530531915,UP
090730530553191,UP
090730530574468,UP
090730530595745,UP
090730530617021,UP
090730530638298,DOWN
090730530659574,DOWN
090730530680851,DOWN
090730530702128,DOWN
090730530723404,DOWN
090730530744681,DOWN
090730530765957,UP
090730530787234,UP
090730530808511,UP
090730530829787,DOWN
090730530851064,DOWN
09073053087234,DOWN
090730530893617,DOWN
090730530914894,DOWN
09073053093617,DOWN
090730530957447,DOWN
090730530978723,DOWN
0907305310,DOWN
0907349400,DOWN
090734940021277,DOWN
090734940042553,DOWN
09073494006383,DOWN
090734940085106,DOWN
090734940106383,DOWN
09073494012766,DOWN
090734940148936,DOWN
090734940170213,DOWN
090734940191489,DOWN
090734940212766,DOWN
090734940234043,DOWN
090734940255319,DOWN
090734940276596,DOWN
090734940297872,DOWN
090734940319149,DOWN
090734940340426,DOWN
090734940361702,DOWN
090734940382979,DOWN
090734940404255,DOWN
090734940425532,DOWN
090734940446809,DOWN
090734940468085,DOWN
090734940489362,DOWN
090734940510638,DOWN
090734940531915,DOWN
090734940553191,DOWN
090734940574468,DOWN
090734940595745,DOWN
090734940617021,DOWN
090734940638298,DOWN
090734940659574,DOWN
090734940680851,DOWN
090734940702128,DOWN
090734940723404,DOWN
090734940744681,DOWN
090734940765957,DOWN
090734940787234,DOWN
090734940808511,DOWN
090734940829787,UP
090734940851064,UP
09073494087234,UP
090734940893617,DOWN
090734940914894,DOWN
09073494093617,DOWN
090734940957447,DOWN
090734940978723,UP
0907349410,UP
0907393500,UP
090739350021277,UP
090739350042553,UP
09073935006383,UP
090739350085106,DOWN
090739350106383,DOWN
09073935012766,DOWN
090739350148936,DOWN
090739350170213,DOWN
090739350191489,DOWN
090739350212766,DOWN
090739350234043,DOWN
090739350255319,UP
090739350276596,UP
090739350297872,UP
090739350319149,UP
090739350340426,UP
090739350361702,UP
090739350382979,UP
090739350404255,UP
090739350425532,UP
090739350446809,UP
090739350468085,UP
090739350489362,UP
090739350510638,UP
090739350531915,UP
090739350553191,UP
090739350574468,UP
090739350595745,DOWN
090739350617021,UP
090739350638298,UP
090739350659574,UP
090739350680851,UP
090739350702128,UP
090739350723404,UP
090739350744681,UP
090739350765957,UP
090739350787234,UP
090739350808511,UP
090739350829787,UP
090739350851064,UP
09073935087234,UP
090739350893617,UP
090739350914894,DOWN
09073935093617,DOWN
090739350957447,DOWN
090739350978723,UP
0907393510,UP
0907438600,UP
090743860021277,UP
090743860042553,UP
09074386006383,DOWN
090743860085106,DOWN
090743860106383,DOWN
09074386012766,DOWN
090743860148936,DOWN
090743860170213,DOWN
090743860191489,DOWN
090743860212766,DOWN
090743860234043,DOWN
090743860255319,UP
090743860276596,UP
090743860297872,UP
090743860319149,UP
090743860340426,UP
090743860361702,UP
090743860382979,UP
090743860404255,UP
090743860425532,UP
090743860446809,UP
090743860468085,UP
090743860489362,UP
090743860510638,UP
090743860531915,UP
090743860553191,UP
090743860574468,UP
090743860595745,UP
090743860617021,UP
090743860638298,UP
090743860659574,UP
090743860680851,UP
090743860702128,UP
090743860723404,UP
090743860744681,UP
090743860765957,UP
090743860787234,UP
090743860808511,UP
090743860829787,UP
090743860851064,UP
09074386087234,UP
090743860893617,DOWN
090743860914894,DOWN
09074386093617,DOWN
090743860957447,DOWN
090743860978723,UP
0907438610,UP
0907482700,UP
090748270021277,UP
090748270042553,UP
09074827006383,DOWN
090748270085106,DOWN
090748270106383,DOWN
09074827012766,DOWN
090748270148936,DOWN
090748270170213,DOWN
090748270191489,DOWN
090748270212766,DOWN
090748270234043,DOWN
090748270255319,DOWN
090748270276596,DOWN
090748270297872,DOWN
090748270319149,UP
090748270340426,UP
090748270361702,UP
090748270382979,UP
090748270404255,UP
090748270425532,UP
090748270446809,UP
090748270468085,UP
090748270489362,UP
090748270510638,UP
090748270531915,UP
090748270553191,UP
090748270574468,DOWN
090748270595745,DOWN
090748270617021,DOWN
090748270638298,DOWN
090748270659574,DOWN
090748270680851,DOWN
090748270702128,UP
090748270723404,UP
090748270744681,UP
090748270765957,DOWN
090748270787234,UP
090748270808511,DOWN
090748270829787,DOWN
090748270851064,DOWN
09074827087234,UP
090748270893617,DOWN
090748270914894,DOWN
09074827093617,DOWN
090748270957447,DOWN
090748270978723,UP
0907482710,DOWN
0907526100,DOWN
090752610021277,DOWN
090752610042553,DOWN
09075261006383,DOWN
090752610085106,DOWN
090752610106383,DOWN
09075261012766,DOWN
090752610148936,DOWN
090752610170213,DOWN
090752610191489,DOWN
090752610212766,DOWN
090752610234043,DOWN
090752610255319,DOWN
090752610276596,DOWN
090752610297872,DOWN
090752610319149,DOWN
090752610340426,DOWN
090752610361702,DOWN
090752610382979,DOWN
090752610404255,DOWN
090752610425532,DOWN
090752610446809,DOWN
090752610468085,DOWN
090752610489362,DOWN
090752610510638,DOWN
090752610531915,DOWN
090752610553191,UP
090752610574468,UP
090752610595745,UP
090752610617021,UP
090752610638298,DOWN
090752610659574,DOWN
090752610680851,DOWN
090752610702128,DOWN
090752610723404,DOWN
090752610744681,DOWN
090752610765957,UP
090752610787234,UP
090752610808511,UP
090752610829787,UP
090752610851064,UP
09075261087234,DOWN
090752610893617,DOWN
090752610914894,DOWN
09075261093617,DOWN
090752610957447,DOWN
090752610978723,UP
0907526110,DOWN
090757200,UP
09075720021277,DOWN
09075720042553,DOWN
0907572006383,DOWN
09075720085106,DOWN
09075720106383,DOWN
0907572012766,DOWN
09075720148936,DOWN
09075720170213,DOWN
09075720191489,DOWN
09075720212766,DOWN
09075720234043,DOWN
09075720255319,UP
09075720276596,UP
09075720297872,DOWN
09075720319149,UP
09075720340426,UP
09075720361702,UP
09075720382979,UP
09075720404255,UP
09075720425532,UP
09075720446809,UP
09075720468085,UP
09075720489362,UP
09075720510638,UP
09075720531915,UP
09075720553191,UP
09075720574468,UP
09075720595745,UP
09075720617021,UP
09075720638298,UP
09075720659574,UP
09075720680851,UP
09075720702128,UP
09075720723404,UP
09075720744681,UP
09075720765957,UP
09075720787234,UP
09075720808511,UP
09075720829787,UP
09075720851064,DOWN
0907572087234,DOWN
09075720893617,DOWN
09075720914894,DOWN
0907572093617,UP
09075720957447,DOWN
09075720978723,UP
090757210,UP
0907615300,UP
090761530021277,UP
090761530042553,UP
09076153006383,DOWN
090761530085106,DOWN
090761530106383,DOWN
09076153012766,DOWN
090761530148936,DOWN
090761530170213,DOWN
090761530191489,DOWN
090761530212766,DOWN
090761530234043,DOWN
090761530255319,DOWN
090761530276596,DOWN
090761530297872,DOWN
090761530319149,UP
090761530340426,UP
090761530361702,UP
090761530382979,UP
090761530404255,UP
090761530425532,UP
090761530446809,UP
090761530468085,UP
090761530489362,UP
090761530510638,UP
090761530531915,DOWN
090761530553191,UP
090761530574468,UP
090761530595745,UP
090761530617021,DOWN
090761530638298,DOWN
090761530659574,DOWN
090761530680851,DOWN
090761530702128,UP
090761530723404,UP
090761530744681,UP
090761530765957,UP
090761530787234,UP
090761530808511,UP
090761530829787,UP
090761530851064,DOWN
09076153087234,DOWN
090761530893617,DOWN
090761530914894,DOWN
09076153093617,UP
090761530957447,DOWN
090761530978723,UP
0907615310,DOWN
0907659400,UP
090765940021277,DOWN
090765940042553,UP
09076594006383,DOWN
090765940085106,DOWN
090765940106383,DOWN
09076594012766,DOWN
090765940148936,DOWN
090765940170213,DOWN
090765940191489,DOWN
090765940212766,DOWN
090765940234043,DOWN
090765940255319,DOWN
090765940276596,DOWN
090765940297872,DOWN
090765940319149,DOWN
090765940340426,DOWN
090765940361702,DOWN
090765940382979,DOWN
090765940404255,DOWN
090765940425532,DOWN
090765940446809,DOWN
090765940468085,DOWN
090765940489362,DOWN
090765940510638,DOWN
090765940531915,DOWN
090765940553191,DOWN
090765940574468,DOWN
090765940595745,DOWN
090765940617021,DOWN
090765940638298,DOWN
090765940659574,DOWN
090765940680851,DOWN
090765940702128,DOWN
090765940723404,DOWN
090765940744681,DOWN
090765940765957,UP
090765940787234,UP
090765940808511,UP
090765940829787,DOWN
090765940851064,DOWN
09076594087234,DOWN
090765940893617,DOWN
090765940914894,DOWN
09076594093617,UP
090765940957447,DOWN
090765940978723,UP
0907659410,UP
0907703500,UP
090770350021277,DOWN
090770350042553,UP
09077035006383,DOWN
090770350085106,DOWN
090770350106383,DOWN
09077035012766,DOWN
090770350148936,DOWN
090770350170213,DOWN
090770350191489,DOWN
090770350212766,DOWN
090770350234043,DOWN
090770350255319,UP
090770350276596,UP
090770350297872,DOWN
090770350319149,UP
090770350340426,DOWN
090770350361702,DOWN
090770350382979,UP
090770350404255,UP
090770350425532,UP
090770350446809,UP
090770350468085,UP
090770350489362,DOWN
090770350510638,DOWN
090770350531915,DOWN
090770350553191,DOWN
090770350574468,DOWN
090770350595745,DOWN
090770350617021,DOWN
090770350638298,DOWN
090770350659574,DOWN
090770350680851,DOWN
090770350702128,DOWN
090770350723404,DOWN
090770350744681,DOWN
090770350765957,UP
090770350787234,UP
090770350808511,UP
090770350829787,DOWN
090770350851064,DOWN
09077035087234,DOWN
090770350893617,DOWN
090770350914894,DOWN
09077035093617,UP
090770350957447,DOWN
090770350978723,UP
0907703510,UP
0907747600,UP
090774760021277,UP
090774760042553,UP
09077476006383,UP
090774760085106,DOWN
090774760106383,DOWN
09077476012766,DOWN
090774760148936,DOWN
090774760170213,DOWN
090774760191489,DOWN
090774760212766,DOWN
090774760234043,DOWN
090774760255319,UP
090774760276596,UP
090774760297872,UP
090774760319149,UP
090774760340426,UP
090774760361702,UP
090774760382979,UP
090774760404255,UP
090774760425532,UP
090774760446809,UP
090774760468085,UP
090774760489362,UP
090774760510638,UP
090774760531915,UP
090774760553191,UP
090774760574468,UP
090774760595745,UP
090774760617021,UP
090774760638298,UP
090774760659574,DOWN
090774760680851,DOWN
090774760702128,DOWN
090774760723404,DOWN
090774760744681,DOWN
090774760765957,DOWN
090774760787234,DOWN
090774760808511,DOWN
090774760829787,DOWN
090774760851064,DOWN
09077476087234,DOWN
090774760893617,DOWN
090774760914894,DOWN
09077476093617,DOWN
090774760957447,DOWN
090774760978723,UP
0907747610,UP
0907792700,DOWN
090779270021277,DOWN
090779270042553,DOWN
09077927006383,DOWN
090779270085106,DOWN
090779270106383,DOWN
09077927012766,DOWN
090779270148936,DOWN
090779270170213,DOWN
090779270191489,DOWN
090779270212766,DOWN
090779270234043,DOWN
090779270255319,DOWN
090779270276596,DOWN
090779270297872,DOWN
090779270319149,DOWN
090779270340426,DOWN
090779270361702,DOWN
090779270382979,UP
090779270404255,DOWN
090779270425532,DOWN
090779270446809,DOWN
090779270468085,DOWN
090779270489362,DOWN
090779270510638,DOWN
090779270531915,DOWN
090779270553191,DOWN
090779270574468,DOWN
090779270595745,DOWN
090779270617021,DOWN
090779270638298,DOWN
090779270659574,DOWN
090779270680851,DOWN
090779270702128,UP
090779270723404,DOWN
090779270744681,DOWN
090779270765957,UP
090779270787234,UP
090779270808511,UP
090779270829787,UP
090779270851064,UP
09077927087234,DOWN
090779270893617,DOWN
090779270914894,DOWN
09077927093617,DOWN
090779270957447,UP
090779270978723,UP
0907792710,UP
0907836100,UP
090783610021277,UP
090783610042553,UP
09078361006383,UP
090783610085106,UP
090783610106383,UP
09078361012766,DOWN
090783610148936,DOWN
090783610170213,DOWN
090783610191489,DOWN
090783610212766,DOWN
090783610234043,DOWN
090783610255319,DOWN
090783610276596,DOWN
090783610297872,DOWN
090783610319149,DOWN
090783610340426,UP
090783610361702,UP
090783610382979,UP
090783610404255,UP
090783610425532,UP
090783610446809,UP
090783610468085,UP
090783610489362,UP
090783610510638,UP
090783610531915,DOWN
090783610553191,UP
090783610574468,UP
090783610595745,DOWN
090783610617021,DOWN
090783610638298,DOWN
090783610659574,UP
090783610680851,UP
090783610702128,DOWN
090783610723404,DOWN
090783610744681,DOWN
090783610765957,UP
090783610787234,UP
090783610808511,UP
090783610829787,UP
090783610851064,UP
09078361087234,DOWN
090783610893617,UP
090783610914894,DOWN
09078361093617,DOWN
090783610957447,DOWN
090783610978723,UP
0907836110,UP
090788200,DOWN
09078820021277,DOWN
09078820042553,UP
0907882006383,DOWN
09078820085106,DOWN
09078820106383,UP
0907882012766,DOWN
09078820148936,DOWN
09078820170213,DOWN
09078820191489,UP
09078820212766,UP
09078820234043,UP
09078820255319,UP
09078820276596,UP
09078820297872,UP
09078820319149,UP
09078820340426,UP
09078820361702,UP
09078820382979,UP
09078820404255,UP
09078820425532,UP
09078820446809,UP
09078820468085,UP
09078820489362,UP
09078820510638,UP
09078820531915,UP
09078820553191,UP
09078820574468,UP
09078820595745,UP
09078820617021,UP
09078820638298,UP
09078820659574,UP
09078820680851,UP
09078820702128,UP
09078820723404,DOWN
09078820744681,DOWN
09078820765957,DOWN
09078820787234,DOWN
09078820808511,DOWN
09078820829787,DOWN
09078820851064,DOWN
0907882087234,DOWN
09078820893617,DOWN
09078820914894,DOWN
0907882093617,UP
09078820957447,DOWN
09078820978723,UP
090788210,UP
0907924300,DOWN
090792430021277,DOWN
090792430042553,DOWN
09079243006383,DOWN
090792430085106,DOWN
090792430106383,DOWN
09079243012766,DOWN
090792430148936,DOWN
090792430170213,DOWN
090792430191489,DOWN
090792430212766,UP
090792430234043,UP
090792430255319,UP
090792430276596,UP
090792430297872,UP
090792430319149,UP
090792430340426,UP
090792430361702,UP
090792430382979,UP
090792430404255,UP
090792430425532,UP
090792430446809,UP
090792430468085,UP
090792430489362,UP
090792430510638,UP
090792430531915,DOWN
090792430553191,DOWN
090792430574468,DOWN
090792430595745,DOWN
090792430617021,DOWN
090792430638298,DOWN
090792430659574,DOWN
090792430680851,DOWN
090792430702128,DOWN
090792430723404,DOWN
090792430744681,DOWN
090792430765957,DOWN
090792430787234,DOWN
090792430808511,DOWN
090792430829787,DOWN
090792430851064,DOWN
09079243087234,DOWN
090792430893617,DOWN
090792430914894,DOWN
09079243093617,UP
090792430957447,DOWN
090792430978723,UP
0907924310,UP
0907969400,UP
090796940021277,DOWN
090796940042553,UP
09079694006383,DOWN
090796940085106,UP
090796940106383,DOWN
09079694012766,DOWN
090796940148936,DOWN
090796940170213,DOWN
090796940191489,UP
090796940212766,UP
090796940234043,UP
090796940255319,UP
090796940276596,UP
090796940297872,UP
090796940319149,UP
090796940340426,UP
090796940361702,DOWN
090796940382979,DOWN
090796940404255,DOWN
090796940425532,DOWN
090796940446809,DOWN
090796940468085,DOWN
090796940489362,DOWN
090796940510638,DOWN
090796940531915,DOWN
090796940553191,DOWN
090796940574468,DOWN
090796940595745,DOWN
090796940617021,DOWN
090796940638298,DOWN
090796940659574,DOWN
090796940680851,DOWN
090796940702128,DOWN
090796940723404,DOWN
090796940744681,DOWN
090796940765957,DOWN
090796940787234,DOWN
090796940808511,DOWN
090796940829787,DOWN
090796940851064,DOWN
09079694087234,DOWN
090796940893617,DOWN
090796940914894,DOWN
09079694093617,UP
090796940957447,DOWN
090796940978723,UP
0907969410,UP
0908013500,DOWN
090801350021277,DOWN
090801350042553,DOWN
09080135006383,DOWN
090801350085106,DOWN
090801350106383,DOWN
09080135012766,DOWN
090801350148936,DOWN
090801350170213,DOWN
090801350191489,UP
090801350212766,UP
090801350234043,UP
090801350255319,UP
090801350276596,UP
090801350297872,UP
090801350319149,UP
090801350340426,UP
090801350361702,UP
090801350382979,UP
090801350404255,DOWN
090801350425532,DOWN
090801350446809,DOWN
090801350468085,DOWN
090801350489362,DOWN
090801350510638,DOWN
090801350531915,DOWN
090801350553191,UP
090801350574468,UP
090801350595745,UP
090801350617021,UP
090801350638298,UP
090801350659574,DOWN
090801350680851,DOWN
090801350702128,DOWN
090801350723404,DOWN
090801350744681,DOWN
090801350765957,DOWN
090801350787234,DOWN
090801350808511,DOWN
090801350829787,DOWN
090801350851064,DOWN
09080135087234,DOWN
090801350893617,DOWN
090801350914894,DOWN
09080135093617,UP
090801350957447,DOWN
090801350978723,UP
0908013510,DOWN
0908057600,DOWN
090805760021277,DOWN
090805760042553,UP
09080576006383,DOWN
090805760085106,DOWN
090805760106383,DOWN
09080576012766,DOWN
090805760148936,DOWN
090805760170213,DOWN
090805760191489,DOWN
090805760212766,UP
090805760234043,UP
090805760255319,UP
090805760276596,UP
090805760297872,DOWN
090805760319149,DOWN
090805760340426,UP
090805760361702,UP
090805760382979,UP
090805760404255,DOWN
090805760425532,DOWN
090805760446809,DOWN
090805760468085,DOWN
090805760489362,DOWN
090805760510638,DOWN
090805760531915,DOWN
090805760553191,DOWN
090805760574468,DOWN
090805760595745,DOWN
090805760617021,DOWN
090805760638298,DOWN
090805760659574,DOWN
090805760680851,DOWN
090805760702128,DOWN
090805760723404,DOWN
090805760744681,DOWN
090805760765957,DOWN
090805760787234,DOWN
090805760808511,DOWN
090805760829787,DOWN
090805760851064,DOWN
09080576087234,DOWN
090805760893617,DOWN
090805760914894,DOWN
09080576093617,UP
090805760957447,UP
090805760978723,UP
0908057610,UP
0908101700,DOWN
090810170021277,DOWN
090810170042553,DOWN
09081017006383,DOWN
090810170085106,DOWN
090810170106383,DOWN
09081017012766,DOWN
090810170148936,DOWN
090810170170213,DOWN
090810170191489,DOWN
090810170212766,DOWN
090810170234043,DOWN
090810170255319,UP
090810170276596,UP
090810170297872,UP
090810170319149,UP
090810170340426,UP
090810170361702,UP
090810170382979,UP
090810170404255,UP
090810170425532,UP
090810170446809,UP
090810170468085,UP
090810170489362,UP
090810170510638,UP
090810170531915,DOWN
090810170553191,DOWN
090810170574468,DOWN
090810170595745,DOWN
090810170617021,DOWN
090810170638298,DOWN
090810170659574,DOWN
090810170680851,DOWN
090810170702128,UP
090810170723404,UP
090810170744681,UP
090810170765957,UP
090810170787234,UP
090810170808511,UP
090810170829787,UP
090810170851064,DOWN
09081017087234,DOWN
090810170893617,DOWN
090810170914894,DOWN
09081017093617,DOWN
090810170957447,DOWN
090810170978723,DOWN
0908101710,DOWN
0911199100,DOWN
091119910021277,DOWN
091119910042553,DOWN
09111991006383,DOWN
091119910085106,DOWN
091119910106383,DOWN
09111991012766,DOWN
091119910148936,DOWN
091119910170213,DOWN
091119910191489,DOWN
091119910212766,DOWN
091119910234043,DOWN
091119910255319,DOWN
091119910276596,DOWN
091119910297872,DOWN
091119910319149,UP
091119910340426,DOWN
091119910361702,DOWN
091119910382979,DOWN
091119910404255,DOWN
091119910425532,DOWN
091119910446809,DOWN
091119910468085,DOWN
091119910489362,DOWN
091119910510638,DOWN
091119910531915,DOWN
091119910553191,DOWN
091119910574468,DOWN
091119910595745,DOWN
091119910617021,DOWN
091119910638298,DOWN
091119910659574,DOWN
091119910680851,DOWN
091119910702128,DOWN
091119910723404,DOWN
091119910744681,UP
091119910765957,UP
091119910787234,UP
091119910808511,UP
091119910829787,UP
091119910851064,UP
09111991087234,UP
091119910893617,UP
091119910914894,UP
09111991093617,UP
091119910957447,UP
091119910978723,UP
0911199110,UP
0911243200,UP
091124320021277,DOWN
091124320042553,UP
09112432006383,UP
091124320085106,UP
091124320106383,DOWN
09112432012766,DOWN
091124320148936,DOWN
091124320170213,UP
091124320191489,UP
091124320212766,UP
091124320234043,UP
091124320255319,UP
091124320276596,UP
091124320297872,DOWN
091124320319149,DOWN
091124320340426,UP
091124320361702,UP
091124320382979,UP
091124320404255,DOWN
091124320425532,DOWN
091124320446809,DOWN
091124320468085,DOWN
091124320489362,DOWN
091124320510638,DOWN
091124320531915,DOWN
091124320553191,DOWN
091124320574468,DOWN
091124320595745,DOWN
091124320617021,DOWN
091124320638298,DOWN
091124320659574,DOWN
091124320680851,DOWN
091124320702128,DOWN
091124320723404,DOWN
091124320744681,DOWN
091124320765957,DOWN
091124320787234,DOWN
091124320808511,DOWN
091124320829787,DOWN
091124320851064,DOWN
09112432087234,DOWN
091124320893617,DOWN
091124320914894,DOWN
09112432093617,UP
091124320957447,UP
091124320978723,UP
0911243210,UP
0911287300,UP
091128730021277,DOWN
091128730042553,UP
09112873006383,DOWN
091128730085106,DOWN
091128730106383,DOWN
09112873012766,DOWN
091128730148936,DOWN
091128730170213,DOWN
091128730191489,DOWN
091128730212766,DOWN
091128730234043,UP
091128730255319,DOWN
091128730276596,UP
091128730297872,DOWN
091128730319149,DOWN
091128730340426,DOWN
091128730361702,DOWN
091128730382979,DOWN
091128730404255,DOWN
091128730425532,DOWN
091128730446809,DOWN
091128730468085,DOWN
091128730489362,DOWN
091128730510638,DOWN
091128730531915,DOWN
091128730553191,DOWN
091128730574468,DOWN
091128730595745,DOWN
091128730617021,DOWN
091128730638298,DOWN
091128730659574,DOWN
091128730680851,DOWN
091128730702128,DOWN
091128730723404,DOWN
091128730744681,DOWN
091128730765957,DOWN
091128730787234,DOWN
091128730808511,DOWN
091128730829787,DOWN
091128730851064,DOWN
09112873087234,DOWN
091128730893617,DOWN
091128730914894,DOWN
09112873093617,UP
091128730957447,UP
091128730978723,UP
0911287310,UP
0911331400,UP
091133140021277,UP
091133140042553,UP
09113314006383,UP
091133140085106,DOWN
091133140106383,DOWN
09113314012766,DOWN
091133140148936,DOWN
091133140170213,DOWN
091133140191489,DOWN
091133140212766,UP
091133140234043,UP
091133140255319,UP
091133140276596,UP
091133140297872,UP
091133140319149,DOWN
091133140340426,UP
091133140361702,UP
091133140382979,UP
091133140404255,UP
091133140425532,UP
091133140446809,UP
091133140468085,UP
091133140489362,UP
091133140510638,UP
091133140531915,UP
091133140553191,UP
091133140574468,UP
091133140595745,UP
091133140617021,UP
091133140638298,UP
091133140659574,UP
091133140680851,UP
091133140702128,UP
091133140723404,DOWN
091133140744681,DOWN
091133140765957,DOWN
091133140787234,DOWN
091133140808511,DOWN
091133140829787,DOWN
091133140851064,DOWN
09113314087234,DOWN
091133140893617,DOWN
091133140914894,DOWN
09113314093617,DOWN
091133140957447,DOWN
091133140978723,UP
0911331410,DOWN
0911376500,DOWN
091137650021277,DOWN
091137650042553,DOWN
09113765006383,DOWN
091137650085106,DOWN
091137650106383,DOWN
09113765012766,DOWN
091137650148936,DOWN
091137650170213,DOWN
091137650191489,DOWN
091137650212766,DOWN
091137650234043,UP
091137650255319,DOWN
091137650276596,UP
091137650297872,DOWN
091137650319149,DOWN
091137650340426,UP
091137650361702,DOWN
091137650382979,DOWN
091137650404255,DOWN
091137650425532,DOWN
091137650446809,DOWN
091137650468085,DOWN
091137650489362,DOWN
091137650510638,UP
091137650531915,UP
091137650553191,DOWN
091137650574468,DOWN
091137650595745,DOWN
091137650617021,DOWN
091137650638298,DOWN
091137650659574,DOWN
091137650680851,DOWN
091137650702128,DOWN
091137650723404,DOWN
091137650744681,DOWN
091137650765957,DOWN
091137650787234,DOWN
091137650808511,DOWN
091137650829787,DOWN
091137650851064,DOWN
09113765087234,DOWN
091137650893617,DOWN
091137650914894,DOWN
09113765093617,DOWN
091137650957447,DOWN
091137650978723,UP
0911376510,DOWN
091142600,DOWN
09114260021277,DOWN
09114260042553,DOWN
0911426006383,DOWN
09114260085106,DOWN
09114260106383,DOWN
0911426012766,DOWN
09114260148936,DOWN
09114260170213,DOWN
09114260191489,DOWN
09114260212766,DOWN
09114260234043,UP
09114260255319,DOWN
09114260276596,UP
09114260297872,DOWN
09114260319149,DOWN
09114260340426,UP
09114260361702,UP
09114260382979,UP
09114260404255,DOWN
09114260425532,UP
09114260446809,UP
09114260468085,UP
09114260489362,DOWN
09114260510638,UP
09114260531915,DOWN
09114260553191,UP
09114260574468,DOWN
09114260595745,DOWN
09114260617021,DOWN
09114260638298,DOWN
09114260659574,DOWN
09114260680851,DOWN
09114260702128,DOWN
09114260723404,DOWN
09114260744681,DOWN
09114260765957,DOWN
09114260787234,DOWN
09114260808511,DOWN
09114260829787,DOWN
09114260851064,DOWN
0911426087234,DOWN
09114260893617,DOWN
09114260914894,DOWN
0911426093617,UP
09114260957447,UP
09114260978723,UP
091142610,UP
0911464700,UP
091146470021277,DOWN
091146470042553,UP
09114647006383,DOWN
091146470085106,DOWN
091146470106383,DOWN
09114647012766,DOWN
091146470148936,DOWN
091146470170213,DOWN
091146470191489,DOWN
091146470212766,DOWN
091146470234043,DOWN
091146470255319,DOWN
091146470276596,UP
091146470297872,UP
091146470319149,UP
091146470340426,UP
091146470361702,UP
091146470382979,UP
091146470404255,UP
091146470425532,UP
091146470446809,UP
091146470468085,UP
091146470489362,UP
091146470510638,UP
091146470531915,UP
091146470553191,DOWN
091146470574468,DOWN
091146470595745,UP
091146470617021,DOWN
091146470638298,UP
091146470659574,UP
091146470680851,DOWN
091146470702128,UP
091146470723404,DOWN
091146470744681,DOWN
091146470765957,DOWN
091146470787234,DOWN
091146470808511,DOWN
091146470829787,UP
091146470851064,DOWN
09114647087234,DOWN
091146470893617,DOWN
091146470914894,DOWN
09114647093617,DOWN
091146470957447,DOWN
091146470978723,DOWN
0911464710,DOWN
0911508100,DOWN
091150810021277,DOWN
091150810042553,DOWN
09115081006383,DOWN
091150810085106,DOWN
091150810106383,DOWN
09115081012766,DOWN
091150810148936,DOWN
091150810170213,DOWN
091150810191489,DOWN
091150810212766,DOWN
091150810234043,DOWN
091150810255319,DOWN
091150810276596,DOWN
091150810297872,DOWN
091150810319149,DOWN
091150810340426,DOWN
091150810361702,DOWN
091150810382979,UP
091150810404255,DOWN
091150810425532,UP
091150810446809,UP
091150810468085,UP
091150810489362,UP
091150810510638,DOWN
091150810531915,DOWN
091150810553191,DOWN
091150810574468,DOWN
091150810595745,DOWN
091150810617021,DOWN
091150810638298,DOWN
091150810659574,DOWN
091150810680851,UP
091150810702128,UP
091150810723404,UP
091150810744681,UP
091150810765957,UP
091150810787234,UP
091150810808511,UP
091150810829787,UP
091150810851064,UP
09115081087234,UP
091150810893617,UP
091150810914894,DOWN
09115081093617,DOWN
091150810957447,UP
091150810978723,UP
0911508110,UP
0911553200,UP
091155320021277,UP
091155320042553,UP
09115532006383,UP
091155320085106,DOWN
091155320106383,DOWN
09115532012766,DOWN
091155320148936,DOWN
091155320170213,UP
091155320191489,UP
091155320212766,UP
091155320234043,UP
091155320255319,UP
091155320276596,UP
091155320297872,UP
091155320319149,UP
091155320340426,UP
091155320361702,UP
091155320382979,UP
091155320404255,UP
091155320425532,UP
091155320446809,UP
091155320468085,UP
091155320489362,UP
091155320510638,UP
091155320531915,UP
091155320553191,UP
091155320574468,UP
091155320595745,UP
091155320617021,UP
091155320638298,UP
091155320659574,UP
091155320680851,DOWN
091155320702128,DOWN
091155320723404,DOWN
091155320744681,DOWN
091155320765957,DOWN
091155320787234,DOWN
091155320808511,DOWN
091155320829787,DOWN
091155320851064,DOWN
09115532087234,DOWN
091155320893617,DOWN
091155320914894,DOWN
09115532093617,DOWN
091155320957447,DOWN
091155320978723,UP
0911553210,UP
0911597300,DOWN
091159730021277,DOWN
091159730042553,UP
09115973006383,DOWN
091159730085106,DOWN
091159730106383,DOWN
09115973012766,DOWN
091159730148936,DOWN
091159730170213,DOWN
091159730191489,DOWN
091159730212766,UP
091159730234043,UP
091159730255319,UP
091159730276596,UP
091159730297872,DOWN
091159730319149,DOWN
091159730340426,UP
091159730361702,UP
091159730382979,UP
091159730404255,UP
091159730425532,UP
091159730446809,UP
091159730468085,DOWN
091159730489362,DOWN
091159730510638,UP
091159730531915,UP
091159730553191,UP
091159730574468,UP
091159730595745,DOWN
091159730617021,UP
091159730638298,UP
091159730659574,UP
091159730680851,DOWN
091159730702128,DOWN
091159730723404,DOWN
091159730744681,DOWN
091159730765957,DOWN
091159730787234,DOWN
091159730808511,DOWN
091159730829787,DOWN
091159730851064,DOWN
09115973087234,DOWN
091159730893617,DOWN
091159730914894,DOWN
09115973093617,DOWN
091159730957447,DOWN
091159730978723,UP
0911597310,DOWN
0911641400,DOWN
091164140021277,DOWN
091164140042553,DOWN
09116414006383,DOWN
091164140085106,DOWN
091164140106383,DOWN
09116414012766,DOWN
091164140148936,DOWN
091164140170213,DOWN
091164140191489,DOWN
091164140212766,DOWN
091164140234043,DOWN
091164140255319,DOWN
091164140276596,UP
091164140297872,UP
091164140319149,DOWN
091164140340426,UP
091164140361702,UP
091164140382979,UP
091164140404255,UP
091164140425532,UP
091164140446809,UP
091164140468085,UP
091164140489362,UP
091164140510638,UP
091164140531915,UP
091164140553191,UP
091164140574468,UP
091164140595745,UP
091164140617021,UP
091164140638298,UP
091164140659574,UP
091164140680851,UP
091164140702128,UP
091164140723404,DOWN
091164140744681,DOWN
091164140765957,DOWN
091164140787234,DOWN
091164140808511,DOWN
091164140829787,DOWN
091164140851064,DOWN
09116414087234,DOWN
091164140893617,DOWN
091164140914894,DOWN
09116414093617,DOWN
091164140957447,DOWN
091164140978723,UP
0911641410,DOWN
0911685500,DOWN
091168550021277,DOWN
091168550042553,DOWN
09116855006383,DOWN
091168550085106,DOWN
091168550106383,DOWN
09116855012766,DOWN
091168550148936,DOWN
091168550170213,DOWN
091168550191489,DOWN
091168550212766,UP
091168550234043,UP
091168550255319,UP
091168550276596,UP
091168550297872,UP
091168550319149,UP
091168550340426,UP
091168550361702,UP
091168550382979,UP
091168550404255,UP
091168550425532,UP
091168550446809,UP
091168550468085,UP
091168550489362,UP
091168550510638,UP
091168550531915,UP
091168550553191,UP
091168550574468,DOWN
091168550595745,DOWN
091168550617021,DOWN
091168550638298,DOWN
091168550659574,DOWN
091168550680851,DOWN
091168550702128,UP
091168550723404,DOWN
091168550744681,DOWN
091168550765957,DOWN
091168550787234,DOWN
091168550808511,DOWN
091168550829787,DOWN
091168550851064,DOWN
09116855087234,DOWN
091168550893617,DOWN
091168550914894,DOWN
09116855093617,DOWN
091168550957447,DOWN
091168550978723,UP
0911685510,DOWN
091173600,DOWN
09117360021277,DOWN
09117360042553,DOWN
0911736006383,DOWN
09117360085106,DOWN
09117360106383,DOWN
0911736012766,DOWN
09117360148936,DOWN
09117360170213,DOWN
09117360191489,DOWN
09117360212766,DOWN
09117360234043,UP
09117360255319,UP
09117360276596,UP
09117360297872,DOWN
09117360319149,DOWN
09117360340426,UP
09117360361702,UP
09117360382979,UP
09117360404255,UP
09117360425532,UP
09117360446809,UP
09117360468085,UP
09117360489362,DOWN
09117360510638,UP
09117360531915,DOWN
09117360553191,DOWN
09117360574468,DOWN
09117360595745,DOWN
09117360617021,DOWN
09117360638298,DOWN
09117360659574,DOWN
09117360680851,DOWN
09117360702128,DOWN
09117360723404,DOWN
09117360744681,DOWN
09117360765957,DOWN
09117360787234,DOWN
09117360808511,DOWN
09117360829787,DOWN
09117360851064,DOWN
0911736087234,DOWN
09117360893617,DOWN
09117360914894,DOWN
0911736093617,DOWN
09117360957447,DOWN
09117360978723,UP
091173610,UP
0911774700,DOWN
091177470021277,DOWN
091177470042553,DOWN
09117747006383,DOWN
091177470085106,DOWN
091177470106383,DOWN
09117747012766,DOWN
091177470148936,DOWN
091177470170213,DOWN
091177470191489,DOWN
091177470212766,DOWN
091177470234043,DOWN
091177470255319,DOWN
091177470276596,DOWN
091177470297872,DOWN
091177470319149,DOWN
091177470340426,UP
091177470361702,UP
091177470382979,UP
091177470404255,DOWN
091177470425532,DOWN
091177470446809,DOWN
091177470468085,DOWN
091177470489362,DOWN
091177470510638,DOWN
091177470531915,DOWN
091177470553191,DOWN
091177470574468,DOWN
091177470595745,DOWN
091177470617021,DOWN
091177470638298,DOWN
091177470659574,DOWN
091177470680851,DOWN
091177470702128,DOWN
091177470723404,DOWN
091177470744681,DOWN
091177470765957,DOWN
091177470787234,DOWN
091177470808511,DOWN
091177470829787,UP
091177470851064,DOWN
09117747087234,DOWN
091177470893617,DOWN
091177470914894,DOWN
09117747093617,DOWN
091177470957447,DOWN
091177470978723,UP
0911774710,DOWN
0911818100,DOWN
091181810021277,DOWN
091181810042553,DOWN
09118181006383,DOWN
091181810085106,DOWN
091181810106383,DOWN
09118181012766,DOWN
091181810148936,DOWN
091181810170213,DOWN
091181810191489,DOWN
091181810212766,DOWN
091181810234043,DOWN
091181810255319,DOWN
091181810276596,DOWN
091181810297872,DOWN
091181810319149,UP
091181810340426,UP
091181810361702,UP
091181810382979,UP
091181810404255,UP
091181810425532,UP
091181810446809,UP
091181810468085,UP
091181810489362,UP
091181810510638,UP
091181810531915,UP
091181810553191,UP
091181810574468,UP
091181810595745,UP
091181810617021,UP
091181810638298,UP
091181810659574,UP
091181810680851,UP
091181810702128,UP
091181810723404,UP
091181810744681,UP
091181810765957,UP
091181810787234,UP
091181810808511,UP
091181810829787,UP
091181810851064,UP
09118181087234,UP
091181810893617,UP
091181810914894,UP
09118181093617,UP
091181810957447,UP
091181810978723,UP
0911818110,UP
0911862200,UP
091186220021277,UP
091186220042553,UP
09118622006383,UP
091186220085106,DOWN
091186220106383,DOWN
09118622012766,DOWN
091186220148936,DOWN
091186220170213,DOWN
091186220191489,UP
091186220212766,UP
091186220234043,UP
091186220255319,UP
091186220276596,UP
091186220297872,UP
091186220319149,UP
091186220340426,UP
091186220361702,UP
091186220382979,UP
091186220404255,UP
091186220425532,UP
091186220446809,UP
091186220468085,UP
091186220489362,UP
091186220510638,UP
091186220531915,UP
091186220553191,UP
091186220574468,UP
091186220595745,UP
091186220617021,UP
091186220638298,UP
091186220659574,UP
091186220680851,UP
091186220702128,DOWN
091186220723404,DOWN
091186220744681,DOWN
091186220765957,DOWN
091186220787234,DOWN
091186220808511,DOWN
091186220829787,DOWN
091186220851064,DOWN
09118622087234,DOWN
091186220893617,DOWN
091186220914894,DOWN
09118622093617,UP
091186220957447,UP
091186220978723,UP
0911862210,UP
0911907300,DOWN
091190730021277,DOWN
091190730042553,UP
09119073006383,DOWN
091190730085106,DOWN
091190730106383,DOWN
09119073012766,DOWN
091190730148936,DOWN
091190730170213,DOWN
091190730191489,DOWN
091190730212766,UP
091190730234043,UP
091190730255319,UP
091190730276596,UP
091190730297872,DOWN
091190730319149,UP
091190730340426,UP
091190730361702,UP
091190730382979,UP
091190730404255,UP
091190730425532,UP
091190730446809,UP
091190730468085,UP
091190730489362,DOWN
091190730510638,DOWN
091190730531915,DOWN
091190730553191,DOWN
091190730574468,DOWN
091190730595745,DOWN
091190730617021,DOWN
091190730638298,DOWN
091190730659574,DOWN
091190730680851,DOWN
091190730702128,DOWN
091190730723404,DOWN
091190730744681,DOWN
091190730765957,DOWN
091190730787234,DOWN
091190730808511,DOWN
091190730829787,DOWN
091190730851064,DOWN
09119073087234,DOWN
091190730893617,DOWN
091190730914894,DOWN
09119073093617,DOWN
091190730957447,DOWN
091190730978723,UP
0911907310,UP
0911951400,DOWN
091195140021277,DOWN
091195140042553,UP
09119514006383,DOWN
091195140085106,DOWN
091195140106383,DOWN
09119514012766,DOWN
091195140148936,DOWN
091195140170213,DOWN
091195140191489,DOWN
091195140212766,DOWN
091195140234043,UP
091195140255319,UP
091195140276596,UP
091195140297872,DOWN
091195140319149,DOWN
091195140340426,UP
091195140361702,UP
091195140382979,UP
091195140404255,UP
091195140425532,UP
091195140446809,UP
091195140468085,UP
091195140489362,DOWN
091195140510638,DOWN
091195140531915,DOWN
091195140553191,DOWN
091195140574468,DOWN
091195140595745,DOWN
091195140617021,DOWN
091195140638298,DOWN
091195140659574,DOWN
091195140680851,DOWN
091195140702128,DOWN
091195140723404,DOWN
091195140744681,DOWN
091195140765957,DOWN
091195140787234,DOWN
091195140808511,DOWN
091195140829787,DOWN
091195140851064,DOWN
09119514087234,DOWN
091195140893617,DOWN
091195140914894,DOWN
09119514093617,UP
091195140957447,UP
091195140978723,UP
0911951410,UP
0911995500,UP
091199550021277,UP
091199550042553,UP
09119955006383,DOWN
091199550085106,DOWN
091199550106383,DOWN
09119955012766,DOWN
091199550148936,DOWN
091199550170213,DOWN
091199550191489,DOWN
091199550212766,UP
091199550234043,UP
091199550255319,UP
091199550276596,UP
091199550297872,DOWN
091199550319149,DOWN
091199550340426,UP
091199550361702,UP
091199550382979,UP
091199550404255,DOWN
091199550425532,UP
091199550446809,UP
091199550468085,UP
091199550489362,DOWN
091199550510638,DOWN
091199550531915,DOWN
091199550553191,DOWN
091199550574468,DOWN
091199550595745,DOWN
091199550617021,DOWN
091199550638298,DOWN
091199550659574,DOWN
091199550680851,DOWN
091199550702128,DOWN
091199550723404,DOWN
091199550744681,DOWN
091199550765957,DOWN
091199550787234,DOWN
091199550808511,DOWN
091199550829787,DOWN
091199550851064,DOWN
09119955087234,DOWN
091199550893617,DOWN
091199550914894,DOWN
09119955093617,UP
091199550957447,UP
091199550978723,UP
0911995510,UP
0912039600,UP
091203960021277,DOWN
091203960042553,UP
09120396006383,DOWN
091203960085106,DOWN
091203960106383,DOWN
09120396012766,DOWN
091203960148936,DOWN
091203960170213,DOWN
091203960191489,DOWN
091203960212766,UP
091203960234043,UP
091203960255319,UP
091203960276596,UP
091203960297872,UP
091203960319149,UP
091203960340426,UP
091203960361702,UP
091203960382979,UP
091203960404255,UP
091203960425532,UP
091203960446809,UP
091203960468085,UP
091203960489362,UP
091203960510638,UP
091203960531915,DOWN
091203960553191,DOWN
091203960574468,DOWN
091203960595745,DOWN
091203960617021,DOWN
091203960638298,DOWN
091203960659574,DOWN
091203960680851,DOWN
091203960702128,DOWN
091203960723404,DOWN
091203960744681,DOWN
091203960765957,DOWN
091203960787234,DOWN
091203960808511,DOWN
091203960829787,DOWN
091203960851064,DOWN
09120396087234,DOWN
091203960893617,DOWN
091203960914894,DOWN
09120396093617,UP
091203960957447,UP
091203960978723,UP
0912039610,UP
0912084700,UP
091208470021277,UP
091208470042553,UP
09120847006383,DOWN
091208470085106,DOWN
091208470106383,DOWN
09120847012766,DOWN
091208470148936,DOWN
091208470170213,DOWN
091208470191489,DOWN
091208470212766,DOWN
091208470234043,DOWN
091208470255319,DOWN
091208470276596,UP
091208470297872,UP
091208470319149,UP
091208470340426,UP
091208470361702,UP
091208470382979,UP
091208470404255,UP
091208470425532,UP
091208470446809,UP
091208470468085,UP
091208470489362,UP
091208470510638,DOWN
091208470531915,DOWN
091208470553191,DOWN
091208470574468,DOWN
091208470595745,DOWN
091208470617021,DOWN
091208470638298,DOWN
091208470659574,DOWN
091208470680851,DOWN
091208470702128,DOWN
091208470723404,DOWN
091208470744681,DOWN
091208470765957,DOWN
091208470787234,DOWN
091208470808511,DOWN
091208470829787,DOWN
091208470851064,DOWN
09120847087234,DOWN
091208470893617,DOWN
091208470914894,DOWN
09120847093617,DOWN
091208470957447,DOWN
091208470978723,UP
0912084710,DOWN
0912128100,DOWN
091212810021277,DOWN
091212810042553,DOWN
09121281006383,DOWN
091212810085106,DOWN
091212810106383,DOWN
09121281012766,DOWN
091212810148936,DOWN
091212810170213,DOWN
091212810191489,DOWN
091212810212766,DOWN
091212810234043,DOWN
091212810255319,DOWN
091212810276596,DOWN
091212810297872,DOWN
091212810319149,DOWN
091212810340426,DOWN
091212810361702,DOWN
091212810382979,UP
091212810404255,UP
091212810425532,UP
091212810446809,UP
091212810468085,UP
091212810489362,UP
091212810510638,UP
091212810531915,UP
091212810553191,UP
091212810574468,UP
091212810595745,UP
091212810617021,UP
091212810638298,UP
091212810659574,UP
091212810680851,UP
091212810702128,UP
091212810723404,UP
091212810744681,UP
091212810765957,UP
091212810787234,UP
091212810808511,UP
091212810829787,UP
091212810851064,UP
09121281087234,UP
091212810893617,UP
091212810914894,UP
09121281093617,UP
091212810957447,UP
091212810978723,UP
0912128110,UP
0912172200,UP
091217220021277,UP
091217220042553,UP
09121722006383,UP
091217220085106,DOWN
091217220106383,DOWN
09121722012766,DOWN
091217220148936,DOWN
091217220170213,DOWN
091217220191489,UP
091217220212766,UP
091217220234043,UP
091217220255319,UP
091217220276596,UP
091217220297872,UP
091217220319149,UP
091217220340426,UP
091217220361702,UP
091217220382979,UP
091217220404255,UP
091217220425532,UP
091217220446809,UP
091217220468085,UP
091217220489362,UP
091217220510638,UP
091217220531915,UP
091217220553191,UP
091217220574468,UP
091217220595745,UP
091217220617021,UP
091217220638298,UP
091217220659574,UP
091217220680851,UP
091217220702128,UP
091217220723404,UP
091217220744681,DOWN
091217220765957,DOWN
091217220787234,DOWN
091217220808511,DOWN
091217220829787,DOWN
091217220851064,DOWN
09121722087234,DOWN
091217220893617,DOWN
091217220914894,DOWN
09121722093617,DOWN
091217220957447,DOWN
091217220978723,UP
0912172210,UP
0912216300,DOWN
091221630021277,DOWN
091221630042553,DOWN
09122163006383,DOWN
091221630085106,DOWN
091221630106383,DOWN
09122163012766,DOWN
091221630148936,DOWN
091221630170213,DOWN
091221630191489,DOWN
091221630212766,DOWN
091221630234043,DOWN
091221630255319,DOWN
091221630276596,UP
091221630297872,DOWN
091221630319149,DOWN
091221630340426,UP
091221630361702,DOWN
091221630382979,DOWN
091221630404255,UP
091221630425532,UP
091221630446809,UP
091221630468085,UP
091221630489362,UP
091221630510638,UP
091221630531915,UP
091221630553191,UP
091221630574468,UP
091221630595745,UP
091221630617021,UP
091221630638298,UP
091221630659574,UP
091221630680851,UP
091221630702128,UP
091221630723404,DOWN
091221630744681,DOWN
091221630765957,DOWN
091221630787234,DOWN
091221630808511,DOWN
091221630829787,DOWN
091221630851064,DOWN
09122163087234,DOWN
091221630893617,DOWN
091221630914894,DOWN
09122163093617,DOWN
091221630957447,DOWN
091221630978723,UP
0912216310,UP
0912261400,DOWN
091226140021277,DOWN
091226140042553,DOWN
09122614006383,DOWN
091226140085106,DOWN
091226140106383,DOWN
09122614012766,DOWN
091226140148936,DOWN
091226140170213,DOWN
091226140191489,DOWN
091226140212766,UP
091226140234043,UP
091226140255319,UP
091226140276596,UP
091226140297872,DOWN
091226140319149,DOWN
091226140340426,UP
091226140361702,UP
091226140382979,UP
091226140404255,UP
091226140425532,UP
091226140446809,UP
091226140468085,UP
091226140489362,UP
091226140510638,UP
091226140531915,UP
091226140553191,UP
091226140574468,UP
091226140595745,UP
091226140617021,UP
091226140638298,UP
091226140659574,UP
091226140680851,UP
091226140702128,UP
091226140723404,DOWN
091226140744681,DOWN
091226140765957,DOWN
091226140787234,DOWN
091226140808511,DOWN
091226140829787,DOWN
091226140851064,DOWN
09122614087234,DOWN
091226140893617,DOWN
091226140914894,DOWN
09122614093617,DOWN
091226140957447,DOWN
091226140978723,UP
0912261410,UP
0912305500,DOWN
091230550021277,DOWN
091230550042553,DOWN
09123055006383,DOWN
091230550085106,DOWN
091230550106383,DOWN
09123055012766,DOWN
091230550148936,DOWN
091230550170213,DOWN
091230550191489,DOWN
091230550212766,UP
091230550234043,UP
091230550255319,DOWN
091230550276596,UP
091230550297872,DOWN
091230550319149,DOWN
091230550340426,UP
091230550361702,UP
091230550382979,UP
091230550404255,UP
091230550425532,UP
091230550446809,UP
091230550468085,DOWN
091230550489362,UP
091230550510638,UP
091230550531915,UP
091230550553191,UP
091230550574468,UP
091230550595745,UP
091230550617021,UP
091230550638298,UP
091230550659574,UP
091230550680851,UP
091230550702128,UP
091230550723404,UP
091230550744681,DOWN
091230550765957,DOWN
091230550787234,DOWN
091230550808511,DOWN
091230550829787,DOWN
091230550851064,DOWN
09123055087234,DOWN
091230550893617,UP
091230550914894,DOWN
09123055093617,DOWN
091230550957447,DOWN
091230550978723,UP
0912305510,UP
0912349600,DOWN
091234960021277,DOWN
091234960042553,DOWN
09123496006383,DOWN
091234960085106,DOWN
091234960106383,DOWN
09123496012766,DOWN
091234960148936,DOWN
091234960170213,DOWN
091234960191489,DOWN
091234960212766,UP
091234960234043,UP
091234960255319,UP
091234960276596,UP
091234960297872,DOWN
091234960319149,UP
091234960340426,UP
091234960361702,UP
091234960382979,UP
091234960404255,UP
091234960425532,DOWN
091234960446809,DOWN
091234960468085,DOWN
091234960489362,UP
091234960510638,DOWN
091234960531915,UP
091234960553191,UP
091234960574468,DOWN
091234960595745,DOWN
091234960617021,DOWN
091234960638298,DOWN
091234960659574,DOWN
091234960680851,DOWN
091234960702128,DOWN
091234960723404,DOWN
091234960744681,DOWN
091234960765957,DOWN
091234960787234,DOWN
091234960808511,DOWN
091234960829787,DOWN
091234960851064,DOWN
09123496087234,DOWN
091234960893617,DOWN
091234960914894,DOWN
09123496093617,UP
091234960957447,UP
091234960978723,UP
0912349610,DOWN
0912393700,DOWN
091239370021277,DOWN
091239370042553,DOWN
09123937006383,DOWN
091239370085106,DOWN
091239370106383,DOWN
09123937012766,DOWN
091239370148936,DOWN
091239370170213,DOWN
091239370191489,DOWN
091239370212766,DOWN
091239370234043,DOWN
091239370255319,DOWN
091239370276596,DOWN
091239370297872,DOWN
091239370319149,DOWN
091239370340426,UP
091239370361702,DOWN
091239370382979,DOWN
091239370404255,DOWN
091239370425532,DOWN
091239370446809,DOWN
091239370468085,DOWN
091239370489362,DOWN
091239370510638,DOWN
091239370531915,DOWN
091239370553191,DOWN
091239370574468,DOWN
091239370595745,DOWN
091239370617021,DOWN
091239370638298,DOWN
091239370659574,DOWN
091239370680851,DOWN
091239370702128,DOWN
091239370723404,DOWN
091239370744681,DOWN
091239370765957,DOWN
091239370787234,DOWN
091239370808511,DOWN
091239370829787,DOWN
091239370851064,DOWN
09123937087234,DOWN
091239370893617,DOWN
091239370914894,DOWN
09123937093617,DOWN
091239370957447,DOWN
091239370978723,DOWN
0912393710,DOWN
0912438100,DOWN
091243810021277,DOWN
091243810042553,DOWN
09124381006383,DOWN
091243810085106,DOWN
091243810106383,DOWN
09124381012766,DOWN
091243810148936,DOWN
091243810170213,DOWN
091243810191489,DOWN
091243810212766,DOWN
091243810234043,DOWN
091243810255319,DOWN
091243810276596,DOWN
091243810297872,UP
091243810319149,UP
091243810340426,UP
091243810361702,UP
091243810382979,UP
091243810404255,UP
091243810425532,UP
091243810446809,UP
091243810468085,UP
091243810489362,UP
091243810510638,UP
091243810531915,UP
091243810553191,UP
091243810574468,UP
091243810595745,UP
091243810617021,UP
091243810638298,UP
091243810659574,UP
091243810680851,UP
091243810702128,UP
091243810723404,UP
091243810744681,UP
091243810765957,UP
091243810787234,UP
091243810808511,UP
091243810829787,UP
091243810851064,UP
09124381087234,UP
091243810893617,UP
091243810914894,UP
09124381093617,UP
091243810957447,UP
091243810978723,UP
0912438110,UP
0912482200,UP
091248220021277,UP
091248220042553,UP
09124822006383,DOWN
091248220085106,DOWN
091248220106383,DOWN
09124822012766,DOWN
091248220148936,DOWN
091248220170213,DOWN
091248220191489,UP
091248220212766,UP
091248220234043,UP
091248220255319,UP
091248220276596,UP
091248220297872,UP
091248220319149,UP
091248220340426,UP
091248220361702,UP
091248220382979,UP
091248220404255,UP
091248220425532,UP
091248220446809,UP
091248220468085,UP
091248220489362,UP
091248220510638,UP
091248220531915,UP
091248220553191,UP
091248220574468,UP
091248220595745,UP
091248220617021,UP
091248220638298,UP
091248220659574,UP
091248220680851,UP
091248220702128,DOWN
091248220723404,DOWN
091248220744681,DOWN
091248220765957,DOWN
091248220787234,DOWN
091248220808511,DOWN
091248220829787,DOWN
091248220851064,DOWN
09124822087234,DOWN
091248220893617,DOWN
091248220914894,DOWN
09124822093617,DOWN
091248220957447,UP
091248220978723,UP
0912482210,UP
0915623300,UP
091562330021277,UP
091562330042553,UP
09156233006383,DOWN
091562330085106,DOWN
091562330106383,DOWN
09156233012766,DOWN
091562330148936,DOWN
091562330170213,DOWN
091562330191489,DOWN
091562330212766,UP
091562330234043,UP
091562330255319,UP
091562330276596,UP
091562330297872,DOWN
091562330319149,UP
091562330340426,UP
091562330361702,UP
091562330382979,UP
091562330404255,UP
091562330425532,UP
091562330446809,DOWN
091562330468085,UP
091562330489362,UP
091562330510638,DOWN
091562330531915,DOWN
091562330553191,DOWN
091562330574468,UP
091562330595745,DOWN
091562330617021,DOWN
091562330638298,UP
091562330659574,UP
091562330680851,UP
091562330702128,DOWN
091562330723404,UP
091562330744681,DOWN
091562330765957,DOWN
091562330787234,DOWN
091562330808511,DOWN
091562330829787,DOWN
091562330851064,UP
09156233087234,DOWN
091562330893617,DOWN
091562330914894,DOWN
09156233093617,DOWN
091562330957447,UP
091562330978723,UP
0915623310,UP
0915667400,UP
091566740021277,UP
091566740042553,UP
09156674006383,UP
091566740085106,DOWN
091566740106383,DOWN
09156674012766,DOWN
091566740148936,DOWN
091566740170213,DOWN
091566740191489,DOWN
091566740212766,DOWN
091566740234043,UP
091566740255319,DOWN
091566740276596,UP
091566740297872,DOWN
091566740319149,UP
091566740340426,UP
091566740361702,UP
091566740382979,UP
091566740404255,DOWN
091566740425532,UP
091566740446809,UP
091566740468085,UP
091566740489362,UP
091566740510638,UP
091566740531915,UP
091566740553191,UP
091566740574468,UP
091566740595745,UP
091566740617021,UP
091566740638298,UP
091566740659574,UP
091566740680851,UP
091566740702128,UP
091566740723404,DOWN
091566740744681,DOWN
091566740765957,DOWN
091566740787234,DOWN
091566740808511,DOWN
091566740829787,DOWN
091566740851064,DOWN
09156674087234,DOWN
091566740893617,DOWN
091566740914894,DOWN
09156674093617,DOWN
091566740957447,DOWN
091566740978723,UP
0915667410,UP
0915712500,UP
091571250021277,DOWN
091571250042553,UP
09157125006383,DOWN
091571250085106,DOWN
091571250106383,DOWN
09157125012766,DOWN
091571250148936,DOWN
091571250170213,DOWN
091571250191489,DOWN
091571250212766,DOWN
091571250234043,UP
091571250255319,UP
091571250276596,UP
091571250297872,DOWN
091571250319149,UP
091571250340426,UP
091571250361702,UP
091571250382979,UP
091571250404255,UP
091571250425532,UP
091571250446809,UP
091571250468085,UP
091571250489362,UP
091571250510638,UP
091571250531915,UP
091571250553191,UP
091571250574468,UP
091571250595745,UP
091571250617021,UP
091571250638298,UP
091571250659574,UP
091571250680851,UP
091571250702128,UP
091571250723404,UP
091571250744681,UP
091571250765957,DOWN
091571250787234,DOWN
091571250808511,DOWN
091571250829787,UP
091571250851064,DOWN
09157125087234,DOWN
091571250893617,DOWN
091571250914894,DOWN
09157125093617,DOWN
091571250957447,DOWN
091571250978723,DOWN
0915712510,DOWN
0915756600,DOWN
091575660021277,DOWN
091575660042553,DOWN
09157566006383,DOWN
091575660085106,DOWN
091575660106383,DOWN
09157566012766,DOWN
091575660148936,DOWN
091575660170213,DOWN
091575660191489,DOWN
091575660212766,DOWN
091575660234043,DOWN
091575660255319,DOWN
091575660276596,UP
091575660297872,UP
091575660319149,UP
091575660340426,UP
091575660361702,UP
091575660382979,UP
091575660404255,UP
091575660425532,UP
091575660446809,UP
091575660468085,UP
091575660489362,UP
091575660510638,UP
091575660531915,UP
091575660553191,UP
091575660574468,DOWN
091575660595745,DOWN
091575660617021,DOWN
091575660638298,UP
091575660659574,UP
091575660680851,UP
091575660702128,DOWN
091575660723404,UP
091575660744681,DOWN
091575660765957,DOWN
091575660787234,DOWN
091575660808511,DOWN
091575660829787,DOWN
091575660851064,DOWN
09157566087234,DOWN
091575660893617,UP
091575660914894,UP
09157566093617,UP
091575660957447,UP
091575660978723,UP
0915756610,UP
09158700,DOWN
0915870021277,DOWN
0915870042553,UP
091587006383,DOWN
0915870085106,DOWN
0915870106383,DOWN
091587012766,DOWN
0915870148936,DOWN
0915870170213,DOWN
0915870191489,DOWN
0915870212766,DOWN
0915870234043,DOWN
0915870255319,DOWN
0915870276596,DOWN
0915870297872,DOWN
0915870319149,DOWN
0915870340426,UP
0915870361702,UP
0915870382979,UP
0915870404255,UP
0915870425532,UP
0915870446809,DOWN
0915870468085,UP
0915870489362,DOWN
0915870510638,DOWN
0915870531915,DOWN
0915870553191,DOWN
0915870574468,DOWN
0915870595745,DOWN
0915870617021,DOWN
0915870638298,DOWN
0915870659574,DOWN
0915870680851,DOWN
0915870702128,DOWN
0915870723404,DOWN
0915870744681,DOWN
0915870765957,DOWN
0915870787234,DOWN
0915870808511,DOWN
0915870829787,UP
0915870851064,DOWN
091587087234,DOWN
0915870893617,DOWN
0915870914894,DOWN
091587093617,DOWN
0915870957447,DOWN
0915870978723,UP
09158710,DOWN
